Workbook
Name _Toc375818453: SA!#REF!
Name _Toc375818454: SA!#REF!
Name _Toc375818456: SA!#REF!

Sheet 设备参数数据表
A1: 分类 | B1: 节点 | C1: 英文名称 | D1: 中文名称 | E1: 取值范围 | F1: 默认值 | G1: 类型 | H1: OAM读写权限 | I1: 网管读写权限 | J1: 前置条件 | K1: 后置影响 | L1: 注意事项 | M1: 规范/厂家定义
A2: OAM/专业/系统 | B2: 专业 | E2: （包括单位） | H2: 专业写 | I2: OAM/系统写 | J2: 专业/算法/系统 | K2: 专业/算法/系统 | L2: 填写参数的功能描述和特殊注意事项
B3: 网管信息参数表 | C3: IuhIpAddr | D3: AU板iuh口IP | G3: String(20) | I3: RW | L3: AU板iuh口IP，IP协议层所使用的IP。
B4: 网管信息参数表 | C4: IuhPort | D4: AU板iuh口port | G4: unsignedInt | I4: RW | L4: AU板iuh口port。
A5: 不在网管上显示 | B5: 网管信息参数表 | C5: SrcIpAddr | D5: AU板上层源ip | G5: String | L5: AU板上层源ip。未有用到。
A6: 不在网管上显示 | B6: 网管信息参数表 | C6: SrcPort | D6: AU板上层源port | G6: unsignedInt | L6: AU板上层源port，未有用到。
B7: 网管信息参数表 | C7: FapAddr1 | D7: GU网关ip | G7: String(20) | I7: RW | L7: GU网关ip 一
B8: 网管信息参数表 | C8: FapAddr2 | D8: GU网关ip | G8: String(20) | I8: RW | L8: GU网关ip 二（未有用到）
A9: 不在网管上显示 | B9: 网管信息参数表 | C9: FapAddr3 | D9: GU网关ip | G9: String | L9: GU网关ip 三（未有用到）
B10: 网管信息参数表 | C10: SecIpAddr1 | D10: 安全网关ip1 | G10: String(20) | I10: RW | L10: 安全网关ip一。
B11: 网管信息参数表 | C11: SecIpAddr2 | D11: 安全网关ip2 | G11: String(20) | I11: RW | L11: 安全网关ip二（未有用到）
A12: 不在网管上显示 | B12: 网管信息参数表 | C12: SecIpAddr3 | D12: 安全网关ip3 | G12: String | L12: 安全网关ip三（未有用到）
B13: 网管信息参数表 | C13: Seckey | D13: 安全网关建立密钥 | G13: String(64) | I13: R | L13: 安全网关建立密钥
B14: 网管信息参数表 | C14: SecUseImsi | D14: 建立安全网关imsi | G14: String(16) | I14: R | L14: 建立安全网关imsi
B15: 网管信息参数表 | C15: FapPort | D15: GU网关port | E15: 0~4294967295 | F15: 29169 | G15: unsignedInt | I15: RW | L15: GU网关port。
B16: 网管信息参数表 | C16: IpSecStartAllowedInd | D16: IPSec是否启动开关 | E16: true、false | F16: true | G16: boolean | I16: RW | L16: IpSec开关。 取值false：关闭Ipsec功能 取值true：打开Ipsec功能
B17: 网管信息参数表 | C17: IpSecRekeyTime | D17: ipSec rekey时间 | E17: 0~4294967295(分钟） | F17: 80000 | G17: unsignedInt | I17: RW | L17: IpSec重协商时间。单位：分钟
B18: 网管信息参数表 | C18: IpSecSaLifetime | D18: IPSec SA的生命周期 | E18: 0~4294967295（秒） | F18: 30 | G18: unsignedInt | I18: RW | L18: IPSec SA的生命周期。单位：秒
B19: 网管信息参数表 | C19: IpSecLivenessTimeInterval | D19: liveness时间间隔 | G19: unsignedInt | I19: RW | L19: liveness时间间隔。
A20: 不在网管上显示 | B20: 网管信息参数表 | C20: FapPcSocketIpAddr | D20: 调试日志放置设备IP | G20: String | L20: 调试日志放置设备IP（调试电脑）
A21: 不在网管上显示 | B21: 网管信息参数表 | C21: FapPcSocketPort | D21: 调试日志放置设备端口 | G21: unsignedInt | L21: 调试日志放置设备端口（调试电脑）
B22: 网管信息参数表 | C22: RealIpAddrToPing | D22: 用于ping功能的真实站点IpAddr | G22: String | I22: R | L22: 用于ping功能的真实站点IpAddr
B23: 网管信息参数表 | C23: GateWaySupported | D23: 指示当前所要连接的网关能力 | G23: unsignedInt | I23: RW | L23: 用于指示当前所要连接的网关能力 取值0：网关支持E1+Surf 取值1：网关支持STM-1+ATCA9100 取值2：网关支持AoIP
B24: 网管信息参数表 | C24: Mode | D24: 认证模式 | E24: 0~2 | G24: int | I24: RW | L24: mode为0,为PSK认证，mode为1为usim卡认证，mode为2为sim卡证（预留），-1为非法值，mode为其它值暂时保留
B25: 公共参数表 | C25: AuId | D25: AU注册是使用的基站Id | E25: 0~65535 | G25: unsignedInt | I25: RW | L25: AU注册是使用的基站Id。 取值范围：0~65535
B26: 公共参数表 | C26: A50 | D26: 是否支持A5_0类型加密 | E26: true、false | F26: true | G26: boolean | I26: RW | L26: 物理层是否支持A5_0类型加密。 取值false：不支持 取值true：支持
B27: 公共参数表 | C27: A51 | D27: 是否支持A5_1类型加密 | E27: true、false | F27: true | G27: boolean | I27: RW | L27: 物理层是否支持A5_1类型加密。 取值false：不支持 取值true：支持
B28: 公共参数表 | C28: A52 | D28: 是否支持A5_2类型加密 | E28: true、false | F28: true | G28: boolean | I28: RW | L28: 物理层是否支持A5_2类型加密。 取值false：不支持 取值true：支持
B29: 公共参数表 | C29: A53 | D29: 是否支持A5_3类型加密 | E29: true、false | F29: true | G29: boolean | I29: RW | L29: 物理层是否支持A5_3类型加密。 取值false：不支持 取值true：支持
B30: 公共参数表 | C30: A54 | D30: 是否支持A5_4类型加密 | E30: true、false | F30: false | G30: boolean | I30: RW | L30: 物理层是否支持A5_4类型加密。 取值false：不支持 取值true：支持
B31: 公共参数表 | C31: A55 | D31: 是否支持A5_5类型加密 | E31: true、false | F31: false | G31: boolean | I31: RW | L31: 物理层是否支持A5_5类型加密。 取值false：不支持 取值true：支持
B32: 公共参数表 | C32: A56 | D32: 是否支持A5_6类型加密 | E32: true、false | F32: false | G32: boolean | I32: RW | L32: 物理层是否支持A5_6类型加密。 取值false：不支持 取值true：支持
B33: 公共参数表 | C33: A57 | D33: 是否支持A5_7类型加密 | E33: true、false | F33: false | G33: boolean | I33: RW | L33: 物理层是否支持A5_7类型加密。 取值false：不支持 取值true：支持
A34: 不在网管上显示 | B34: 公共参数表 | C34: AuUserAccessMax | D34: 户型允许接入的用户数上限 | G34: unsignedInt | L34: 根据户型允许接入的用户数上限。 该参数上层暂时未有使用，保留。
A35: 不在网管上显示 | B35: 公共参数表 | C35: AuAlowPwrMax | D35: 户型允许最大发射功率 | G35: unsignedInt | L35: 根据户型允许最大发射功率 该参数上层暂时未有使用，保留。
B36: 公共参数表 | C36: LogTotalSize | D36: 单个日志文件大小 | E36: 0~4294967295(KByte) | F36: 3*1024 | G36: unsignedInt | I36: RW | L36: 日志文件的总大小，以1k Byte为单位
A37: 不在网管上显示 | B37: 公共参数表 | C37: LogTxtNumberMax | D37: 同类型日志文件存储最大文件个数 | G37: unsignedInt | L37: 同类型日志文件存储最大文件个数。 该参数上层暂时未有使用，保留。
B38: 公共参数表 | C38: LogOutputLevel | D38: 日志输出类型 | E38: 0~4 | F38: 1 | G38: unsignedInt | I38: RW | L38: 日志输出级别。 取值范围：0~4 取值0：DEBUG 取值1：INFO 取值2：TRACE 取值3：WARN 取值4：ERROR
A39: 不在网管上显示 | B39: 公共参数表 | C39: AuProductType | D39: Au产品类型 | L39: Au产品类型,取值范围：0~3 取值0：普通型原型机产品 取值1：企业级大容量产品 取值2：企业级eNB 3+1产品 取值3：普通型降成本产品
A40: 不在网管上显示 | B40: 公共参数表 | C40: AuRfWorkBandCapability | D40: 基站射频支持的工作频段能力 | E40: 0~3 | F40: 0 | G40: unsignedInt | L40: 基站射频支持的工作频段能力，取值范围：0~3 取值0：基站支持1800工作频段 取值1：基站支持900工作频段 取值2：基站支持900E工作频段 取值3：基站支持1900工作频段
A41: 不在网管上显示 | B41: 公共参数表 | C41: auRtpMultiplexInd | D41: 基站是否支持rtp复用 | E41: true、false | F41: false | L41: 基站是否支持rtp复用 取值范围：0和1 0代表不支持 1代表支持
B42: 接入管理 | C42: AccMode | D42: 标识AU接入模式 | E42: 0~2 | F42: 2 | G42: unsignedInt | I42: RW | L42: 标识AU接入模式。 取值范围：0、1、2 取值0：白名单有效； 取值1：是黑名单有效； 取值2：黑白名单都无效
A43: 不在网管上显示 | B43: 接入管理 | C43: NonCSGAccDecision | D43: 判断非CSG模式的UE接入
A44: 不在网管上显示 | B44: 接入管理 | C44: CsgMembershipDeterminedLocally | D44: 判断CSG模式的UE接入
A45: 不在网管上显示 | B45: 接入管理 | C45: HnbIdentifier | D45: 广播HomeNodeBIdentifier
A46: 不在网管上显示 | B46: 接入管理 | C46: HomeZoneName | D46: 运营商定义的ASCII字符串
A47: 不在网管上显示 | B47: 接入管理 | C47: MaxConcurrentCSGUsers | D47: 同时接入FAP的CSG可能用户的最大数
A48: 不在网管上显示 | B48: 接入管理 | C48: CsgId | D48: 封闭用户组的接入控制列表
B49: 接入管理 | C49: AccessControlList | D49: 白名单IMSI列表 | G49: String(1024) | I49: RW | L49: 接入控制表ACL.用逗号分隔的IMSI列表,每个IMSI最多可以有15个数字
A50: 不在网管上显示 | B50: 接入管理 | C50: BlackControlList | D50: 黑名单IMSI列表
A51: 不在网管上显示 | B51: 接入管理 | C51: MaxMemberDetailEntries | D51: maxMemberDetailEntries
A52: 不在网管上显示 | B52: 接入管理 | C52: MemberDetailNumberOfEntries | D52: memberDetailNumberOfEntries
A53: 不在网管上显示 | B53: UE状态管理参数（欢迎短信） | C53: PeriodicUploadEnable | D53: 周期性上传UE注册信息
A54: 不在网管上显示 | B54: UE状态管理参数（欢迎短信） | C54: UploadURL | D54: 周期上传的URL路径
A55: 不在网管上显示 | B55: UE状态管理参数（欢迎短信） | C55: UserName | D55: 周期上传连接的用户名
A56: 不在网管上显示 | B56: UE状态管理参数（欢迎短信） | C56: PassWord | D56: 周期上传连接的密码
A57: 不在网管上显示 | B57: UE状态管理参数（欢迎短信） | C57: PeriodicUploadIntervall | D57: 周期上传的间隔
A58: 不在网管上显示 | B58: UE状态管理参数（欢迎短信） | C58: PeriodicUploadTime | D58: 周期性上传的时间
B59: UE状态管理参数（欢迎短信） | C59: SmsPeriod | D59: 欢迎短信发送间隔周期 | E59: 0~72(小时） | F59: 24 | G59: unsignedInt | I59: RW | L59: 欢迎短信发送间隔周期，以小时为单位。 取值范围：0~72小时
B60: UE状态管理参数（欢迎短信） | C60: SendSMSType | D60: 控制FAP广播短信(是否发送欢迎短信标志) | E60: true、false | F60: true | G60: boolean | I60: RW | L60: 是否发送欢迎短信标志，False不发送欢迎短信，欢迎短信开关。 取值true：发送欢迎短信 取值false：不发送欢迎短信
B61: UE状态管理参数（欢迎短信） | C61: SmsInform | D61: FAP广播短信内容 | G61: String(640) | I61: RW | L61: 欢迎短信内容，最多140字，2条短信内容，如是符号需用转义字符（如短号用\0表示），遇’\0’结束。
B62: UE状态管理参数（欢迎短信） | C62: SmsSenderNumber | D62: 短信发送主叫号码 | G62: String(32) | I62: RW | L62: 欢迎短信所显示的发送方号码，如10086，遇’\0’结束。
A63: 不在网管上显示 | B63: UE状态管理参数（欢迎短信） | C63: HnbIdentifier | D63: 将广播HomeNodeBIdentifier，供UE显示
A64: 不在网管上显示 | B64: UE状态管理参数（欢迎短信） | C64: HomeZoneName | D64: 家庭区域名称.运营商定义的ASCII字符串
A65: 不在网管上显示 | B65: UE状态管理参数（欢迎短信） | C65: MaxConcurrentCSGUsers | D65: 同时接入FAP的CSG可能用户的最大数
A66: 不在网管上显示 | B66: UE状态管理参数（欢迎短信） | C66: MaxMemberDetailEntries | D66: maxMemberDetailEntries
A67: 不在网管上显示 | B67: UE状态管理参数（欢迎短信） | C67: MemberDetailNumberOfEntries | D67: memberDetailNumberOfEntries
A68: 整个结构体都不显示在网管上 | B68: 网关连接状态参数表
A69: 整个结构体都不显示在网管上 | B69: 设备参数表
A70: 整个结构体都不显示在网管上 | B70: 接入控制参数表
A71: 整个结构体都不显示在网管上 | B71: NTP时间同步参数
A72: 整个结构体都不显示在网管上 | B72: 解广播参数

Sheet 修订历史
C2: 中国电信5G小基站南向接口数据模型修改记录
A4: 版本 | B4: 日期 | C4: 修订内容 | D4: 修订人
A5: v1.0.0 | B5: 44565 | C5: 创建初稿 | D5: 李慧云
A6: v2.0.0 | B6: 44648 | C6: 增加了ST：Qos参数管理 | D6: 李慧云
A7: V2.0.1 | B7: 44650 | C7: SA： Device.DeviceInfo.MU.{i}.ClockSyncmode修改为Device.DeviceInfo.MU.{i}.ClockSyncMode SG: 删掉了以下参数： Device.Services.FAPService.{i}.FAPControl.NR.AMFPoolConfigParam.{i}.LocalUpIPAddress Device.Services.FAPService.{i}.FAPControl.NR.AMFPoolConfigParam.{i}.LocalUpIPV6Address Device.Services.FAPService.{i}.FAPControl.NR.AMFPoolConfigParam.{i}.LocalCpIPAddress Device.Services.FAPService.{i}.FAPControl.NR.AMFPoolConfigParam.{i}.LocalCpIPV6Address SK： 新增以下参数： Device.Services.FAPService.{i}.CellConfig.{i}.NR.RAN.PHY.RfConfig.FrequencyInfoDl.AbsoluteFrequencySSB SO: Device.Ethernet.Interface.{i}.IPv4Address.{i}.PortType的读写属性从R变为RW Device.Ethernet.Interface.{i}.IPv6Address.{i}.PortType的读写属性从R变为RW Device.Ethernet.Interface.{i}.VlanInterface.{i}.IPv4Address.{i}.PortType的读写属性从R变为RW Device.Ethernet.Interface.{i}.VlanInterface.{i}.IPv6Address.{i}.PortType的读写属性从R变为RW | D7: 李慧云
A8: V2.0.2 | B8: 44672 | C8: SA： 修改了对Device.DeviceInfo.MU.{i}.Slot.{i}.EU.{i}.RouteIndex的描述 修改了对Device.DeviceInfo.MU.{i}.Slot.{i}.EU.{i}.RU.{i}.RouteIndex的描述 Device.DeviceInfo.MU.{i}.Slot.{i}.EU.{i}.RU.{i}.*的限定修改为MC 新增扩展型基站-扩展远端单元（ERU）参数管理 新增扩展型基站-拉远覆盖增强单元（DRU）参数管理 SL： Device.Services.FAPService.{i}.CellConfig.{i}.NR.RAN.NeighborList.NRCell.{i}.NoHO Device.Services.FAPService.{i}.CellConfig.{i}.NR.RAN.NeighborList.NRCell.{i}.NoRemove Device.Services.FAPService.{i}.CellConfig.{i}.NR.RAN.NeighborList.NRCell.{i}.NoXn 修改为： Device.Services.FAPService.{i}.CellConfig.{i}.NR.RAN.NeighborList.NRCell.{i}.NoHOEnable Device.Services.FAPService.{i}.CellConfig.{i}.NR.RAN.NeighborList.NRCell.{i}.NoRemoveEnable Device.Services.FAPService.{i}.CellConfig.{i}.NR.RAN.NeighborList.NRCell.{i}.NoXnEnable Device.Services.FAPService.{i}.CellConfig.{i}.NR.RAN.NeighborList.LTECell.{i}.NoHO Device.Services.FAPService.{i}.CellConfig.{i}.NR.RAN.NeighborList.LTECell.{i}.NoRemove Device.Services.FAPService.{i}.CellConfig.{i}.NR.RAN.NeighborList.LTECell.{i}.NoX2 修改为： Device.Services.FAPService.{i}.CellConfig.{i}.NR.RAN.NeighborList.LTECell.{i}.NoHOEnable Device.Services.FAPService.{i}.CellConfig.{i}.NR.RAN.NeighborList.LTECell.{i}.NoRemoveEnable Device.Services.FAPService.{i}.CellConfig.{i}.NR.RAN.NeighborList.LTECell.{i}.NoX2Enable | D8: 李慧云
A9: V2.0.3 | B9: 44673 | C9: SB： 增加以下节点： Device.DeviceInfo.AdditionalHardwareVersion Device.DeviceInfo.AdditionalSoftwareVersion Device.DeviceInfo.DataModelSpecVersion SG： 删除以下节点： Device.Services.FAPService.{i}.FAPControl.NR.AMFPoolConfigParam.{i}.SCTPInstId Device.Services.FAPService.{i}.FAPControl.NR.XnIpAddrMapInfo.{i}.SCTPInstId Device.Services.FAPService.{i}.FAPControl.NR.X2IpAddrMapInfo.{i}.SCTPInstId SK：增加以下节点： Device.Services.FAPService.{i}.CellConfig.{i}.NR.RAN.PHY.BWP.BWPUL.{i}.PUSCH.UlAdditionalDmrsPos Device.Services.FAPService.{i}.CellConfig.{i}.NR.RAN.PHY.BWP.BWPDL.{i}.PDSCH.DlAdditionalDmrsPos SM：增加以下节点： Device.Services.FAPService.{i}.CellConfig.{i}.NR.RAN.Mobility.ConnMode.NR.ReportCGI.{i}.PhysCellId SN： SCTP修改为单实例 去掉节点：Device.Services.FAPService.{i}.Transport.SCTP.{i}.SctpID SR: 增加以下节点： Device.FAP.MRMgmt.Config.{i}.MRNCGIList Device.FAP.MRMgmt.Config.{i}.PrbNum Device.FAP.MRMgmt.Config.{i}.SubFrameNum Device.FAP.MRMgmt.Config.{i}.MeasureItems ST： 以下节点的限定性从O修改为M： Device.Services.FAPService.{i}.CellConfig.{i}.NR.NGC.QoS.{i}.PDCP.SNSizeUL Device.Services.FAPService.{i}.CellConfig.{i}.NR.NGC.QoS.{i}.PDCP.SNSizeDL Device.Services.FAPService.{i}.CellConfig.{i}.NR.NGC.QoS.{i}.PDCP.DiscardTimer Device.Services.FAPService.{i}.CellConfig.{i}.NR.NGC.QoS.{i}.RLC.AM.SNSize Device.Services.FAPService.{i}.CellConfig.{i}.NR.NGC.QoS.{i}.RLC.UM.SNSize | D9: 李慧云
A10: V2.0.4 | B10: 44673 | C10: SO： 增加本地路由配置管理参数： Device.Ethernet.IpRoute.{i}.IpVer Device.Ethernet.IpRoute.{i}.DstIpNetwork Device.Ethernet.IpRoute.{i}.PrefixLength Device.Ethernet.IpRoute.{i}.GatewayIpAddress Device.Ethernet.IpRoute.{i}.InterfaceName 以下节点的限定从M修改为MC： Device.Ethernet.Interface.{i}.VlanInterface.{i}.IPv6Address.{i}.IPAddress Device.Ethernet.Interface.{i}.VlanInterface.{i}.IPv6Address.{i}.PrefixLength Device.Ethernet.Interface.{i}.VlanInterface.{i}.IPv6Address.{i}.Origin Device.Ethernet.Interface.{i}.VlanInterface.{i}.IPv6Address.{i}.DefaultGateway Device.Ethernet.Interface.{i}.VlanInterface.{i}.IPv6Address.{i}.PortType | D10: 李慧云
A11: V2.0.5 | B11: 44675 | C11: SI增加以下节点参数： Device.Services.FAPService.{i}.FAPControl.SelfConfig.Startup.Stage Device.Services.FAPService.{i}.FAPControl.SelfConfig.Startup.Status Device.Services.FAPService.{i}.FAPControl.SelfConfig.Startup.FailureCause | D11: 李慧云
A12: V2.0.6 | B12: 44685 | C12: SA增加以下节点参数： Device.DeviceInfo.MU.{i}.Slot.{i}.EU.{i}.ERU.{i}.DRU.{i}.DeviceId 修正了部分参数的数据类型 | D12: 李慧云
A13: V2.0.7 | B13: 44687 | C13: SK：修正了部分参数的数据类型，和行标保持一致 SR：Device.FAP.MRMgmt.Config.{i}.UploadPeriod的数据类型修改为15及15的倍数 | D13: 李慧云
A14: V2.0.8 | B14: 44698 | C14: SJ: Device.Services.FAPService.{i}.CellConfig.{i}.NR.VoNR.VoNRList.{i}.PLMNID Device.Services.FAPService.{i}.CellConfig.{i}.NR.VoNR.VoNRList.{i}.VoSupport Device.Services.FAPService.{i}.CellConfig.{i}.NR.VoNR.VoNRList.{i}.Vo5qi 限定性从O修改为M | D14: 李慧云
A15: V2.0.9 | B15: 44703 | C15: 1、SB:删除以下参数 Device.DeviceInfo.AccessCtrl.UeNumber Device.DeviceInfo.AccessCtrl.AccessTimelen Device.DeviceInfo.AccessCtrl.CtrlState Device.DeviceInfo.Status去掉“离线”状态的上报 2、SK：删除以下参数 Device.Services.FAPService.{i}.CellConfig.{i}.NR.RAN.PHY.FrequencyInfoULSIB.AbsoluteFrequencyPointA 3、删除高速场景相关的参数 SM： Device.Services.FAPService.{i}.CellConfig.{i}.NR.RAN.Mobility.IdleMode.Common.SpeedStateReselectionPars.Enable Device.Services.FAPService.{i}.CellConfig.{i}.NR.RAN.Mobility.IdleMode.Common.SpeedStateReselectionPars.MobState.TEvaluation Device.Services.FAPService.{i}.CellConfig.{i}.NR.RAN.Mobility.IdleMode.Common.SpeedStateReselectionPars.MobState.THystNormal Device.Services.FAPService.{i}.CellConfig.{i}.NR.RAN.Mobility.IdleMode.Common.SpeedStateReselectionPars.MobState.NCellChangeHigh Device.Services.FAPService.{i}.CellConfig.{i}.NR.RAN.Mobility.IdleMode.Common.SpeedStateReselectionPars.MobState.NCellChangeMedium Device.Services.FAPService.{i}.CellConfig.{i}.NR.RAN.Mobility.IdleMode.Common.SpeedStateReselectionPars.QHystSF.SFMedium Device.Services.FAPService.{i}.CellConfig.{i}.NR.RAN.Mobility.IdleMode.Common.SpeedStateReselectionPars.QHystSF.SFHigh Device.Services.FAPService.{i}.CellConfig.{i}.NR.RAN.Mobility.IdleMode.IntraFreq.TReselectionNRSF.Enable Device.Services.FAPService.{i}.CellConfig.{i}.NR.RAN.Mobility.IdleMode.IntraFreq.TReselectionNRSF.SFHigh Device.Services.FAPService.{i}.CellConfig.{i}.NR.RAN.Mobility.IdleMode.IntraFreq.TReselectionNRSF.SFMedium Device.Services.FAPService.{i}.CellConfig.{i}.NR.RAN.Mobility.IdleMode.InterFreq.Carrier.{i}.TReselectionNRSF.Enable Device.Services.FAPService.{i}.CellConfig.{i}.NR.RAN.Mobility.IdleMode.InterFreq.Carrier.{i}.TReselectionNRSF.SFHigh Device.Services.FAPService.{i}.CellConfig.{i}.NR.RAN.Mobility.IdleMode.InterFreq.Carrier.{i}.TReselectionNRSF.SFMedium Device.Services.FAPService.{i}.CellConfig.{i}.NR.RAN.Mobility.IdleMode.EUTRA.TReselectionSF.Enable Device.Services.FAPService.{i}.CellConfig.{i}.NR.RAN.Mobility.IdleMode.EUTRA.TReselectionSF.SFHigh Device.Services.FAPService.{i}.CellConfig.{i}.NR.RAN.Mobility.IdleMode.EUTRA.TReselectionSF.SFMedium 4、SS： Device.FAP.PerfMgmt.Config.{i}.PeriodicUploadInterval 文件上传周期间隔去掉600的周期 5、数据模型中的dateTime统一为UTC时间 6、修改了部分数据参数的限定性说明 7、SK删除以下配置参数 Device.Services.FAPService.{i}.CellConfig.{i}.NR.RAN.PHY.BWP.BWPDL.{i}.PDSCH.ResourceAllocationAdaptiveValue Device.Services.FAPService.{i}.CellConfig.{i}.NR.RAN.PHY.BWP.BWPDL.{i}.PDCCH..ControlResourceSetToAddModList.{i}.DciType Device.Services.FAPService.{i}.CellConfig.{i}.NR.RAN.PHY.BWP.BWPUL.{i}.PUCCHPowerControl.PucchPcSwitch Device.Services.FAPService.{i}.CellConfig.{i}.NR.RAN.PHY.BWP.BWPUL.{i}.PUSCHPowerControl.PuschPcSwitch Device.Services.FAPService.{i}.CellConfig.{i}.NR.RAN.PHY.PowerControl.PhrModeOtherCg Device.Services.FAPService.{i}.CellConfig.{i}.NR.RAN.UserLabel SK参数名称修改： Device.Services.FAPService.{i}.CellConfig.{i}.NR.RAN.PHY.MAC.LinkAdaptation.Reserved.McsForDbch修改为Device.Services.FAPService.{i}.CellConfig.{i}.NR.RAN.PHY.MAC.LinkAdaptation.Reserved.McsForSIB1 Device.Services.FAPService.{i}.CellConfig.{i}.NR.RAN.PHY.MAC.Dl.DlLayers修改为Device.Services.FAPService.{i}.CellConfig.{i}.NR.RAN.PHY.MAC.Dl.DlMaxLayers Device.Services.FAPService.{i}.CellConfig.{i}.NR.RAN.PHY.MAC.Ul.UlLayers修改为Device.Services.FAPService.{i}.CellConfig.{i}.NR.RAN.PHY.MAC.Ul.UlMaxLayers SK参数的数据类型修改： Device.Services.FAPService.{i}.CellConfig.{i}.NR.RAN.PHY.MAC.Dl.DlMaxLayers 约束修改为(1~8) Device.Services.FAPService.{i}.CellConfig.{i}.NR.RAN.PHY.MAC.Ul.UlMaxLayers 约束修改为(1~4) Device.Services.FAPService.{i}.CellConfig.{i}.NR.RAN.PHY.MAC.Ul.MaxHarqReTx 约束修改为(0~9) | D15: 李慧云

Sheet 封面
B3: TD-LTE NanoCell南向数据配置模型规范(推荐版)
B5: 概述（详细问题请查阅正文内容）：
B6: TD-LTE NanoCell南向数据配置模型规范(推荐版)
B7: 文档适应的产品 | D7: 移动 NanoCell
B10: 文档详细信息 | D10: 版本 | E10: 作者 | F10: 时间 | G10: 来源 | H10: 注释
B11: TD-LTE NanoCell网管数据模型规范(初稿) | D11: 首发 | E11: 京信团队 | F11: 42535
G15: 京信通信系统（广州）有限公司

Sheet 目录
A1: 索引 | B1: 参数管理类别 | C1: 参数管理说明 | D1: 必选（M）类属性数 | E1: 条件必选（MC）类属性数 | F1: 可选（O)类属性数 | G1: 小计
A2: SA | B2: DeviceInfo | C2: 扩展型基站设备信息参数管理 | D2: =COUNTIF(SA!$E:$E,"M") -> 56 | E2: =COUNTIF(SA!$E:$E,"MC") -> 49 | F2: =COUNTIF(SA!$E:$E,"O") -> 0 | G2: =SUM($D2:$F2) -> 105
A3: SB | B3: DeviceInfo | C3: 一体化基站设备信息参数管理 | D3: =COUNTIF(SB!$E:$E,"M") -> 20 | E3: =COUNTIF(SB!$E:$E,"MC") -> 0 | F3: =COUNTIF(SB!$E:$E,"O") -> 0 | G3: =SUM($D3:$F3) -> 20
A4: SC | B4: SoftwareCtrl | C4: 软件版本参数管理 | D4: =COUNTIF(SC!$E:$E,"M") -> 3 | E4: =COUNTIF(SC!$E:$E,"MC") -> 0 | F4: =COUNTIF(SC!$E:$E,"O") -> 2 | G4: =SUM($D4:$F4) -> 5
A5: SD | B5: ManagementServer | C5: 基站网管参数管理 | D5: =COUNTIF(SD!$E:$E,"M") -> 10 | E5: =COUNTIF(SD!$E:$E,"MC") -> 0 | F5: =COUNTIF(SD!$E:$E,"O") -> 9 | G5: =SUM($D5:$F5) -> 19
A6: SE | B6: FaultMgmt | C6: 告警参数管理 | D6: =COUNTIF(SE!$E:$E,"M") -> 59 | E6: =COUNTIF(SE!$E:$E,"MC") -> 0 | F6: =COUNTIF(SE!$E:$E,"O") -> 0 | G6: =SUM($D6:$F6) -> 59
A7: SF | B7: DeviceLogMgmt | C7: 日志参数管理 | D7: =COUNTIF(SF!$E:$E,"M") -> 5 | E7: =COUNTIF(SF!$E:$E,"MC") -> 0 | F7: =COUNTIF(SF!$E:$E,"O") -> 1 | G7: =SUM($D7:$F7) -> 6
A8: SG | B8: Services.FAPService.{i}.FAPControl.NR | C8: 基站配置参数管理 | D8: =COUNTIF(SG!$E:$E,"M") -> 29 | E8: =COUNTIF(SG!$E:$E,"MC") -> 0 | F8: =COUNTIF(SG!$E:$E,"O") -> 16 | G8: =SUM($D8:$F8) -> 45
A9: SH | B9: Services.FAPService.{i}.Capabilities.NR | C9: 基站能力参数管理 | D9: =COUNTIF(SH!$E:$E,"M") -> 1 | E9: =COUNTIF(SH!$E:$E,"MC") -> 0 | F9: =COUNTIF(SH!$E:$E,"O") -> 0 | G9: =SUM($D9:$F9) -> 1
A10: SI | B10: Services.FAPService.{i}.FAPControl.NR.SelfConfig.SONConfigParam | C10: SON参数管理 | D10: =COUNTIF(SI!$E:$E,"M") -> 3 | E10: =COUNTIF(SI!$E:$E,"MC") -> 17 | F10: =COUNTIF(SI!$E:$E,"O") -> 17 | G10: =SUM($D10:$F10) -> 37
A11: SJ | B11: Services.FAPService.{i}.CellConfig.{i}.NR | C11: 小区服务参数管理（总体） | D11: =COUNTIF(SJ!$E:$E,"M") -> 39 | E11: =COUNTIF(SJ!$E:$E,"MC") -> 0 | F11: =COUNTIF(SJ!$E:$E,"O") -> 34 | G11: =SUM($D11:$F11) -> 73
A12: SK | B12: Services.FAPService.{i}.CellConfig.{i}.NR.RAN | C12: RAN协议栈参数 | D12: =COUNTIF(SK!$E:$E,"M") -> 120 | E12: =COUNTIF(SK!$E:$E,"MC") -> 130 | F12: =COUNTIF(SK!$E:$E,"O") -> 15 | G12: =SUM($D12:$F12) -> 265
A13: SL | B13: Services.FAPService.{i}.CellConfig.{i}.NR.RAN.NeighborList | C13: 邻区参数管理 | D13: =COUNTIF(SL!$E:$E,"M") -> 24 | E13: =COUNTIF(SL!$E:$E,"MC") -> 8 | F13: =COUNTIF(SL!$E:$E,"O") -> 0 | G13: =SUM($D13:$F13) -> 32
A14: SM | B14: Services.FAPService.{i}.CellConfig.{i}.NR.RAN.Mobility | C14: 移动性参数管理 | D14: =COUNTIF(SM!$E:$E,"M") -> 128 | E14: =COUNTIF(SM!$E:$E,"MC") -> 59 | F14: =COUNTIF(SM!$E:$E,"O") -> 63 | G14: =SUM($D14:$F14) -> 250
A15: SN | B15: Services.FAPService.{i}.Transport.SCTP | C15: SCTP参数管理 | D15: =COUNTIF(SN!$E:$E,"M") -> 9 | E15: =COUNTIF(SN!$E:$E,"MC") -> 0 | F15: =COUNTIF(SN!$E:$E,"O") -> 0 | G15: =SUM($D15:$F15) -> 9
A16: SO | B16: Ethernet.Interface | C16: WAN口配置参数管理 | D16: =COUNTIF(SO!$E:$E,"M") -> 20 | E16: =COUNTIF(SO!$E:$E,"MC") -> 11 | F16: =COUNTIF(SO!$E:$E,"O") -> 5 | G16: =SUM($D16:$F16) -> 36
A17: SP | B17: Time | C17: 时间服务器参数管理 | D17: =COUNTIF(SP!$E:$E,"M") -> 5 | E17: =COUNTIF(SP!$E:$E,"MC") -> 0 | F17: =COUNTIF(SP!$E:$E,"O") -> 3 | G17: =SUM($D17:$F17) -> 8
A18: SQ | B18: FAP.GPS | C18: GPS信息参数管理 | D18: =COUNTIF(SQ!$E:$E,"M") -> 0 | E18: =COUNTIF(SQ!$E:$E,"MC") -> 0 | F18: =COUNTIF(SQ!$E:$E,"O") -> 3 | G18: =SUM($D18:$F18) -> 3
A19: SR | B19: FAP.MRMgmt | C19: MR参数管理 | D19: =COUNTIF(SR!$E:$E,"M") -> 0 | E19: =COUNTIF(SR!$E:$E,"MC") -> 13 | F19: =COUNTIF(SR!$E:$E,"O") -> 0 | G19: =SUM($D19:$F19) -> 13
A20: SS | B20: FAP.PerfMgmt | C20: 性能参数管理 | D20: =COUNTIF(SS!$E:$E,"M") -> 10 | E20: =COUNTIF(SS!$E:$E,"MC") -> 0 | F20: =COUNTIF(SS!$E:$E,"O") -> 0 | G20: =SUM($D20:$F20) -> 10
A21: ST | B21: Services.FAPService.{i}.CellConfig.{i}.NR.NGC.QoS. | C21: Qos参数管理 | D21: =COUNTIF(ST!$E:$E,"M") -> 8 | E21: =COUNTIF(ST!$E:$E,"MC") -> 0 | F21: =COUNTIF(ST!$E:$E,"O") -> 24 | G21: =SUM($D21:$F21) -> 32
A22: 合计 | D22: =SUM(D2:D21) -> 549 | E22: =SUM(E2:E21) -> 287 | F22: =SUM(F2:F21) -> 192 | G22: =SUM($D22:$F22) -> 1028

Sheet SA
A1: 归类 | B1: 参数路径 | C1: 英文名称 | D1: 中文名称 | E1: 限定 | F1: 网管读写权限 | G1: 类型 | H1: 描述 | I1: 备注
A2: 主机单元（MU）设备信息参数管理 | B2: Device.DeviceInfo.MU.{i}.ManufacturerOUI | C2: ManufacturerOUI | D2: 制造商OUI | E2: M | F2: R | G2: string(6) | H2: /
B3: Device.DeviceInfo.MU.{i}.Manufacturer | C3: Manufacturer | D3: 制造商 | E3: M | F3: R | G3: string(64) | H3: /
B4: Device.DeviceInfo.MU.{i}.ModelName | C4: ModelName | D4: 设备型号 | E4: M | F4: R | G4: string(64) | H4: /
B5: Device.DeviceInfo.MU.{i}.SerialNumber | C5: SerialNumber | D5: 序列号 | E5: M | F5: R | G5: string(64) | H5: /
B6: Device.DeviceInfo.MU.{i}.HardwareVersion | C6: HardwareVersion | D6: 硬件版本 | E6: M | F6: R | G6: string(64) | H6: /
B7: Device.DeviceInfo.MU.{i}.SoftwareVersion | C7: SoftwareVersion | D7: 软件版本 | E7: M | F7: R | G7: string(64) | H7: /
B8: Device.DeviceInfo.MU.{i}.HardwarePlatform | C8: HardwarePlatform | D8: 硬件平台 | E8: M | F8: R | G8: string(64) | H8: /
B9: Device.DeviceInfo.MU.{i}.AdditionalHardwareVersion | C9: AdditionalHardwareVersion | D9: 附加硬件版本 | E9: M | F9: R | G9: string(64) | H9: /
B10: Device.DeviceInfo.MU.{i}.AdditionalSoftwareVersion | C10: AdditionalSoftwareVersion | D10: 附加软件版本 | E10: M | F10: R | G10: string(64) | H10: /
B11: Device.DeviceInfo.MU.{i}.ProvisioningCode | C11: ProvisioningCode | D11: 供应商代号 | E11: M | F11: R | G11: string(64) | H11: /
B12: Device.DeviceInfo.MU.{i}.ProductClass | C12: ProductClass | D12: 产品分类 | E12: M | F12: R | G12: string(64) | H12: /
B13: Device.DeviceInfo.MU.{i}.Status | C13: Status | D13: 机框/服务器状态 | E13: M | F13: R | G13: unsignedInt[1:3] | H13: 1:正常 2:离线 3:告警
B14: Device.DeviceInfo.MU.{i}.Reboot | C14: Reboot | D14: 重启开关 | E14: M | F14: RW | G14: boolean | H14: 0:不重启 1:重启
B15: Device.DeviceInfo.MU.{i}.UpTime | C15: UpTime | D15: 运行时间 | E15: M | F15: R | G15: unsignedInt | H15: 设备从上次重启后的运行时间，单位：秒 | I15: 0-‭4294967295‬
B16: Device.DeviceInfo.MU.{i}.FirstUseDate | C16: FirstUseDate | D16: 首次使用日期 | E16: M | F16: R | G16: dateTime | H16: UTC时间格式，YYYY-MM-DDTHH:MM:SSZ，例如2012-12-11T09:15:00Z
B17: Device.DeviceInfo.MU.{i}.ClockSource | C17: ClockSource | D17: 时钟源 | E17: M | F17: R | G17: unsignedInt[1:11] | H17: Enumerate{ GPS, GLONASS, BDS, 1588v2, GPS/GLONASS, // GPS 为主，GLONASS 为从 BDS/GPS， GPS/BDS， GALILEO， GPS/GALILEO， GPS/GALILEO/GLONASS, GPS/GALILEO/BDS }
B18: Device.DeviceInfo.MU.{i}.ClockSyncMode | C18: ClockSyncMode | D18: 时钟同步方式 | E18: M | F18: R | G18: unsignedInt[1:3] | H18: 1:空口同步 2:人工同步 3:自动同步
B19: Device.DeviceInfo.MU.{i}.SwUpgrade.Stage | C19: Stage | D19: 升级阶段 | E19: M | F19: R | G19: unsignedInt[1:5] | H19: 1:初始化 2:下载 3:安装 4:等待激活 5.激活
B20: Device.DeviceInfo.MU.{i}.SwUpgrade.Status | C20: Status | D20: 状态 | E20: M | F20: R | G20: unsignedInt[1:3] | H20: 1:成功 2:进行中 3:失败
B21: Device.DeviceInfo.MU.{i}.SwUpgrade.FailureCause | C21: FailureCause | D21: 升级失败原因 | E21: M | F21: R | G21: string | H21: 升级失败原因描述
B22: Device.DeviceInfo.MU.{i}.DateOfManufacture | C22: DateOfManufacture | D22: 生产日期 | E22: M | F22: R | G22: dateTime | H22: UTC时间格式，YYYY-MM-DDTHH:MM:SSZ，例如2012-12-11T09:15:00Z
B23: Device.DeviceInfo.MU.{i}.Slot.{i}.PackPosition | C23: PackPosition | D23: 板卡位置 | E23: M | F23: R | G23: string(64) | H23: 板卡在机框内的相对位置，通常用编号表示。数据格式定义为“机柜-机框-槽号”
B24: Device.DeviceInfo.MU.{i}.Slot.{i}.SlotsOccupied | C24: SlotsOccupied | D24: 占用槽位 | E24: M | F24: R | G24: string(64) | H24: 应表示板卡占用的槽位号列表。（注：一些板卡较宽，可能会占用两个或以上槽位）
B25: Device.DeviceInfo.MU.{i}.Slot.{i}.ManufacturerOUI | C25: ManufacturerOUI | D25: 制造商OUI | E25: M | F25: R | G25: string(6) | H25: /
B26: Device.DeviceInfo.MU.{i}.Slot.{i}.Manufacturer | C26: Manufacturer | D26: 制造商 | E26: M | F26: R | G26: string(64) | H26: /
B27: Device.DeviceInfo.MU.{i}.Slot.{i}.ModelName | C27: ModelName | D27: 设备型号 | E27: M | F27: R | G27: string(64) | H27: /
... B32: Device.DeviceInfo.MU.{i}.Slot.{i}.VendorUnitFamilyType | C32: VendorUnitFamilyType | D32: 板卡类型 | E32: M | F32: R | G32: string(64) | H32: 描述板卡功能类型。List of Enum{ 板卡类型（枚举）}。其中板卡类型的为Enumerate{MainControl，Carrier，Trans，Other}，分别表示主控板、载频板、传输板、其他板卡类型。对跨类型的板卡，列表中应包括该板卡的全部功能类型。（必须上报）
B33: Device.DeviceInfo.MU.{i}.Slot.{i}.UpTime | C33: UpTime | D33: 运行时间 | E33: M | F33: R | G33: unsignedInt | H33: 设备从上次重启后的运行时间，单位：秒 | I33: 0-‭4294967295‬
B34: Device.DeviceInfo.MU.{i}.Slot.{i}.DateOfManufacture | C34: DateOfManufacture | D34: 生产日期 | E34: M | F34: R | G34: dateTime | H34: UTC时间格式，YYYY-MM-DDTHH:MM:SSZ，例如2012-12-11T09:15:00Z
B35: Device.DeviceInfo.MU.{i}.Slot.{i}.DataModelSpecVersion | C35: DataModelSpecVersion | D35: 数据模型版本 | E35: M | F35: R | G35: string | H35: /
B36: Device.DeviceInfo.MU.{i}.Slot.{i}.3GPPSpecVersion | C36: 3GPPSpecVersion | D36: 3GPP协议版本 | E36: M | F36: R | G36: string | H36: /
B37: Device.DeviceInfo.MU.{i}.Slot.{i}.FirstUseDate | C37: FirstUseDate | D37: 首次使用日期 | E37: M | F37: R | G37: dateTime | H37: UTC时间格式，YYYY-MM-DDTHH:MM:SSZ，例如2012-12-11T09:15:00Z
B38: Device.DeviceInfo.MU.{i}.Slot.{i}.Status | C38: Status | D38: 板卡状态 | E38: M | F38: R | G38: unsignedInt[1:3] | H38: 1:正常 2:离线 3:告警
B39: Device.DeviceInfo.MU.{i}.Slot.{i}.Reboot | C39: Reboot | D39: 重启开关 | E39: M | F39: RW | G39: boolean | H39: 0:不重启 1:重启
B40: Device.DeviceInfo.MU.{i}.Slot.{i}.SwUpgrade.Stage | C40: Stage | D40: 升级阶段 | E40: M | F40: R | G40: unsignedInt[1:5] | H40: 1:初始化 2:下载 3:安装 4:等待激活 5.激活
B41: Device.DeviceInfo.MU.{i}.Slot.{i}.SwUpgrade.Status | C41: Status | D41: 状态 | E41: M | F41: R | G41: unsignedInt[1:3] | H41: 1:成功 2:进行中 3:失败
B42: Device.DeviceInfo.MU.{i}.Slot.{i}.SwUpgrade.FailureCause | C42: FailureCause | D42: 升级失败原因 | E42: M | F42: R | G42: string | H42: 升级失败原因描述
A43: 扩展型基站-扩展单元（EU）参数管理 | B43: Device.DeviceInfo.MU.{i}.Slot.{i}.EU.{i}.RouteIndex | C43: RouteIndex | D43: 扩展单元路由指示 | E43: M | F43: R | G43: string(64) | H43: 1.扩展型皮基站主机单元与各扩展单元和远端单元可采用树状组网方式（包含菊花链、星形等）：主机单元为根节点，扩展单元为树枝节点，远端单元为叶节点； 2.本参数指示从扩展型主机单元某一板卡的某一端口或非板卡形态的主机单元的某一端口到扩展单元 EU.{i}的路由路径，并与每个扩展单元的唯一标识对应，通过本参数和 EU.{i}.RU.{i}可呈现整个组网拓扑结构及各单元所处位置； 3.RouteIndex 取值规则从左至右根据主机单元，当某一板卡的某一端口(板卡与端口间以“.”分割。非板卡结构 MU直接使用端口号)到扩展单元 EU.{i}的路由使用的各级设备端口号逐级取值，每级之间以下划线“_”分割，直至到达本节点 EU.{i}。例如：“EU.{i}.RouteIndex = 3.2_1_5_4”代表该路由起始于主机单元（第零级）占用第3槽位的板卡的端口 2，经过第一级扩展单元南向级联端口1，第二级扩展单元南向级联端口5，第三级扩展单元南向级联端口4路由到本扩展单元 EU.{i}；非板卡类型主机单元，路由表示为 2_1_5_4，2表示该路由起始于主机单元（第零级）的端口2； 4.通过 RouteIndex取值中数值个数还能体现本扩展单元EU.{i}所处级数，例如“EU.{i}.RouteIndex = 3.2_1_5_4”说明该扩展单元EU.{i}位于第四级（主机单元为第零级）。 | I43: MU、EU和RU的端口从1开始
B44: Device.DeviceInfo.MU.{i}.Slot.{i}.EU.{i}.ManufacturerOUI | C44: ManufacturerOUI | D44: 制造商OUI | E44: M | F44: R | G44: string(6) | H44: /
B45: Device.DeviceInfo.MU.{i}.Slot.{i}.EU.{i}.Manufacturer | C45: Manufacturer | D45: 制造商 | E45: M | F45: R | G45: string(64) | H45: /
B46: Device.DeviceInfo.MU.{i}.Slot.{i}.EU.{i}.ModelName | C46: ModelName | D46: 设备型号 | E46: M | F46: R | G46: string(64) | H46: /
B47: Device.DeviceInfo.MU.{i}.Slot.{i}.EU.{i}.SerialNumber | C47: SerialNumber | D47: 序列号 | E47: M | F47: R | G47: string(64) | H47: /
B48: Device.DeviceInfo.MU.{i}.Slot.{i}.EU.{i}.HardwareVersion | C48: HardwareVersion | D48: 硬件版本 | E48: M | F48: R | G48: string(64) | H48: /
B49: Device.DeviceInfo.MU.{i}.Slot.{i}.EU.{i}.SoftwareVersion | C49: SoftwareVersion | D49: 软件版本 | E49: M | F49: R | G49: string(64) | H49: /
B50: Device.DeviceInfo.MU.{i}.Slot.{i}.EU.{i}.ProvisioningCode | C50: ProvisioningCode | D50: 供应商代号 | E50: M | F50: R | G50: string(64) | H50: /
B51: Device.DeviceInfo.MU.{i}.Slot.{i}.EU.{i}.Status | C51: Status | D51: 状态 | E51: M | F51: R | G51: unsignedInt[1:3] | H51: 1:正常 2:离线 3:告警
B52: Device.DeviceInfo.MU.{i}.Slot.{i}.EU.{i}.DLCRCSum | C52: DLCRCSum | D52: 扩展单元下行误码率 | E52: MC | F52: R | G52: string(64) | H52: 若上一级是主机单元，则是扩展单元与主机单元下行误码率； 若上一级是扩展单元，则是扩展单元与扩展单元下行误码率； 下行误码率都由本级扩展单元统计。
B53: Device.DeviceInfo.MU.{i}.Slot.{i}.EU.{i}.ULCRCSum | C53: ULCRCSum | D53: 扩展单元上行误码率 | E53: MC | F53: R | G53: string(64) | H53: 若上一级是主机单元，则是扩展单元与主机单元上行误码率，由主机单元统计； 若上一级是扩展单元，则是扩展单元与扩展单元上行误码率，由上一级扩展单元统计。
B54: Device.DeviceInfo.MU.{i}.Slot.{i}.EU.{i}.Reboot | C54: Reboot | D54: 重启开关 | E54: M | F54: RW | G54: boolean | H54: 0:不重启 1:重启
B55: Device.DeviceInfo.MU.{i}.Slot.{i}.EU.{i}.SwUpgrade.Stage | C55: Stage | D55: 升级阶段 | E55: M | F55: R | G55: unsignedInt[1:5] | H55: 1:初始化 2:下载 3:安装 4:等待激活 5.激活
... B57: Device.DeviceInfo.MU.{i}.Slot.{i}.EU.{i}.SwUpgrade.FailureCause | C57: FailureCause | D57: 升级失败原因 | E57: M | F57: R | G57: string | H57: 升级失败原因描述
A58: 扩展型基站-射频单元（RU）参数管理 | B58: Device.DeviceInfo.MU.{i}.Slot.{i}.EU.{i}.RU.{i}.RouteIndex | C58: RouteIndex | D58: 射频单元路由指示 | E58: MC | F58: R | G58: string(64) | H58: 1.扩展型一体化皮基站主机单元与各扩展单元和远端单元可采用树状组网方式（包含菊花链、星形等）：主机单元为根节点，扩展单元为树枝节点，远端单元为叶节点； 2.本参数指示从扩展型主机单元某一板卡的某一端口或非板卡形态的主机单元的某一端口到射频单元RU.{i}的路由路径，并与每个射频单元的唯一标识对应，通过本参数和EU.{i}.RU.{i}可呈现整个组网拓扑结构及各单元所处位置； 3.RouteIndex取值规则从左至右根据主机单元，当某一板卡的某一端口(板卡与端口间以“.”分割。非板卡结构MU直接使用端口号)到扩展单元EU.{i}的路由使用的各级设备端口号逐级取值，每级之间以下划线“_”分割，EU.{i}与RU.{i}链接的下联端口用“+”表示，直至到达本节点RU.{i}。例如：“RU.{i}.RouteIndex = 3.2_1_5+4”代表该路由起始于主机单元（第零级）占用第3槽位的板卡的端口2，经过第一级扩展单元南向级联端口1，第二级扩展单元南向级联端口5，第三级扩展单元下联端口4路由到本RU.{i}；非板卡类型主机单元，路由表示为2_1_5+4，2表示该路由起始于主机单元（第零级）的端口2； 4.通过RouteIndex取值中数值个数还能体现本射频单元RU.{i}所处级数，例如“RU.{i}.RouteIndex = 3.2_1_5+4”说明该设备单元RU.{i}位于第四级。
B59: Device.DeviceInfo.MU.{i}.Slot.{i}.EU.{i}.RU.{i}.Status | C59: Status | D59: 状态 | E59: MC | F59: R | G59: unsignedInt[1:3] | H59: 1:正常 2:离线 3:告警
B60: Device.DeviceInfo.MU.{i}.Slot.{i}.EU.{i}.RU.{i}.ManufacturerOUI | C60: ManufacturerOUI | D60: 制造商OUI | E60: MC | F60: R | G60: string(6) | H60: /
B61: Device.DeviceInfo.MU.{i}.Slot.{i}.EU.{i}.RU.{i}.Manufacturer | C61: Manufacturer | D61: 制造商 | E61: MC | F61: R | G61: string(64) | H61: /
B62: Device.DeviceInfo.MU.{i}.Slot.{i}.EU.{i}.RU.{i}.ModelName | C62: ModelName | D62: 设备型号 | E62: MC | F62: R | G62: string(64) | H62: /
B63: Device.DeviceInfo.MU.{i}.Slot.{i}.EU.{i}.RU.{i}.SerialNumber | C63: SerialNumber | D63: 序列号 | E63: MC | F63: R | G63: string(64) | H63: /
B64: Device.DeviceInfo.MU.{i}.Slot.{i}.EU.{i}.RU.{i}.HardwareVersion | C64: HardwareVersion | D64: 硬件版本 | E64: MC | F64: R | G64: string(64) | H64: /
B65: Device.DeviceInfo.MU.{i}.Slot.{i}.EU.{i}.RU.{i}.SoftwareVersion | C65: SoftwareVersion | D65: 软件版本 | E65: MC | F65: R | G65: string(64) | H65: /
B66: Device.DeviceInfo.MU.{i}.Slot.{i}.EU.{i}.RU.{i}.ProvisioningCode | C66: ProvisioningCode | D66: 供应商代号 | E66: MC | F66: R | G66: string(64) | H66: /
B67: Device.DeviceInfo.MU.{i}.Slot.{i}.EU.{i}.RU.{i}.Reboot | C67: Reboot | D67: 重启开关 | E67: MC | F67: RW | G67: boolean | H67: 0:不重启 1:重启
B68: Device.DeviceInfo.MU.{i}.Slot.{i}.EU.{i}.RU.{i}.MaxTxPower | C68: MaxTxPower | D68: 最大发射功率 | E68: MC | F68: RW | G68: unsignedInt | H68: 单位dBm
B69: Device.DeviceInfo.MU.{i}.Slot.{i}.EU.{i}.RU.{i}.RFTxStatus | C69: RFTxStatus | D69: 射频状态 | E69: MC | F69: RW | G69: boolean | H69: 0:关闭 1:开启
B70: Device.DeviceInfo.MU.{i}.Slot.{i}.EU.{i}.RU.{i}.FrequencyBand | C70: FrequencyBand | D70: 支持频段 | E70: MC | F70: RW | G70: string | H70: 指RRU支持的工作频段，如n1、n2等频段。例如若支持n1、n2频段，则取值为{"n1","n2"}，具体取值参见38.104 5.4.2.3
B71: Device.DeviceInfo.MU.{i}.Slot.{i}.EU.{i}.RU.{i}.RFChannel.{i}.TxGain | C71: TxGain | D71: 下行发射功率增益 | E71: MC | F71: RW | G71: string | H71: 单位dB 指小基站某个发射通道发射增益
B72: Device.DeviceInfo.MU.{i}.Slot.{i}.EU.{i}.RU.{i}.RFChannel.{i}.NoisePwdBm | C72: NoisePwdBm | D72: 底噪 | E72: MC | F72: R | G72: string
B73: Device.DeviceInfo.MU.{i}.Slot.{i}.EU.{i}.RU.{i}.DateOfManufacture | C73: DateOfManufacture | D73: 生产日期 | E73: MC | F73: R | G73: dateTime | H73: UTC时间格式，YYYY-MM-DDTHH:MM:SSZ，例如2012-12-11T09:15:00Z
B74: Device.DeviceInfo.MU.{i}.Slot.{i}.EU.{i}.RU.{i}.SwUpgrade.Stage | C74: Stage | D74: 升级阶段 | E74: MC | F74: R | G74: unsignedInt[1:5] | H74: 1:初始化 2:下载 3:安装 4:等待激活 5.激活
B75: Device.DeviceInfo.MU.{i}.Slot.{i}.EU.{i}.RU.{i}.SwUpgrade.Status | C75: Status | D75: 状态 | E75: MC | F75: R | G75: unsignedInt[1:3] | H75: 1:成功 2:进行中 3:失败
B76: Device.DeviceInfo.MU.{i}.Slot.{i}.EU.{i}.RU.{i}.SwUpgrade.FailureCause | C76: FailureCause | D76: 升级失败原因 | E76: MC | F76: R | G76: string | H76: 升级失败原因描述
A77: 扩展型基站-拉远扩展单元（ERU）参数管理 | B77: Device.DeviceInfo.MU.{i}.Slot.{i}.EU.{i}.ERU.{i}.RouteIndex | C77: RouteIndex | D77: 拉远扩展单元路由指示 | E77: MC | F77: R | G77: string(64) | H77: 1.扩展型一体化皮基站主机单元与各扩展单元和远端单元可采用树状组网方式（包含菊花链、星形等）：主机单元为根节点，扩展单元为树枝节点，远端单元为叶节点； 2.本参数指示从扩展型主机单元某一板卡的某一端口或非板卡形态的主机单元的某一端口到拉远扩展单元ERU.{i}的路由路径，并与每个拉远扩展单元的唯一标识对应，通过本参数和EU.{i}.ERU.{i}可呈现整个组网拓扑结构及各单元所处位置； 3.RouteIndex取值规则从左至右根据主机单元，当某一板卡的某一端口(板卡与端口间以“.”分割。非板卡结构MU直接使用端口号)到扩展单元EU.{i}的路由使用的各级设备端口号逐级取值，每级之间以下划线“_”分割，EU.{i}与ERU.{i}链接的下联端口用“+”表示，直至到达本节点ERU.{i}。例如：“ERU.{i}.RouteIndex = 3.2_1_5+4”代表该路由起始于主机单元（第零级）占用第3槽位的板卡的端口2，经过第一级扩展单元南向级联端口1，第二级扩展单元南向级联端口5，第三级扩展单元下联端口4路由到本ERU.{i}；非板卡类型主机单元，路由表示为2_1_5+4，2表示该路由起始于主机单元（第零级）的端口2； 4.通过RouteIndex取值中数值个数还能体现本拉远扩展单元ERU.{i}所处级数，例如“ERU.{i}.RouteIndex = 3.2_1_5+4”说明该设备单元ERU.{i}位于第四级。
B78: Device.DeviceInfo.MU.{i}.Slot.{i}.EU.{i}.ERU.{i}.ManufacturerOUI | C78: ManufacturerOUI | D78: 制造商OUI | E78: MC | F78: R | G78: string(6)
B79: Device.DeviceInfo.MU.{i}.Slot.{i}.EU.{i}.ERU.{i}.Manufacturer | C79: Manufacturer | D79: 制造商 | E79: MC | F79: R | G79: string(64)
B80: Device.DeviceInfo.MU.{i}.Slot.{i}.EU.{i}.ERU.{i}.ProvisioningCode | C80: ProvisioningCode | D80: 供应商代号 | E80: MC | F80: R | G80: string(64)
B81: Device.DeviceInfo.MU.{i}.Slot.{i}.EU.{i}.ERU.{i}.DateOfManufacture | C81: DateOfManufacture | D81: 生产日期 | E81: MC | F81: R | G81: dateTime | H81: UTC时间格式，YYYY-MM-DDTHH:MM:SSZ，例如2012-12-11T09:15:00Z
B82: Device.DeviceInfo.MU.{i}.Slot.{i}.EU.{i}.ERU.{i}.ModelName | C82: ModelName | D82: 设备型号 | E82: MC | F82: R | G82: string(64)
B83: Device.DeviceInfo.MU.{i}.Slot.{i}.EU.{i}.ERU.{i}.SerialNumber | C83: SerialNumber | D83: 序列号 | E83: MC | F83: R | G83: string(64)
B84: Device.DeviceInfo.MU.{i}.Slot.{i}.EU.{i}.ERU.{i}.HardwareVersion | C84: HardwareVersion | D84: 硬件版本 | E84: MC | F84: R | G84: string(64)
B85: Device.DeviceInfo.MU.{i}.Slot.{i}.EU.{i}.ERU.{i}.SoftwareVersion | C85: SoftwareVersion | D85: 软件版本 | E85: MC | F85: R | G85: string(64)
B86: Device.DeviceInfo.MU.{i}.Slot.{i}.EU.{i}.ERU.{i}.Status | C86: Status | D86: 设备状态 | E86: MC | F86: R | G86: unsignedInt[1:3] | H86: 1:正常 2:离线 3:告警
B87: Device.DeviceInfo.MU.{i}.Slot.{i}.EU.{i}.ERU.{i}.Reboot | C87: Reboot | D87: 重启开关 | E87: MC | F87: R | G87: boolean | H87: 0:不重启 1:重启
B88: Device.DeviceInfo.MU.{i}.Slot.{i}.EU.{i}.ERU.{i}.RFTxStatus | C88: RFTxStatus | D88: 射频状态 | E88: MC | F88: R | G88: boolean | H88: 0:关闭 1:开启
B89: Device.DeviceInfo.MU.{i}.Slot.{i}.EU.{i}.ERU.{i}.ConsumpPower | C89: ConsumpPower | D89: 功耗 | E89: MC | F89: R | G89: unsignedInt[1:4] | H89: 单位mW
B90: Device.DeviceInfo.MU.{i}.Slot.{i}.EU.{i}.ERU.{i}.SwUpgrade.Stage | C90: Stage | D90: 升级阶段 | E90: MC | F90: R | G90: unsignedInt[1:5]
B91: Device.DeviceInfo.MU.{i}.Slot.{i}.EU.{i}.ERU.{i}.SwUpgrade.Status | C91: Status | D91: 状态 | E91: MC | F91: R | G91: unsignedInt[1:3]
B92: Device.DeviceInfo.MU.{i}.Slot.{i}.EU.{i}.ERU.{i}.SwUpgrade.FailureCause | C92: FailureCause | D92: 升级失败原因 | E92: MC | F92: R | G92: string(512)
A93: 扩展型基站-拉远射频单元（DRU）参数管理 | B93: Device.DeviceInfo.MU.{i}.Slot.{i}.EU.{i}.ERU.{i}.DRU.{i}.DeviceId | C93: DeviceId | D93: 设备ID | E93: MC | F93: R | G93: unsignedInt | H93: 用来标识DRU的拓扑位置
B94: Device.DeviceInfo.MU.{i}.Slot.{i}.EU.{i}.ERU.{i}.DRU.{i}.ModelName | C94: ModelName | D94: 设备型号 | E94: MC | F94: R | G94: string(64)
B95: Device.DeviceInfo.MU.{i}.Slot.{i}.EU.{i}.ERU.{i}.DRU.{i}.ManufacturerOUI | C95: ManufacturerOUI | D95: 制造商OUI | E95: MC | F95: R | G95: string(6)
B96: Device.DeviceInfo.MU.{i}.Slot.{i}.EU.{i}.ERU.{i}.DRU.{i}.Manufacturer | C96: Manufacturer | D96: 制造商 | E96: MC | F96: R | G96: string(64)
B97: Device.DeviceInfo.MU.{i}.Slot.{i}.EU.{i}.ERU.{i}.DRU.{i}.ProvisioningCode | C97: ProvisioningCode | D97: 供应商代号 | E97: MC | F97: R | G97: string(64)
B98: Device.DeviceInfo.MU.{i}.Slot.{i}.EU.{i}.ERU.{i}.DRU.{i}.DateOfManufacture | C98: DateOfManufacture | D98: 生产日期 | E98: MC | F98: R | G98: dateTime | H98: UTC时间格式，YYYY-MM-DDTHH:MM:SSZ，例如2012-12-11T09:15:00Z
B99: Device.DeviceInfo.MU.{i}.Slot.{i}.EU.{i}.ERU.{i}.DRU.{i}.SerialNumber | C99: SerialNumber | D99: 序列号 | E99: MC | F99: R | G99: string(64)
B100: Device.DeviceInfo.MU.{i}.Slot.{i}.EU.{i}.ERU.{i}.DRU.{i}.HardwareVersion | C100: HardwareVersion | D100: 硬件版本 | E100: MC | F100: R | G100: string(64)
B101: Device.DeviceInfo.MU.{i}.Slot.{i}.EU.{i}.ERU.{i}.DRU.{i}.SoftwareVersion | C101: SoftwareVersion | D101: 软件版本 | E101: MC | F101: R | G101: string(64)
B102: Device.DeviceInfo.MU.{i}.Slot.{i}.EU.{i}.ERU.{i}.DRU.{i}.Status | C102: Status | D102: 设备状态 | E102: MC | F102: R | G102: unsignedInt[1:3] | H102: 1:正常 2:离线 3:告警
B103: Device.DeviceInfo.MU.{i}.Slot.{i}.EU.{i}.ERU.{i}.DRU.{i}.Reboot | C103: Reboot | D103: 重启开关 | E103: MC | F103: RW | G103: boolean | H103: 0:不重启 1:重启
B104: Device.DeviceInfo.MU.{i}.Slot.{i}.EU.{i}.ERU.{i}.DRU.{i}.RFChannel.{i}.DLPA | C104: RFTxStatus | D104: 通道下行功放开关 | E104: MC | F104: RW | G104: boolean
A105: 多实例状态变化通知参数 | B105: Device.DeviceInfo.AddEndPoint | C105: AddEndPoint | D105: 多实例新增 | E105: M | F105: R | G105: string(256) | H105: 多实例新增： 基站本地侧增加一个多实例时，需调用此模型通知网管具体增加的多实例节点， 保证两边的数据统一性。 例：远端(汇聚)单元接入时，扩展型皮基站需要用此型路径然后才用《南向接口技术规范》中ADD OBJECT事件上报网管。 AddEndPoint=Device.DeviceInfo.DU.1.RU.3
...

Sheet SB
A1: 归类 | B1: 参数路径 | C1: 英文名称 | D1: 中文名称 | E1: 限定 | F1: 网管读写权限 | G1: 类型 | H1: 描述 | I1: 备注
A2: 设备信息参数管理 | B2: Device.DeviceInfo.ManufacturerOUI | C2: ManufacturerOUI | D2: 制造商OUI | E2: M | F2: R | G2: string(6) | H2: /
B3: Device.DeviceInfo.Manufacturer | C3: Manufacturer | D3: 制造商 | E3: M | F3: R | G3: string(64) | H3: /
B4: Device.DeviceInfo.ModelName | C4: ModelName | D4: 设备型号 | E4: M | F4: R | G4: string(64) | H4: /
B5: Device.DeviceInfo.SerialNumber | C5: SerialNumber | D5: 序列号 | E5: M | F5: R | G5: string(64) | H5: /
B6: Device.DeviceInfo.HardwareVersion | C6: HardwareVersion | D6: 硬件版本 | E6: M | F6: R | G6: string(64) | H6: /
B7: Device.DeviceInfo.SoftwareVersion | C7: SoftwareVersion | D7: 软件版本 | E7: M | F7: R | G7: string(64) | H7: /
B8: Device.DeviceInfo.HardwarePlatform | C8: HardwarePlatform | D8: 硬件平台 | E8: M | F8: R | G8: string(64) | H8: /
B9: Device.DeviceInfo.AdditionalHardwareVersion | C9: AdditionalHardwareVersion | D9: 附加硬件版本 | E9: M | F9: R | G9: string(64)
B10: Device.DeviceInfo.AdditionalSoftwareVersion | C10: AdditionalSoftwareVersion | D10: 附加软件版本 | E10: M | F10: R | G10: string(64)
B11: Device.DeviceInfo.DataModelSpecVersion | C11: DataModelSpecVersion | D11: 数据模型版本 | E11: M | F11: R | G11: string
B12: Device.DeviceInfo.ProvisioningCode | C12: ProvisioningCode | D12: 供应商代号 | E12: M | F12: R | G12: string(64) | H12: /
B13: Device.DeviceInfo.ProductClass | C13: ProductClass | D13: 产品分类 | E13: M | F13: R | G13: string(64) | H13: /
B14: Device.DeviceInfo.UpTime | C14: UpTime | D14: 运行时间 | E14: M | F14: R | G14: unsignedInt | H14: / | I14: 0-‭4294967295‬
B15: Device.DeviceInfo.3GPPSpecVersion | C15: 3GPPSpecVersion | D15: 3GPP协议版本 | E15: M | F15: R | G15: string | H15: /
B16: Device.DeviceInfo.FirstUseDate | C16: FirstUseDate | D16: 首次使用日期 | E16: M | F16: R | G16: dateTime | H16: UTC时间格式，YYYY-MM-DDTHH:MM:SSZ，例如2012-12-11T09:15:00Z
B17: Device.DeviceInfo.Reboot | C17: Reboot | D17: 重启开关 | E17: M | F17: RW | G17: boolean | H17: 0:不重启 1:重启
B18: Device.DeviceInfo.Status | C18: Status | D18: 硬件状态 | E18: M | F18: R | G18: unsignedInt[1:3] | H18: 1:正常 3:告警
B19: Device.DeviceInfo.SwUpgrade.Stage | C19: Stage | D19: 升级阶段 | E19: M | F19: R | G19: unsignedInt[1:5] | H19: 1:初始化 2:下载 3:安装 4:等待激活 5.激活
B20: Device.DeviceInfo.SwUpgrade.Status | C20: Status | D20: 状态 | E20: M | F20: R | G20: unsignedInt[1:3] | H20: 1:成功 2:进行中 3:失败
B21: Device.DeviceInfo.SwUpgrade.FailureCause | C21: FailureCause | D21: 升级失败原因 | E21: M | F21: R | G21: string | H21: 升级失败原因描述

Sheet SC
A1: 归类 | B1: 参数路径 | C1: 英文名称 | D1: 中文名称 | E1: 限定 | F1: 网管读写权限 | G1: 类型 | H1: 描述 | I1: 备注
A2: 版本参数管理 | B2: Device.SoftwareCtrl.AutoActivateEnable | C2: AutoActivateEnable | D2: 立即激活目标升级版本使能开关 | E2: M | F2: RW | G2: boolean | H2: (0=false,1=true)，立即激活目标升级版本使能开关，当为true时，设备下载成功目标升级版本后立即激活版本，当为flase时，需要和ActivateTime这两个参数一起使用。
B3: Device.SoftwareCtrl.ActivateTime | C3: ActivateTime | D3: 软件激活时间 | E3: M | F3: RW | G3: dateTime | H3: UTC时间格式，YYYY-MM-DDTHH:MM:SSZ，例如2012-12-11T09:15:00Z，下发命令后设备只要在大于等于激活时间里开启，就会激活系统备份版本。
B4: Device.SoftwareCtrl.ActivateEnable | C4: ActivateEnable | D4: 激活备份版本使能开关 | E4: O | F4: RW | G4: boolean | H4: (0=false,1=true)激活备份版本使能开关，当为true时立即激活备份版本。
B5: Device.SoftwareCtrl.SystemCurrentVersion | C5: SystemCurrentVersion | D5: 系统当前版本 | E5: M | F5: R | G5: string(64) | H5: 系统正在使用的版本。表示gNB整体版本。
B6: Device.SoftwareCtrl.SystemBackupVersion | C6: SystemBackupVersion | D6: 系统备份版本 | E6: O | F6: R | G6: string(64) | H6: 系统备份版本，新下载的或以前使用的版本。

Sheet SD
A1: 归类 | B1: 参数路径 | C1: 英文名称 | D1: 中文名称 | E1: 限定 | F1: 网管读写权限 | G1: 类型 | H1: 描述 | I1: 备注
A2: 网管参数管理 | B2: Device.ManagementServer.URL | C2: URL | D2: 网管服务器URL | E2: M | F2: RW | G2: string(256) | H2: ACS使用CWMP连接ACS的URL。格式必须为合法的HTTP/HTTPS的形式。
B3: Device.ManagementServer.Username | C3: Username | D3: 连接用户名 | E3: M | F3: RW | G3: string(256) | H3: ACS使用CWMP连接基站时使用的认证用户名。仅用于基站的基于HTTP的认证。
B4: Device.ManagementServer.Password | C4: Password | D4: 连接密码 | E4: M | F4: RW | G4: string(256) | H4: 基站使用CWMP连接ACS时使用的认证密码。仅用于基站的基于HTTP的认证。读取时返回一个空字符串.
B5: Device.ManagementServer.PeriodicInformEnable | C5: PeriodicInformEnable | D5: 连接使能开关 | E5: M | F5: RW | G5: boolean | H5: 基站是否必须利用Inform方法调用定时向服务器端发送基站信息。当PeriodicInformEnable=true时，PeriodicInformInterval才起作用
B6: Device.ManagementServer.PeriodicInformTime | C6: PeriodicInformTime | D6: 上报周期 | E6: M | F6: RW | G6: dateTime | H6: UTC时间格式，YYYY-MM-DDTHH:MM:SSZ，例如2012-12-11T09:15:00Z
B7: Device.ManagementServer.PeriodicInformInterval | C7: PeriodicInformInterval | D7: 周期上报时间间隔 | E7: M | F7: RW | G7: unsignedInt[1:] | H7: 在PeriodicInformEnable为真时，基站必须尝试连接ACS并调用Inform方法的时间间隔。当PeriodicInformEnable=true才生效
B8: Device.ManagementServer.ParameterKey | C8: ParameterKey | D8: 键值 | E8: M | F8: R | G8: string(32) | H8: 来自于服务器的最新的 SetParameterValues，AddObject 或 DeleteObject 方法调用的 ParameterKey 自变量数值。如果没有此类调用，此数值为空。
B9: Device.ManagementServer.ConnectionRequestURL | C9: ConnectionRequestURL | D9: 连接请求URL | E9: M | F9: R | G9: string(256) | H9: ACS向基站发起连接请求通知时所使用的HTTPURL。其形式如下：http://host:port/SOAP/HNBServlet?a=1的"主机"部分可以是基站管理接口的IP地址，用以替代域名。
B10: Device.ManagementServer.ConnectionRequestUsername | C10: ConnectionRequestUsername | D10: 连接请求用户名 | E10: M | F10: RW | G10: string(256) | H10: ACS向基站发起连接请求时，鉴权过程使用的用户名。
B11: Device.ManagementServer.ConnectionRequestPassword | C11: ConnectionRequestPassword | D11: 连接请求密码 | E11: M | F11: RW | G11: string(256) | H11: ACS向基站发起连接请求时，鉴权过程使用的密码。在被读取时，该参数会忽略实际值而返回一个空字符串。
B12: Device.ManagementServer.UDPConnectionRequestAddress | C12: UDPConnectionRequestAddress | D12: UDP连接请求地址 | E12: O | F12: RW | G12: string(256) | H12: /
B13: Device.ManagementServer.STUNEnable | C13: STUNEnable | D13: STUN使能开关 | E13: O | F13: RW | G13: boolean | H13: (0=false,1=true)
B14: Device.ManagementServer.STUNServerAddress | C14: STUNServerAddress | D14: STUN服务器地址 | E14: O | F14: RW | G14: string(256) | H14: /
... B20: Device.ManagementServer.NATDetected | C20: NATDetected | D20: NAT转换地址 | E20: O | F20: R | G20: boolean | H20: (0=false,1=true)

Sheet SE
A1: 归类 | B1: 参数路径 | C1: 英文名称 | D1: 中文名称 | E1: 限定 | F1: 网管读写权限 | G1: 类型 | H1: 描述 | I1: 备注
A2: 告警管理 | B2: Device.FaultMgmt.SupportedAlarmNumberOfEntries | C2: SupportedAlarmNumberOfEntries | D2: 最大告警实例数量 | E2: M | F2: R | G2: unsignedInt | H2: /
B3: Device.FaultMgmt.MaxCurrentAlarmEntries | C3: MaxCurrentAlarmEntries | D3: 最大当前告警实例数量 | E3: M | F3: R | G3: unsignedInt | H3: /
B4: Device.FaultMgmt.CurrentAlarmNumberOfEntries | C4: CurrentAlarmNumberOfEntries | D4: 当前告警实例数量 | E4: M | F4: R | G4: unsignedInt | H4: /
B5: Device.FaultMgmt.HistoryEventNumberOfEntries | C5: HistoryEventNumberOfEntries | D5: 历史事件实例数量 | E5: M | F5: R | G5: unsignedInt | H5: /
B6: Device.FaultMgmt.ExpeditedEventNumberOfEntries | C6: ExpeditedEventNumberOfEntries | D6: 紧急事件实例数量 | E6: M | F6: R | G6: unsignedInt | H6: /
B7: Device.FaultMgmt.QueuedEventNumberOfEntries | C7: QueuedEventNumberOfEntries | D7: 队列事件实例数量 | E7: M | F7: R | G7: unsignedInt | H7: /
B8: Device.FaultMgmt.SupportedAlarm.{i}.EventType | C8: EventType | D8: 告警类型 | E8: M | F8: R | G8: string(64) | H8: 设备上报告警消息中的告警类型，包括通讯告警、环境告警、设备告警、处理错误告警、服务质量告警等
B9: Device.FaultMgmt.SupportedAlarm.{i}.ProbableCause | C9: ProbableCause | D9: 告警原因 | E9: M | F9: R | G9: string(64) | H9: /
B10: Device.FaultMgmt.SupportedAlarm.{i}.SpecificProblem | C10: SpecificProblem | D10: 告警描述 | E10: M | F10: R | G10: string(128) | H10: /
B11: Device.FaultMgmt.SupportedAlarm.{i}.PerceivedSeverity | C11: PerceivedSeverity | D11: 支持告警级别 | E11: M | F11: R | G11: string | H11: 设备上报告警消息中的告警级别：Critical,严重；Major,重要；Minor,次要；Warning,警告；
B12: Device.FaultMgmt.SupportedAlarm.{i}.ReportingMechanism | C12: ReportingMechanism | D12: 告警上报机制 | E12: M | F12: RW | G12: string | H12: / | I12: 修改网管读写权限
B13: Device.FaultMgmt.CurrentAlarm.{i}.AlarmIdentifier | C13: AlarmIdentifier | D13: 该告警的唯一序列号 | E13: M | F13: R | G13: string(64) | H13: /
B14: Device.FaultMgmt.CurrentAlarm.{i}.SerialNumber | C14: SerialNumber | D14: 设备序列号 | E14: M | F14: R | G14: string(64) | H14: /
B15: Device.FaultMgmt.CurrentAlarm.{i}.OUI | C15: OUI | D15: 设备OUI | E15: M | F15: R | G15: string(64) | H15: /
B16: Device.FaultMgmt.CurrentAlarm.{i}.AlarmRaisedTime | C16: AlarmRaisedTime | D16: 告警发生时间 | E16: M | F16: R | G16: dateTime | H16: UTC时间格式，YYYY-MM-DDTHH:MM:SSZ，例如2012-12-11T09:15:00Z
B17: Device.FaultMgmt.CurrentAlarm.{i}.AlarmChangedTime | C17: AlarmChangedTime | D17: 告警改变时间 | E17: M | F17: R | G17: dateTime | H17: UTC时间格式，YYYY-MM-DDTHH:MM:SSZ，例如2012-12-11T09:15:00Z
B18: Device.FaultMgmt.CurrentAlarm.{i}.ManagedObjectInstance | C18: ManagedObjectInstance | D18: 管理对象实例 | E18: M | F18: R | G18: string(512) | H18: 定义了承载该对象实例DN时发生的基站告警的信息对象等级的实例
B19: Device.FaultMgmt.CurrentAlarm.{i}.EventType | C19: EventType | D19: 告警类型 | E19: M | F19: R | G19: string(64) | H19: 设备上报告警消息中的告警类型，包括通讯告警、环境告警、设备告警、处理错误告警、服务质量告警等
B20: Device.FaultMgmt.CurrentAlarm.{i}.ProbableCause | C20: ProbableCause | D20: 告警原因 | E20: M | F20: R | G20: string(64) | H20: /
B21: Device.FaultMgmt.CurrentAlarm.{i}.SpecificProblem | C21: SpecificProblem | D21: 告警描述 | E21: M | F21: R | G21: string(128) | H21: /
B22: Device.FaultMgmt.CurrentAlarm.{i}.PerceivedSeverity | C22: PerceivedSeverity | D22: 当前告警级别 | E22: M | F22: R | G22: string | H22: 设备上报告警消息中的告警级别：Critical,严重；Major,重要；Minor,次要；Warning,警告；
B23: Device.FaultMgmt.CurrentAlarm.{i}.AdditionalText | C23: AdditionalText | D23: 告警附加文本 | E23: M | F23: R | G23: string(256) | H23: 本规范规定内容为厂家告警编码
B24: Device.FaultMgmt.CurrentAlarm.{i}.AdditionalInformation | C24: AdditionalInformation | D24: 告警附加信息 | E24: M | F24: R | G24: string(256) | H24: （格式：英文）统一采用此参数作为告警附加信息，映射到北向的AlarmText字段
... B60: Device.FaultMgmt.QueuedEvent.{i}.AdditionalInformation | C60: AdditionalInformation | D60: 告警附加信息 | E60: M | F60: R | G60: string(256) | H60: 格式：英文。统一采用此参数作为告警附加信息，映射到北向的AlarmText字段

Sheet SF
A1: 归类 | B1: 参数路径 | C1: 英文名称 | D1: 中文名称 | E1: 限定 | F1: 网管读写权限 | G1: 类型 | H1: 描述 | I1: 备注
A2: 日志参数管理 | B2: Device.LogMgmt.PeriodicUploadEnable | C2: PeriodicUploadEnable | D2: 日志周期上传使能开关 | E2: M | F2: RW | G2: boolean | H2: (0=false,1=true),禁止或启用将设备日志周期性地发送到指定的文件服务器。在使能开关开启的情况下，如果还未达到上报周期，设备日志文件已达到存储容量上限，则应立即将该时段的增量日志上报到网管，并开启一个新的上报周期的要求。
B3: Device.LogMgmt.URL | C3: URL | D3: 日志上传URL | E3: M | F3: RW | G3: string(256) | H3: 指定了目的日志的位置，没有以任何方式指明需要上传的本地文件的名字和位置
B4: Device.LogMgmt.Username | C4: Username | D4: 日志管理用户名 | E4: M | F4: RW | G4: string(256) | H4: 用户名用于设备到日志服务器的鉴权，如果不需要鉴权，此字符串为空，当PeriodicUploadEnable=true时，才生效。
B5: Device.LogMgmt.Password | C5: Password | D5: 日志管理密码 | E5: M | F5: RW | G5: string(256) | H5: 密码用于设备到日志服务器的鉴权，如果不需要鉴权，此字符串为空 当为读时，该参数返回一个空字符串，而不是一个实际的值，当PeriodicUploadEnable=true时，才生效。
B6: Device.LogMgmt.PeriodicUploadInterval | C6: PeriodicUploadInterval | D6: 日志周期上传时间间隔 | E6: M | F6: RW | G6: unsignedInt[1:65535] | H6: 单位：秒，取值包括（300,600,900,1800,3600）
B7: Device.LogMgmt.LogLevel | C7: LogLevel | D7: 日志重要等级 | E7: O | F7: RW | G7: string(64) | H7: 日志重要等级： Enumerate{ERROR;WARN;INFO;DEBUG}

Sheet SG
A1: 归类 | B1: 参数路径 | C1: 英文名称 | D1: 中文名称 | E1: 限定 | F1: 网管读写权限 | G1: 类型 | H1: 描述 | I1: 备注
A2: AMF配置 | B2: Device.Services.FAPService.{i}.FAPControl.NR.AMFPoolConfigParam.{i}.LocalPort | C2: LocalPort | D2: 本地端口 | E2: M | F2: RW | G2: unsignedInt[1000:65535]
B3: Device.Services.FAPService.{i}.FAPControl.NR.AMFPoolConfigParam.{i}.AmfPort | C3: AmfPort | D3: 对端端口 | E3: M | F3: RW | G3: unsignedInt[1000:65535] | H3: 默认38412
B4: Device.Services.FAPService.{i}.FAPControl.NR.AMFPoolConfigParam.{i}.PLMNID | C4: PLMN ID | D4: 主PLMN | E4: M | F4: RW | G4: string(6) | H4: 每个AMF需要指定一个primary plmn id
B5: Device.Services.FAPService.{i}.FAPControl.NR.AMFPoolConfigParam.{i}.AmfName | C5: AmfName | D5: AMF名称 | E5: M | F5: R | G5: string[1:150] | H5: /
B6: Device.Services.FAPService.{i}.FAPControl.NR.AMFPoolConfigParam.{i}.GnbId | C6: GnbId | D6: 基站Id | E6: O | F6: R | G6: unsignedInt[0:4294967295]
B7: Device.Services.FAPService.{i}.FAPControl.NR.AMFPoolConfigParam.{i}.GnbIdLength | C7: GnbIdLength | D7: 基站Id长度 | E7: O | F7: R | G7: unsignedShort[22:32]
B8: Device.Services.FAPService.{i}.FAPControl.NR.AMFPoolConfigParam.{i}.AdminState | C8: AdminState | D8: AMF管理状态（开关SCTP链路） | E8: M | F8: RW | G8: boolean | H8: 0：关闭 1：开启
B9: Device.Services.FAPService.{i}.FAPControl.NR.AMFPoolConfigParam.{i}.State | C9: State | D9: AMF运行状态 | E9: M | F9: R | G9: boolean
B10: Device.Services.FAPService.{i}.FAPControl.NR.AMFPoolConfigParam.{i}.AmfIP1 | C10: AmfIP1 | D10: AmfIP1 | E10: M | F10: RW | G10: string(64) | H10: /
B11: Device.Services.FAPService.{i}.FAPControl.NR.AMFPoolConfigParam.{i}.AmfIP2 | C11: AmfIP2 | D11: AmfIP2 | E11: M | F11: RW | G11: string(64) | H11: /
B12: Device.Services.FAPService.{i}.FAPControl.NR.AMFPoolConfigParam.{i}.GUAMI.{i}.PLMNID | C12: PLMNID | D12: PLMNID | E12: M | F12: R | G12: string(6) | H12: /
B13: Device.Services.FAPService.{i}.FAPControl.NR.AMFPoolConfigParam.{i}.GUAMI.{i}.AmfRegionID | C13: AmfRegionID | D13: AmfGroup标识 | E13: M | F13: R | G13: string: [0:255] | H13: /
B14: Device.Services.FAPService.{i}.FAPControl.NR.AMFPoolConfigParam.{i}.GUAMI.{i}.AmfSetID | C14: AmfSetID | D14: Amf代码 | E14: M | F14: R | G14: string: [0:1023] | H14: /
B15: Device.Services.FAPService.{i}.FAPControl.NR.AMFPoolConfigParam.{i}.GUAMI.{i}.AmfPointer | C15: AmfPointer | D15: AmfPointer | E15: M | F15: R | G15: string: [0:63] | H15: /
B16: Device.Services.FAPService.{i}.FAPControl.NR.AMFPoolConfigParam.{i}.RelativeAmfCapacity | C16: RelativeAMFCapacity | D16: RelativeAmfCapacity | E16: M | F16: R | G16: unsignedInt[0:255] | H16: /
B17: Device.Services.FAPService.{i}.FAPControl.NR.AMFPoolConfigParam.{i}.SupportPLMNList.{i}.PLMNID | C17: PLMNID | D17: 小区PLMNID | E17: O | F17: RW | G17: string(6) | H17: PLMN信息
B18: Device.Services.FAPService.{i}.FAPControl.NR.AMFPoolConfigParam.{i}.SupportPLMNList.{i}.SliceList.{i}.SNSSAI | C18: SNSSAI | D18: SNSSAI | E18: O | F18: R | G18: string(8) | H18: SNSSAI信息
A19: 邻站管理 | B19: Device.Services.FAPService.{i}.FAPControl.NR.XnIpAddrMapInfo.{i}.RemoteAddress | C19: RemoteAddress | D19: IP地址 | E19: M | F19: RW | G19: string(0...64)
B20: Device.Services.FAPService.{i}.FAPControl.NR.XnIpAddrMapInfo.{i}.RemotePort | C20: RemotePort | D20: 对端端口 | E20: M | F20: RW | G20: unsignedInt[1000:65535]
B21: Device.Services.FAPService.{i}.FAPControl.NR.XnIpAddrMapInfo.{i}.GnbId | C21: GnbId | D21: 基站ID | E21: M | F21: R | G21: unsignedInt[0:4294967295]
B22: Device.Services.FAPService.{i}.FAPControl.NR.XnIpAddrMapInfo.{i}.AdminState | C22: AdminState | D22: 邻站管理状态 | E22: M | F22: RW | G22: boolean | H22: 0:关闭 1:开启
B23: Device.Services.FAPService.{i}.FAPControl.NR.XnIpAddrMapInfo.{i}.State | C23: State | D23: 邻站运行状态 | E23: M | F23: R | G23: boolean | H23: 0:关闭 1:开启
B24: Device.Services.FAPService.{i}.FAPControl.NR.XnIpAddrMapInfo.{i}.TAISupportList.{i}.TAC | C24: TAC | D24: 跟踪区代码 | E24: M | F24: R | G24: unsignedInt[0:16777215]
B25: Device.Services.FAPService.{i}.FAPControl.NR.XnIpAddrMapInfo.{i}.TAISupportList.{i}.BroadcastPLMNs.{i}.PLMNID | C25: PLMNID | D25: PLMN | E25: M | F25: R | G25: string(6)
B26: Device.Services.FAPService.{i}.FAPControl.NR.XnIpAddrMapInfo.{i}.LocGnbIdLength | C26: LocGnbIdLength | D26: 本端GnbIdlength | E26: O | F26: RW | G26: unsignedInt[22,32]
B27: Device.Services.FAPService.{i}.FAPControl.NR.XnIpAddrMapInfo.{i}.LocGnbId | C27: LocGnbId | D27: 本地GnbId | E27: O | F27: RW | G27: unsignedInt[0:4294967295]
B28: Device.Services.FAPService.{i}.FAPControl.NR.XnIpAddrMapInfo.{i}.SubnetMask | C28: SubnetMask | D28: 子网掩码 | E28: M | F28: R | G28: string(0...64)
B29: Device.Services.FAPService.{i}.FAPControl.NR.XnIpAddrMapInfo.{i}.LocalAddress | C29: LocalAddress | D29: 本地Ip | E29: M | F29: R | G29: string(0...64)
B30: Device.Services.FAPService.{i}.FAPControl.NR.XnIpAddrMapInfo.{i}.GnbIdLength | C30: GnbIdLength | D30: 对端基站ID长度 | E30: M | F30: RW | G30: unsignedInt[22:32]
B31: Device.Services.FAPService.{i}.FAPControl.NR.Xn.LocalServerIp | C31: LocalServerIp | D31: Xn 服务端本地IP | E31: M | F31: RW | G31: string(0...64)
B32: Device.Services.FAPService.{i}.FAPControl.NR.Xn.LocalPort | C32: LocalPort | D32: 本地端口 | E32: M | F32: RW | G32: unsignedInt[1000:65535]
B33: Device.Services.FAPService.{i}.FAPControl.NR.X2IpAddrMapInfo.{i}.IPV4Address | C33: IPV4Address | D33: IP地址 | E33: O | F33: RW | G33: string(0...64)
B34: Device.Services.FAPService.{i}.FAPControl.NR.X2IpAddrMapInfo.{i}.RemotePort | C34: RemotePort | D34: 对端端口 | E34: O | F34: RW | G34: unsignedInt[1000:65535]
B35: Device.Services.FAPService.{i}.FAPControl.NR.X2IpAddrMapInfo.{i}.EnbId | C35: EnbId | D35: 基站ID | E35: O | F35: RW | G35: unsignedInt[0:4294967295]
B36: Device.Services.FAPService.{i}.FAPControl.NR.X2IpAddrMapInfo.{i}.EnbType | C36: EnbType | D36: Enb站型 | E36: O | F36: RW | G36: enumeration | H36: {Macro,Home}
B37: Device.Services.FAPService.{i}.FAPControl.NR.X2IpAddrMapInfo.{i}.AdminState | C37: AdminState | D37: 邻站管理状态 | E37: O | F37: RW | G37: boolean | H37: 0:关闭 1:开启
B38: Device.Services.FAPService.{i}.FAPControl.NR.X2IpAddrMapInfo.{i}.State | C38: State | D38: 邻站运行状态 | E38: O | F38: R | G38: boolean | H38: 0:关闭 1:开启
B39: Device.Services.FAPService.{i}.FAPControl.NR.X2IpAddrMapInfo.{i}.TAC | C39: TAC | D39: 跟踪区代码 | E39: O | F39: R | G39: unsignedInt[0:16777215]
B40: Device.Services.FAPService.{i}.FAPControl.NR.X2IpAddrMapInfo.{i}.PLMNID | C40: PLMNID | D40: PLMN | E40: O | F40: R | G40: string(6)
B41: Device.Services.FAPService.{i}.FAPControl.NR.X2IpAddrMapInfo.{i}.LocGnbId | C41: LocGnbId | D41: 本地GnbId | E41: O | F41: RW | G41: unsignedInt[0:4294967295]
B42: Device.Services.FAPService.{i}.FAPControl.NR.X2IpAddrMapInfo.{i}.LocGnbIdLength | C42: LocGnbIdLength | D42: 本端GnbIdlength | E42: O | F42: RW | G42: unsignedInt[22,32]
A43: 基站标识参数 | B43: Device.Services.FAPService.{i}.FAPControl.NR.RAN.Common.gNBId | C43: gNBId | D43: 基站ID | E43: M | F43: RW | G43: unsignedInt[0:4294967295] | H43: 小区gNBiD
B44: Device.Services.FAPService.{i}.FAPControl.NR.RAN.Common.gNBName | C44: gNBName | D44: 基站名称 | E44: M | F44: RW | G44: string(150) | H44: gNB名称
B45: Device.Services.FAPService.{i}.FAPControl.NR.RAN.Common.gNBIdLength | C45: gNBIdLength | D45: 基站ID长度 | E45: M | F45: RW | G45: unsignedInt[22:32] | H45: gnbId长度
B46: Device.Services.FAPService.{i}.FAPControl.NR.RAN.Common.AdminState | C46: AdminState | D46: 基站的管理状态 | E46: M | F46: RW | G46: unsignedInt[1:3] | H46: 管理的状态，取值范围为{Locked，Unlocked，ShuttingDown}，依据x.731的状态转换来上报。

Sheet SH
A1: 归类 | B1: 参数路径 | C1: 英文名称 | D1: 中文名称 | E1: 限定 | F1: 网管读写权限 | G1: 类型 | H1: 描述 | I1: 备注
A2: NNSF参数管理 | B2: Device.Services.FAPService.{i}.Capabilities.NR.NNSFSupported | C2: NNSFSupported | D2: 负载均衡参数 | E2: M | F2: RW | G2: boolean | H2: (0=false,1=true)

Sheet SI
A1: 归类 | B1: 参数路径 | C1: 英文名称 | D1: 中文名称 | E1: 限定 | F1: 网管读写权限 | G1: 类型 | H1: 描述 | I1: 备注
A2: SON参数管理 | B2: Device.Services.FAPService.{i}.FAPControl.NR.SelfConfig.SONConfigParam.SONSysMode | C2: SONSysMode | D2: SON系统模式 | E2: O | F2: RW | G2: string | H2: SON系统模式（分布式，集中式）,{Distributed，Centralized}
B3: Device.Services.FAPService.{i}.FAPControl.NR.SelfConfig.SONConfigParam.SONWorkMode | C3: SONWorkMode | D3: SON模式设置 | E3: O | F3: RW | G3: string | H3: 自优化模式（自由模式，受控模式）,{Free，Control}，自由模式下系统给出的参数优化建议无需人工确认，可直接执行；受控模式下系统给出的参数优化建议需要人工确认同意才可执行，否则（不同意或超时）不执行优化，保持原参数配置不变。
B4: Device.Services.FAPService.{i}.FAPControl.NR.SelfConfig.SONConfigParam.PCI.Enable | C4: Enable | D4: PCI冲突和混淆检测功能开关 | E4: MC | F4: RW | G4: boolean | H4: PCI冲突和混淆检测功能开关,(0=false,1=true)
B5: Device.Services.FAPService.{i}.FAPControl.NR.SelfConfig.SONConfigParam.PCIOptEnable | C5: PCIOptEnable | D5: PCI自优化算法开关 | E5: MC | F5: RW | G5: boolean | H5: PCI自优化算法开关,(0=false,1=true)
B6: Device.Services.FAPService.{i}.FAPControl.NR.SelfConfig.SONConfigParam.PCIReconfigWaitTime | C6: PCIReconfigWaitTime | D6: PCI重配等待定时器 | E6: MC | F6: RW | G6: unsignedInt | H6: 表征PCI重配置等待时间，在PCI自优化阶段，该计时器超时后使用新的PCI
B7: Device.Services.FAPService.{i}.FAPControl.NR.SelfConfig.SONConfigParam.CandidateARFCNList | C7: CandidateARFCNList | D7: 候选频点列表 | E7: O | F7: RW | G7: string(64) | H7: 候选频点列表
B8: Device.Services.FAPService.{i}.FAPControl.NR.SelfConfig.SONConfigParam.CandidatePCIList | C8: CandidatePCIList | D8: 候选PCI列表 | E8: O | F8: RW | G8: string(64) | H8: 候选PCI列表
B9: Device.Services.FAPService.{i}.FAPControl.NR.SelfConfig.SONConfigParam.ANR.Enable | C9: Enable | D9: ANR算法总开关 | E9: O | F9: RW | G9: boolean | H9: (0=false,1=true)，ANR算法总开关
B10: Device.Services.FAPService.{i}.FAPControl.NR.SelfConfig.SONConfigParam.ANR.InterFeqEnable | C10: InterFeqEnable | D10: NR异频ANR算法开关 | E10: MC | F10: RW | G10: boolean | H10: (0=false,1=true)，NR异频ANR算法开关
B11: Device.Services.FAPService.{i}.FAPControl.NR.SelfConfig.SONConfigParam.ANR.InterFeqCandidateARFCNList | C11: InterFeqCandidateARFCNList | D11: SSB频点号 | E11: MC | F11: RW | G11: string(64) | H11: 小区载频的SSB ARFCN列表，ARFCN间以“,”分割
B12: Device.Services.FAPService.{i}.FAPControl.NR.SelfConfig.SONConfigParam.ANR.EUTRANEnable | C12: EUTRANEnable | D12: E-UTRAN异系统ANR算法开关 | E12: O | F12: RW | G12: boolean | H12: (0=false,1=true)，E-UTRAN异系统ANR算法开关
B13: Device.Services.FAPService.{i}.FAPControl.NR.SelfConfig.SONConfigParam.ANR.BiNRCellEnable | C13: BiNRCellEnable | D13: ANR双向邻区添加开关 | E13: MC | F13: RW | G13: boolean | H13: (0=false,2=true)，ANR双向邻区添加开关
B14: Device.Services.FAPService.{i}.FAPControl.NR.SelfConfig.SONConfigParam.ANR.RSRPReferenceEnable | C14: RSRPReferenceEnable | D14: 事件性MR添加邻区依照绝对电平开关 | E14: MC | F14: RW | G14: boolean | H14: (0=false,1=true)，该开关打开后，添加邻区需同时考虑绝对电平和相对电平
... B35: Device.Services.FAPService.{i}.FAPControl.NR.SelfConfig.SONConfigParam.SyncMode | C35: SyncMode | D35: 时钟同步模式 | E35: O | F35: R | G35: string(64) | H35: 时钟同步模式，取值范围： GNSS IEEE1588V2 Sniffer Freedom
A36: 自动开站阶段 | B36: Device.Services.FAPService.{i}.FAPControl.SelfConfig.Startup.Stage | C36: Stage | D36: 开站阶段 | E36: M | F36: R | G36: unsignedInt[1:3] | H36: 开站阶段取值如下： 1:参数校验 2:参数配置 3:小区激活
A37: 自动开站结果 | B37: Device.Services.FAPService.{i}.FAPControl.SelfConfig.Startup.Status | C37: Status | D37: 开站状态 | E37: M | F37: R | G37: unsignedInt[1:2] | H37: 1：开站成功（全部小区被激活，即标记为开站成功） 2：开站失败（存在一个小区未激活，即标记为开站失败）
B38: Device.Services.FAPService.{i}.FAPControl.SelfConfig.Startup.FailureCause | C38: FailureCause | D38: 开站失败原因 | E38: M | F38: R | G38: string(512) | H38: 开站失败原因描述

Sheet SJ
A1: 归类 | B1: 参数路径 | C1: 英文名称 | D1: 中文名称 | E1: 限定 | F1: 网管读写权限 | G1: 类型 | H1: 描述 | I1: 备注
A2: 接入UE数量管理 | B2: Device.Services.FAPService.{i}.CellConfig.{i}.NR.Capabilities.UeInactiveTimer | C2: UeInactiveTimer | D2: 连接态UE不活动定时器 | E2: M | F2: RW | G2: unsignedInt[0:65535] | H2: /
B3: Device.Services.FAPService.{i}.CellConfig.{i}.NR.Capabilities.InactiveSwitch | C3: InactiveSwitch | D3: ue非激活态开关 | E3: M | F3: RW | G3: boolean | H3: 0:非激活超时后进入空闲态 1:非激活超时后进入非激活态
B4: Device.Services.FAPService.{i}.CellConfig.{i}.NR.Capabilities.MaxUEsServed | C4: SupportRRCNumbers | D4: 同时支持RRC连接最大用户数 | E4: M | F4: RW | G4: int | H4: /
B5: Device.Services.FAPService.{i}.CellConfig.{i}.NR.Capabilities.UserNumberThreshold1 | C5: UserNumberThreshold1 | D5: CAC用户数门限1百分比 | E5: O | F5: RW | G5: unsignedInt[0:100]
B6: Device.Services.FAPService.{i}.CellConfig.{i}.NR.Capabilities.UserNumberThreshold2 | C6: UserNumberThreshold2 | D6: CAC用户数门限2百分比 | E6: O | F6: RW | G6: unsignedInt[0:100]
B7: Device.Services.FAPService.{i}.CellConfig.{i}.NR.Capabilities.UserNumberThreshold3 | C7: UserNumberThreshold3 | D7: CAC用户数门限3百分比 | E7: O | F7: RW | G7: unsignedInt[0:100]
B8: Device.Services.FAPService.{i}.CellConfig.{i}.NR.Capabilities.UserNumberReservedForHo | C8: UserNumberReservedForHo | D8: CAC切换预留用户数百分比 | E8: O | F8: RW | G8: unsignedInt[0:100]
B9: Device.Services.FAPService.{i}.CellConfig.{i}.NR.Capabilities.GbrThresholdSwitch | C9: GbrThresholdSwitch | D9: 基于Gbr门限接纳控制开关 | E9: O | F9: RW | G9: boolean | H9: 基于GBR门限接纳控制开关
B10: Device.Services.FAPService.{i}.CellConfig.{i}.NR.Capabilities.GbrUlThreshold | C10: GbrUlThreshold | D10: Gbr上行门限 | E10: O | F10: RW | G10: unsignedLong[0..4,000,000,000,000]
B11: Device.Services.FAPService.{i}.CellConfig.{i}.NR.Capabilities.GbrDlThreshold | C11: GbrDlThreshold | D11: Gbr下行门限 | E11: O | F11: RW | G11: unsignedLong[0..4,000,000,000,000]
B12: Device.Services.FAPService.{i}.CellConfig.{i}.NR.Capabilities.SupportActiveRRCNumbers | C12: SupportActiveRRCNumbers | D12: 同时支持RRC激活最大用户数 | E12: M | F12: RW | G12: unsignedInt[0:65535] | H12: /
A13: 小区参数管理 | B13: Device.Services.FAPService.{i}.CellConfig.{i}.NR.RAN.RF.NRARFCNDL | C13: NRARFCNDL | D13: 下行NRARFCN | E13: M | F13: RW | G13: unsignedInt[0:3279165] | H13: 下行EARFCN
B14: Device.Services.FAPService.{i}.CellConfig.{i}.NR.RAN.RF.PhyCellID | C14: PhyCellID | D14: PCI | E14: M | F14: RW | G14: unsignedInt[0:1007] | H14: PCI
B15: Device.Services.FAPService.{i}.CellConfig.{i}.NR.RAN.RF.DLBandwidth | C15: DLBandwidth | D15: 下行带宽 | E15: M | F15: RW | G15: unsignedInt | H15: 下行带宽,约束：{5，10，15，20，25，30，40，50，60，80，90，100，200，400}
B16: Device.Services.FAPService.{i}.CellConfig.{i}.NR.RAN.RF.ULBandwidth | C16: ULBandwidth | D16: 上行带宽 | E16: M | F16: RW | G16: unsignedInt | H16: 上行带宽，约束{5，10，15，20，25，30，40，50，60，80，90，100，200，400}
B17: Device.Services.FAPService.{i}.CellConfig.{i}.NR.RAN.RF.NRARFCNUL | C17: NRARFCNUL | D17: 上行NRARFCN | E17: M | F17: RW | G17: unsignedInt[0:3279165] | H17: 上行或双向E-UTRA载频
B18: Device.Services.FAPService.{i}.CellConfig.{i}.NR.RAN.RF.FreqBandIndicator | C18: FreqBandIndicator | D18: 频带指示 | E18: M | F18: RW | G18: unsignedInt[1:1024] | H18: 频带指示
B19: Device.Services.FAPService.{i}.CellConfig.{i}.NR.RAN.RF.SsbFrequency | C19: ssbFrequency | D19: SSB频点号 | E19: M | F19: RW | G19: unsignedInt[0:3279165] | H19: 小区载频的SSB ARFCN
B20: Device.Services.FAPService.{i}.CellConfig.{i}.NR.RAN.RF.SsPBCHBlockPower | C20: SsPBCHBlockPower | D20: SSB Block功率值 | E20: M | F20: RW | G20: int[-60:50] | H20: SSB Block功率值
B21: Device.Services.FAPService.{i}.CellConfig.{i}.NR.RAN.Common.CellType | C21: CellType | D21: 小区类型 | E21: M | F21: R | G21: string {SUB1G,SUB6G,ABOVE6G} | H21: 小区类型
B22: Device.Services.FAPService.{i}.CellConfig.{i}.NR.RAN.Common.CellIdWithinGnb | C22: CellIdWithinGnb | D22: 站内小区Id | E22: M | F22: RW | G22: unsignedShort[0:16383] | H22: Gnb内唯一标识
B23: Device.Services.FAPService.{i}.CellConfig.{i}.NR.CN.EnableSliceAccessControl | C23: EnableSliceAccessControl | D23: 基于切片接纳控制开关 | E23: O | F23: RW | G23: boolean | H23: 基于切片接纳控制开关
A24: 小区闭塞 | B24: Device.Services.FAPService.{i}.CellConfig.{i}.NR.RAN.CellRestriction.CellBarred | C24: CellBarred | D24: 小区闭塞 | E24: M | F24: RW | G24: boolean | H24: {barred, notBarred}
A25: 小区激活/去激活 | B25: Device.Services.FAPService.{i}.CellConfig.{i}.NR.RAN.CellEnable.AdminState | C25: AdminState | D25: 小区管理状态 | E25: M | F25: RW | G25: boolean | H25: 0:关闭 1:开启
A26: 小区状态参数 | B26: Device.Services.FAPService.{i}.CellConfig.{i}.NR.RAN.OpState | C26: OpState | D26: 小区运行状态 | E26: M | F26: R | G26: boolean | H26: 0:禁止 1:启动
A27: 广播参数管理 | B27: Device.Services.FAPService.{i}.CellConfig.{i}.NR.RAN.SysInfoCtrlParam.MultiBandInfoListSIB1 | C27: MultiBandInfoListSIB1 | D27: SIB1中多频段指示参数 | E27: O | F27: RW | G27: unsignedInt[1:1024] | H27: /
B28: Device.Services.FAPService.{i}.CellConfig.{i}.NR.RAN.SysInfoCtrlParam.IdleModeRATMobile.{i}.MultiBandInfoListSIB5 | C28: MultiBandInfoListSIB5 | D28: SIB5中多频段指示参数 | E28: O | F28: RW | G28: unsignedInt[1:64]
A29: 安全算法 | B29: Device.Services.FAPService.{i}.CellConfig.{i}.NR.RAN.Common.Security.Integrity.{i}.Priority | C29: IntPrority | D29: 完保算法优先级 | E29: M | F29: RW | G29: unsignedInt[0:3]
B30: Device.Services.FAPService.{i}.CellConfig.{i}.NR.RAN.Common.Security.Integrity.{i}.Algorithm | C30: IntAlgorithm | D30: 完保算法 | E30: M | F30: RW | G30: string(64) | H30: {NIA0;128-NIA1;128-NIA2;128-NIA3}
B31: Device.Services.FAPService.{i}.CellConfig.{i}.NR.RAN.Common.Security.Cipher.{i}.Priority | C31: CipherPrority | D31: 加密算法优先级 | E31: M | F31: RW | G31: unsignedInt[0:3]
B32: Device.Services.FAPService.{i}.CellConfig.{i}.NR.RAN.Common.Security.Cipher.{i}.Algorithm | C32: CipherAlgorithm | D32: 加密算法 | E32: M | F32: RW | G32: string(64) | H32: {NEA0;128-NEA1;128-NEA2;128-NEA3}
A33: VoNR参数 | B33: Device.Services.FAPService.{i}.CellConfig.{i}.NR.VoNR.VoNRList.{i}.PLMNID | C33: PLMNID | D33: PLMN | E33: M | F33: RW | G33: string(6) | H33: PLMNID
B34: Device.Services.FAPService.{i}.CellConfig.{i}.NR.VoNR.VoNRList.{i}.VoSupport | C34: VoSupport | D34: 支持vonr方式 | E34: M | F34: RW | G34: string {vonr; fallback; auto} | H34: {vonr; fallback; auto}
B35: Device.Services.FAPService.{i}.CellConfig.{i}.NR.VoNR.VoNRList.{i}.Vo5qi | C35: Vo5qi | D35: vonr的专用承载 | E35: M | F35: RW | G35: unsignedInt[1…63] | H35: [1:63]
B36: Device.Services.FAPService.{i}.CellConfig.{i}.NR.VoNR.PdcpInitParam.{i}.RohcEn | C36: RohcEn | D36: 分QCI头压缩功能开关 | E36: M | F36: RW | G36: string(64) | H36: （ON，OFF, NA）,{i}取值范围[1,…,9]
B37: Device.Services.FAPService.{i}.CellConfig.{i}.NR.VoNR.VoNRSwitch | C37: VoNRSwitch | D37: VoNR开关 | E37: M | F37: RW | G37: boolean | H37: VoNR开关，0：不开启，1：开启
B38: Device.Services.FAPService.{i}.CellConfig.{i}.NR.VoNR.SPSSwitchQCI1Ul | C38: SPSSwitchQCI1Ul | D38: QCI1上行SPS功能开关 | E38: O | F38: RW | G38: string(64) | H38: （ON，OFF, NA）
A39: 负载均衡参数 | B39: Device.Services.FAPService.{i}.CellConfig.{i}.NR.Capabilities.LoadBalanceConfig.LoadBalanceSwitch | C39: LoadBalanceSwitch | D39: 负载均衡开关 | E39: O | F39: RW | G39: boolean | H39: 负载均衡开关
B40: Device.Services.FAPService.{i}.CellConfig.{i}.NR.Capabilities.LoadBalanceConfig.TimeToTrigger | C40: TimeToTrigger | D40: 触发时间 | E40: O | F40: RW | G40: unsignedInt[1:60] | H40: 触发负载均衡的时间
B41: Device.Services.FAPService.{i}.CellConfig.{i}.NR.Capabilities.LoadBalanceConfig.DlPrbUsage | C41: DlPrbUsage | D41: 负载均衡下行PRB门限 | E41: O | F41: RW | G41: unsignedInt[0:100] | H41: 负载均衡下行PRB门限
B42: Device.Services.FAPService.{i}.CellConfig.{i}.NR.Capabilities.LoadBalanceConfig.UlPrbUsage | C42: UlPrbUsage | D42: 负载均衡上行PRB门限 | E42: O | F42: RW | G42: unsignedInt[0:100] | H42: 负载均衡上行PRB门限
B43: Device.Services.FAPService.{i}.CellConfig.{i}.NR.Capabilities.LoadBalanceConfig.AcceptDlPrbUsage | C43: AcceptDlPrbUsage | D43: 允许均衡的目标小区下行PRB门限 | E43: O | F43: RW | G43: unsignedInt[0:100] | H43: 允许均衡的目标小区下行PRB门限
B44: Device.Services.FAPService.{i}.CellConfig.{i}.NR.Capabilities.LoadBalanceConfig.AcceptUlPrbUsage | C44: AcceptUlPrbUsage | D44: 允许均衡的目标小区上行PRB门限 | E44: O | F44: RW | G44: unsignedInt[0:100] | H44: 允许均衡的目标小区上行PRB门限
A45: 小区最大发射功率 | B45: Device.Services.FAPService.{i}.CellConfig.{i}.NR.RAN.MaxTxPower | C45: MaxTxPower | D45: 最大发射功率 | E45: M | F45: RW | G45: unsignedInt | H45: 单位dBm 指小基站所有通道发射功率总和
A46: 小区底噪测量 | B46: Device.Services.FAPService.{i}.CellConfig.{i}.NR.Capabilities.PRBNum | C46: PrbNum | D46: 子帧的PRB | E46: M | F46: RW | G46: string | H46: 需要开启接收干扰功率测量的上行子帧的PRB索引。可以选择273个PRB中的任意多个，例如{0..7,50,273}表示选择0号到7号，50号及273号共10个位置上的PRB，其中”..”表示连续区间，“,”表示分隔;{0,1,2,…273}
B47: Device.Services.FAPService.{i}.CellConfig.{i}.NR.Capabilities.NoisePwdBm | C47: NoisePwdBm | D47: 底噪 | E47: M | F47: R | G47: string | H47: /
A48: 节能管理参数 | B48: Device.Services.FAPService.{i}.CellConfig.{i}.NR.RAN.EnergySaveParam.EnergySavingType | C48: EnergySavingType | D48: 小区节能策略 | E48: O | F48: RW | G48: string(64) | H48: 节能模式配置： Enumerate{NOT_SAVING,DEEP_SAVING,SHALLOW_SAVING,SLOT_SWITCH}
B49: Device.Services.FAPService.{i}.CellConfig.{i}.NR.RAN.EnergySaveParam.EnergySavingTime | C49: EnergySavingTime | D49: 节能策略开始与结束时间 | E49: O | F49: RW | G49: string(64) | H49: 定义休眠的开始(时\分)与结束时间(时分) 实例：01:00:00-06:00:00
B50: Device.Services.FAPService.{i}.CellConfig.{i}.NR.RAN.EnergySaveParam.EnergySavingDelayTime | C50: EnergySavingDelayTime | D50: 节能策略迟滞时间 | E50: O | F50: RW | G50: unsignedInt | H50: 节能策略迟滞时间，取值 0..15分钟。当小区总负荷在该时间段内持续低于门限值时启动对应休眠策略
B51: Device.Services.FAPService.{i}.CellConfig.{i}.NR.RAN.EnergySaveParam.EnergySavingStage | C51: EnergySavingStage | D51: 小区节能状态/阶段 | E51: O | F51: R | G51: unsignedInt[1:3] | H51: 1: initialization,初始化状态，表示未进行休眠或默认状态 2: started,开始执行休眠状态 3: ongoing:正处于休眠状态
B52: Device.Services.FAPService.{i}.CellConfig.{i}.NR.RAN.EnergySaveParam.PrbLowThreshold | C52: PrbLowThreshold | D52: PRB利用率低门限 | E52: O | F52: RW | G52: unsignInt[0:100] | H52: PRB利用率低门限，表示百分比，取值1..99，例如1%~99%
B53: Device.Services.FAPService.{i}.CellConfig.{i}.NR.RAN.EnergySaveParam.RRCLowThreshold | C53: RRCLowThreshold | D53: RRC接入用户数低门限 | E53: O | F53: RW | G53: unsignedInt | H53: RRC连接用户数低门限
B54: Device.Services.FAPService.{i}.CellConfig.{i}.NR.RAN.EnergySaveParam.AutoXnCellActivationEnable | C54: AutoXnCellActivationEnable | D54: 自动激活邻站开关 | E54: O | F54: RW | G54: boolean | H54: 自动激活邻站开关
A55: 小区与RU映射 | B55: Device.Services.FAPService.{i}.CellConfig.{i}.NR.RAN.RouteIndexList | C55: RouteIndexList | D55: 路由指示列表 | E55: M | F55: RW | G55: string(512) | H55: 小区关联的RU列表，使用SA页RU的RouteIndex标识，RouteIndex为EU时，表示该EU下连接的RU都关联到该小区；RouteIndex为RU时，表示指定的RU关联到该小区，多个RouteIndex用逗号隔开
B56: Device.Services.FAPService.{i}.CellConfig.{i}.NR.RAN.RuList | C56: RuList | D56: RU列表 | E56: M | F56: RW | G56: string(512) | H56: 小区关联的RU列表，使用SA页RU的SerialNumber标识，多个RU用逗号隔开
A57: 小区标识参数 | B57: Device.Services.FAPService.{i}.CellConfig.{i}.NR.CN.TA.{i}.Ranac | C57: Ranac | D57: RAN区域编码 | E57: M | F57: RW | G57: unsignInt[0:255] | H57: The IE RAN-AreaCode is used to identify a RAN area within the scope of a tracking area
B58: Device.Services.FAPService.{i}.CellConfig.{i}.NR.CN.TA.{i}.PLMNList.{i}.PLMNID | C58: PLMNID | D58: 小区PLMNID | E58: M | F58: RW | G58: string(6) | H58: 由MCC和MNC组成
B59: Device.Services.FAPService.{i}.CellConfig.{i}.NR.CN.TA.{i}.PLMNList.{i}.SliceList.{i}.SNSSAI | C59: SNSSAI | D59: SNSSAI | E59: M | F59: RW | G59: unsignedInt[0:‭4294967295‬] | H59: 由SST和SD组成
B60: Device.Services.FAPService.{i}.CellConfig.{i}.NR.CN.TA.{i}.TAC | C60: TAC | D60: 跟踪区编码 | E60: M | F60: RW | G60: unsignedInt[0:16777215] | H60: 跟踪区代码，TAC(24bit)
B61: Device.Services.FAPService.{i}.CellConfig.{i}.NR.CN.TA.{i}.GnbId | C61: GnbId | D61: 基站Id | E61: O | F61: RW | G61: unsignedInt[0:268435455] | H61: 小区gNBiD
B62: Device.Services.FAPService.{i}.CellConfig.{i}.NR.CN.TA.{i}.GnbIdLength | C62: GnbIdLength | D62: 基站Id长度 | E62: O | F62: RW | G62: unsignedShort[22:32] | H62: gnbId长度
B63: Device.Services.FAPService.{i}.CellConfig.{i}.NR.CN.TA.{i}.NrcellIdentity | C63: NrCellIdentity | D63: 小区CellIdentity | E63: M | F63: R | G63: unsignedLong[0:68719476735] | H63: TA信息
B64: Device.Services.FAPService.{i}.CellConfig.{i}.NR.CN.TA.{i}.CellReservedForOperatorUse | C64: CellReservedForOperatorUse | D64: 小区PLMN预留标识 | E64: M | F64: RW | G64: boolean | H64: TA信息
B65: Device.Services.FAPService.{i}.CellConfig.{i}.NR.CN.EmergencyAreaID | C65: EmergencyAreaID | D65: EmergencyAreaID | E65: M | F65: RW | G65: unsignedInt[0:7] | H65: 突发事件区域ID(3bit)
B66: Device.Services.FAPService.{i}.CellConfig.{i}.NR.CN.CellReservedForOtherUse | C66: CellReservedForOtherUse | D66: 小区预留标识总开关 | E66: M | F66: RW | G66: boolean | H66: 供运营商使用的小区预留标志
A67: 安全参数管理 | B67: Device.Services.FAPService.{i}.CellConfig.{i}.NR.RAN.IntegrityProtAlgorithm.Nia0Enable | C67: Nia0Enable | D67: 完整性保护算法nia0 | E67: O | F67: RW | G67: boolean | H67: 约束：(false,true)
B68: Device.Services.FAPService.{i}.CellConfig.{i}.NR.RAN.IntegrityProtAlgorithm.Nia1Enable | C68: Nia1Enable | D68: 完整性保护算法nia1 | E68: O | F68: RW | G68: boolean | H68: 约束：(false,true)
B69: Device.Services.FAPService.{i}.CellConfig.{i}.NR.RAN.IntegrityProtAlgorithm.Nia2Enable | C69: Nia2Enable | D69: 完整性保护算法nia2 | E69: O | F69: RW | G69: boolean | H69: 约束：(false,true)
B70: Device.Services.FAPService.{i}.CellConfig.{i}.NR.RAN.IntegrityProtAlgorithm.Nia3Enable | C70: Nia3Enable | D70: 完整性保护算法nia3 | E70: O | F70: RW | G70: boolean | H70: 约束：(false,true)
B71: Device.Services.FAPService.{i}.CellConfig.{i}.NR.RAN.CipheringAlgorithm.Nea0Enable | C71: Nea0Enable | D71: 加密算法Nea0Enable | E71: O | F71: RW | G71: boolean | H71: {0:关闭,1:开启}
B72: Device.Services.FAPService.{i}.CellConfig.{i}.NR.RAN.CipheringAlgorithm.Nea1Enable | C72: Nea1Enable | D72: 加密算法Nea1Enable | E72: O | F72: RW | G72: boolean | H72: {0:关闭,1:开启}
B73: Device.Services.FAPService.{i}.CellConfig.{i}.NR.RAN.CipheringAlgorithm.Nea2Enable | C73: Nea2Enable | D73: 加密算法Nea2Enable | E73: O | F73: RW | G73: boolean | H73: {0:关闭,1:开启}
B74: Device.Services.FAPService.{i}.CellConfig.{i}.NR.RAN.CipheringAlgorithm.Nea3Enable | C74: Nea3Enable | D74: 加密算法Nea3Enable | E74: O | F74: RW | G74: boolean | H74: {0:关闭,1:开启}

Sheet SK
A1: 归类 | B1: 参数路径 | C1: 英文名称 | D1: 中文名称 | E1: 限定 | F1: 网管读写权限 | G1: 类型 | H1: 描述 | I1: 备注
A2: 物理层参数管理 | B2: Device.Services.FAPService.{i}.CellConfig.{i}.NR.RAN.PHY.FrequencyInfoDLSIB.OffsetToPointA | C2: OffsetToPointA | D2: SSB的PRB0中子载波0位置与PointA之间偏移值 | E2: M | F2: R | G2: unsignedInt[0:2199] | H2: 取值范围：0~2199 默认值为0
B3: Device.Services.FAPService.{i}.CellConfig.{i}.NR.RAN.PHY.FrequencyInfoDLSIB.MultiFrequencyBandListNRSIB.{i}.FreqBandIndicatorNR | C3: FreqBandIndicatorNR | D3: NR频段指示 | E3: M | F3: RW | G3: unsignedInt[1:1024] | H3: FreqBandIndList实际值 总个数最大为8，即i最大取8
B4: Device.Services.FAPService.{i}.CellConfig.{i}.NR.RAN.PHY.FrequencyInfoDLSIB.ScsSpecificCarrierList.{i}.SCSSpecificCarrier.OffsetToCarrier | C4: OffsetToCarrier | D4: 载波偏置(下行) | E4: M | F4: RW | G4: unsignedInt[0:2199] | H4: INTEGER (0..2199),i最大值取5
B5: Device.Services.FAPService.{i}.CellConfig.{i}.NR.RAN.PHY.FrequencyInfoDLSIB.ScsSpecificCarrierList.{i}.SCSSpecificCarrier.subcarrierSpacing | C5: SubcarrierSpacing | D5: 子载波间隔(下行) | E5: M | F5: RW | G5: unsignedInt[0:4] | H5: 子载波间隔 取值范围：{0, 1, 2, 3, 4} 0代表kHz15，1代表kHz30，2代表kHz60，3代表kHz120，4代表kHz240.,i最大值取5
B6: Device.Services.FAPService.{i}.CellConfig.{i}.NR.RAN.PHY.FrequencyInfoDLSIB.ScsSpecificCarrierList.{i}.SCSSpecificCarrier.CarrierBandwidth | C6: CarrierBandwidth | D6: 带宽值(下行) | E6: M | F6: RW | G6: unsignedInt[1:275] | H6: 取值范围：[1~275],i最大值取5
B7: Device.Services.FAPService.{i}.CellConfig.{i}.NR.RAN.PHY.FrequencyInfoULSIB.AbsoluteFrequencyPointA | C7: AbsoluteFrequencyPointA | D7: PointA绝对频点号 | E7: O | F7: R | G7: unsignedInt[0:3279165] | H7: PointA绝对频点号
B8: Device.Services.FAPService.{i}.CellConfig.{i}.NR.RAN.PHY.FrequencyInfoULSIB.ScsSpecificCarrierList.{i}.SCSSpecificCarrier.OffsetToCarrier | C8: OffsetToCarrier | D8: 载波偏置(上行) | E8: M | F8: RW | G8: unsignedInt[0:2199] | H8: 取值范围：[0~2199],i最大值取5
B9: Device.Services.FAPService.{i}.CellConfig.{i}.NR.RAN.PHY.FrequencyInfoULSIB.ScsSpecificCarrierList.{i}.SCSSpecificCarrier.SubcarrierSpacing | C9: SubcarrierSpacing | D9: 子载波间隔(上行) | E9: M | F9: RW | G9: unsignedInt[0:4] | H9: 子载波间隔 取值范围：{0, 1, 2, 3, 4} 0代表kHz15，1代表kHz30，2代表kHz60，3代表kHz120，4代表kHz240.,i最大值取5
B10: Device.Services.FAPService.{i}.CellConfig.{i}.NR.RAN.PHY.FrequencyInfoULSIB.ScsSpecificCarrierList.{i}.SCSSpecificCarrier.CarrierBandwidth | C10: CarrierBandwidth | D10: 带宽值(上行) | E10: M | F10: RW | G10: unsignedInt[1:275] | H10: 取值范围：[1~275],i最大值取5
B11: Device.Services.FAPService.{i}.CellConfig.{i}.NR.RAN.PHY.SSB.SsbPositionsInBurst.InOneGroup | C11: InOneGroup | D11: SSB索引bit位 | E11: M | F11: RW | G11: string(8) | H11: 指示SS-Burst-Set中的SSB的时域位置
B12: Device.Services.FAPService.{i}.CellConfig.{i}.NR.RAN.PHY.SSB.SsbPeriodicityServingCell | C12: SsbPeriodicityServingCell | D12: SSB周期 | E12: M | F12: RW | G12: unsignedInt[0:5] | H12: SS-Burst-Set的周期
B13: Device.Services.FAPService.{i}.CellConfig.{i}.NR.RAN.PHY.SSB.SsbSubcarrierOffset | C13: SsbSubcarrierOffset | D13: SSB子载波偏置 | E13: M | F13: R | G13: unsignedInt[0:15] | H13: kSSB的低4位，表示PointA相对于SSB子载波0的子载波偏移
B14: Device.Services.FAPService.{i}.CellConfig.{i}.NR.RAN.PHY.SubCarrierSpacingCommon | C14: SubCarrierSpacingCommon | D14: 公共子载波间隔 | E14: M | F14: RW | G14: string(64) | H14: 公共子载波间隔，SIB1、初始接入Msg.2/4、和SI-message使用的子载波间隔。 取值范围{scs15or60, scs30or120},
... B53: Device.Services.FAPService.{i}.CellConfig.{i}.NR.RAN.PHY.Antenna.NumOfRxAntenna | C53: NumOfRxAntenna | D53: 接收通道数 | E53: M | F53: RW | G53: unsignedInt[1:4] | H53: 小基站接收通道的数量
A54: MAC层参数管理 | B54: Device.Services.FAPService.{i}.CellConfig.{i}.NR.RAN.PHY.BWP.BWPUL.{i}.PUSCH.PuschTpcAccumulation | C54: PuschTpcAccumulation | D54: PUSCH累积式功控开关 | E54: MC | F54: RW | G54: boolean | H54: { 关闭:0, 打开:1 }
B55: Device.Services.FAPService.{i}.CellConfig.{i}.NR.RAN.PHY.BWP.BWPUL.{i}.PUCCHConfig.IntraSlotFrequencyHoppingPeriodEnable | C55: IntraSlotFrequencyHoppingPeriodEnable | D55: 时隙内跳频 | E55: MC | F55: RW | G55: boolean | H55: (0=false,1=true)
B56: Device.Services.FAPService.{i}.CellConfig.{i}.NR.RAN.PHY.BWP.BWPUL.{i}.PUCCHConfig.PucchTpcEnabled | C56: PucchTpcEnabled | D56: PucchTpc开启 | E56: M | F56: RW | G56: boolean | H56: 约束：(true, false)
B57: Device.Services.FAPService.{i}.CellConfig.{i}.NR.RAN.PHY.BWP.BWPUL.{i}.PUSCHConfig.TxConfig | C57: TxConfig | D57: Tx配置 | E57: MC | F57: RW | G57: string | H57: 约束：(codebook, noncodebook)
B58: Device.Services.FAPService.{i}.CellConfig.{i}.NR.RAN.PHY.BWP.BWPUL.{i}.PUSCHConfig.FrequencyHopping | C58: FrequencyHopping | D58: PUSCH跳频 | E58: O | F58: RW | G58: enumeration {freq-hopping-disable,intra-slot-freq-hopping,inter-slot-freq-hopping} | H58: PUSCH跳频使能
B59: Device.Services.FAPService.{i}.CellConfig.{i}.NR.RAN.PHY.BWP.BWPUL.{i}.PUSCHConfig.FrequencyHoppingOffsetLists.{i}.FrequencyHoppingOffset | C59: FrequencyHoppingOffsetLists | D59: PUSCH跳频偏移列表 | E59: O | F59: RW | G59: Int[0,274] | H59: PUSCH跳频偏移列表
B60: Device.Services.FAPService.{i}.CellConfig.{i}.NR.RAN.PHY.BWP.BWPUL.{i}.PUSCHConfig.DmrsUplinkForPUSCHMappingTypeA.DmrsType | C60: DmrsType | D60: PUSCH类型A的解调参考信号类型 | E60: MC | F60: RW | G60: enumeration {type1,type2} | H60: PUSCH类型A的解调参考信号类型
B61: Device.Services.FAPService.{i}.CellConfig.{i}.NR.RAN.PHY.BWP.BWPUL.{i}.PUSCHConfig.DmrsUplinkForPUSCHMappingTypeA.DmrsAdditionalPosition | C61: DmrsAdditionalPosition | D61: PUSCH类型A的解调参考信号额外位置 | E61: MC | F61: RW | G61: enumeration[pos0,pos1,pos2,pos3] | H61: PUSCH类型A的解调参考信号额外位置
B62: Device.Services.FAPService.{i}.CellConfig.{i}.NR.RAN.PHY.BWP.BWPUL.{i}.PUSCHConfig.DmrsUplinkForPUSCHMappingTypeB.DmrsType | C62: DmrsType | D62: PUSCH类型B的解调参考信号类型 | E62: MC | F62: RW | G62: enumeration {type1,type2} | H62: PUSCH类型B的解调参考信号类型
B63: Device.Services.FAPService.{i}.CellConfig.{i}.NR.RAN.PHY.BWP.BWPUL.{i}.PUSCHConfig.DmrsUplinkForPUSCHMappingTypeB.DmrsAdditionalPosition | C63: DmrsAdditionalPosition | D63: PUSCH类型B的解调参考信号额外位置 | E63: MC | F63: RW | G63: enumeration[pos0,pos1,pos2,pos3] | H63: PUSCH类型B的解调参考信号额外位置
B64: Device.Services.FAPService.{i}.CellConfig.{i}.NR.RAN.PHY.BWP.BWPUL.{i}.PUSCHConfig.PuschTpcEnabled | C64: PuschTpcEnabled | D64: PuschTpc开启 | E64: M | F64: RW | G64: boolean | H64: 约束：(true, false)
B65: Device.Services.FAPService.{i}.CellConfig.{i}.NR.RAN.PHY.BWP.BWPUL.{i}.PUSCHConfig.ResourceAllocationType | C65: ResourceAllocationType | D65: 资源分配类型 | E65: MC | F65: RW | G65: enumeration {type0, type1, dynamic} | H65: 约束：(type0, type1, dynamic)
B66: Device.Services.FAPService.{i}.CellConfig.{i}.NR.RAN.PHY.BWP.BWPUL.{i}.PUSCHConfig.ResourceAllocationAdaptiveValue | C66: ResourceAllocationAdaptiveValue | D66: 上行分配自适应值 | E66: MC | F66: RW | G66: unsignedShort[0:273] | H66: [0:273]
... B150: Device.Services.FAPService.{i}.CellConfig.{i}.NR.RAN.PHY.BWP.BWPUL.{i}.CyclicPrefix | C150: CyclicPrefix | D150: 循环前缀（上行） | E150: M | F150: RW | G150: string(64) | H150: 配置CP长度，取值范围{normal，extended}
B151: Device.Services.FAPService.{i}.CellConfig.{i}.NR.RAN.PHY.BWP.BWPUL.{i}.RACHConfigGeneric.PrachConfigurationIndex | C151: PrachConfigurationIndex | D151: PRACH时域配置 | E151: M | F151: RW | G151: unsignedInt[0:255]
B152: Device.Services.FAPService.{i}.CellConfig.{i}.NR.RAN.PHY.BWP.BWPUL.{i}.RACHConfigGeneric.Msg1FDM | C152: Msg1FDM | D152: PRACH频域资源个数 | E152: M | F152: RW | G152: unsignedInt[0:3] | H152: 取值范围：[0,1,2,3] 分别对应{one, two, four, eight}
B153: Device.Services.FAPService.{i}.CellConfig.{i}.NR.RAN.PHY.BWP.BWPUL.{i}.RACHConfigGeneric.Msg1FrequencyStart | C153: Msg1FrequencyStart | D153: PRACH频域起始位置 | E153: M | F153: RW | G153: unsignedInt[0:274] | H153: 取值范围：[0~274]
B154: Device.Services.FAPService.{i}.CellConfig.{i}.NR.RAN.PHY.BWP.BWPUL.{i}.RACHConfigGeneric.ZeroCorrelationZoneConfig | C154: ZeroCorrelationZoneConfig | D154: Ncs值 | E154: M | F154: RW | G154: unsignedInt[0:15] | H154: 取值范围：[0~15]
B155: Device.Services.FAPService.{i}.CellConfig.{i}.NR.RAN.PHY.BWP.BWPUL.{i}.RACHConfigGeneric.PreambleReceivedTargetPower | C155: PreambleReceivedTargetPower | D155: 前导目标接收功率 | E155: M | F155: RW | G155: int[-204,-60] | H155: 取值范围：[-202 ~ -60]
B156: Device.Services.FAPService.{i}.CellConfig.{i}.NR.RAN.PHY.BWP.BWPUL.{i}.RACHConfigGeneric.PreambleTransMax | C156: PreambleTransMax | D156: 最大前导发送次数 | E156: M | F156: RW | G156: unsignedInt[0:10] | H156: 取值范围：[0,1,2,3,4,5,6,7,8,9,10] 分别对应{n3, n4, n5, n6, n7, n8, n10, n20, n50, n100, n200}
B157: Device.Services.FAPService.{i}.CellConfig.{i}.NR.RAN.PHY.BWP.BWPUL.{i}.RACHConfigGeneric.PowerRampingStep | C157: PowerRampingStep | D157: 前导功率抬升步长 | E157: M | F157: RW | G157: unsignedInt[0:3] | H157: 取值范围：[0,1,2,3] 分别对应{dB0, dB2, dB4, dB6}
B158: Device.Services.FAPService.{i}.CellConfig.{i}.NR.RAN.PHY.BWP.BWPUL.{i}.RACHConfigGeneric.RaResponseWindow | C158: RaResponseWindow | D158: RAR窗长 | E158: M | F158: RW | G158: unsignedInt[0:7] | H158: 取值范围：[0,1,2,3,4,5,6,7] 分别对应{sl1, sl2, sl4, sl8, sl10, sl20, sl40, sl80}
B159: Device.Services.FAPService.{i}.CellConfig.{i}.NR.RAN.PHY.BWP.BWPUL.{i}.RACHConfigCommon.TotalNumberOfRAPreambles | C159: TotalNumberOfRAPreambles | D159: Preamble码个数 | E159: M | F159: RW | G159: unsignedInt[1:63,0x00000FFF] | H159: 取值范围：[1~63,0x00000FFF] 0x00000FFF表示无效
B160: Device.Services.FAPService.{i}.CellConfig.{i}.NR.RAN.PHY.BWP.BWPUL.{i}.RACHConfigCommon.SSBPerRACHOccasionChoice | C160: SSBPerRACHOccasionChoice | D160: PRACH对应SSB个数 | E160: M | F160: RW | G160: unsignedInt[0:7,0x0000000F] | H160: PRACH对应SSB个数，控制CBPreamblesPerSSB的选择范围，取值范围：[0~7, 0x0F] 分别对应{oneEighth, oneFourth, oneHalf, one, two, four, eight, sisteen} 0x0000000F表示无效
B161: Device.Services.FAPService.{i}.CellConfig.{i}.NR.RAN.PHY.BWP.BWPUL.{i}.RACHConfigCommon.CBPreamblesPerSSB | C161: CBPreamblesPerSSB | D161: SSB对应前导码个数 | E161: M | F161: RW | G161: unsignedInt[0:15] | H161: SSB对应前导码个数，1）SSBPerRACHOccasionChoice=0时，取值范围：[0~15]，对应{n4,n8,n12,n16,n20,n24,n28,n32,n36,n40,n44,n48,n52,n56,n60,n64}； 2）SSBPerRACHOccasionChoice=1时，取值范围：[0~15]，对应{n4,n8,n12,n16,n20,n24,n28,n32,n36,n40,n44,n48,n52,n56,n60,n64}； 3）SSBPerRACHOccasionChoice=2时，取值范围：[0~15]，对应{n4,n8,n12,n16,n20,n24,n28,n32,n36,n40,n44,n48,n52,n56,n60,n64}； 4）SSBPerRACHOccasionChoice=3时，取值范围：[0~15]，对应{n4,n8,n12,n16,n20,n24,n28,n32,n36,n40,n44,n48,n52,n56,n60,n64}；
B162: Device.Services.FAPService.{i}.CellConfig.{i}.NR.RAN.PHY.BWP.BWPUL.{i}.RACHConfigCommon.RaMsg3SizeGroupA | C162: RaMsg3SizeGroupA | D162: Msg3 GroupA大小门限 | E162: M | F162: RW | G162: unsignedInt[0:9] | H162: 取值范围：[0~9] 分别对应{ b56, b144, b208, b256, b282, b480, b640, b800, b1000,b72}
B163: Device.Services.FAPService.{i}.CellConfig.{i}.NR.RAN.PHY.BWP.BWPUL.{i}.RACHConfigCommon.MessagePowerOffsetGroupB | C163: MessagePowerOffsetGroupB | D163: Preamble码选择门限值 | E163: M | F163: RW | G163: unsignedInt[0:7] | H163: 取值范围：[0~7] 分别对应{ minusinfinity, dB0, dB5, dB8, dB10, dB12, dB15, dB18}
... B235: Device.Services.FAPService.{i}.CellConfig.{i}.NR.RAN.PHY.BWP.BWPDL.{i}.PDSCH.PDSCHTimeDomainResourceAllocationList.{i}.StartSymbolAndLength | C235: StartSymbolAndLength | D235: PDSCH起始符号和长度 | E235: M | F235: RW | G235: unsignedInt[0:127] | H235: PDSCH起始符号和长度。 取值范围：{0~127}，i取值最大16
A236: RRC参数管理（RRC计时器） | B236: Device.Services.FAPService.{i}.CellConfig.{i}.NR.RAN.RRCTimers.T300 | C236: T300 | D236: T300定时器 | E236: M | F236: RW | G236: unsignedInt[0:7] | H236: 连续RRCConnectionRequest传输之间的时间间隔,ms100对应100，ms200对应200，依次类推。 取值范围：[0~7] {ms100,ms200, ms300,ms400, ms600,ms1000, ms1500,ms2000}
B237: Device.Services.FAPService.{i}.CellConfig.{i}.NR.RAN.RRCTimers.T301 | C237: T301 | D237: T301定时器 | E237: M | F237: RW | G237: unsignedInt[0:7] | H237: 连续RRCConnectionReestablishmentRe quest传输之间的时间间隔，ms100对应100，ms200对应200，依次类推。 取值范围：[0~7] {ms100,ms200,ms300,ms400, ms600,ms1000, ms1500,ms2000}
B238: Device.Services.FAPService.{i}.CellConfig.{i}.NR.RAN.RRCTimers.T302 | C238: T302 | D238: T302定时器 | E238: M | F238: RW | G238: unsignedInt[1:16] | H238: RRCConnectionReject 之后小区重选或 RRConnectionSetup等待的时间
B239: Device.Services.FAPService.{i}.CellConfig.{i}.NR.RAN.RRCTimers.T304 | C239: T304 | D239: T304定时器 | E239: M | F239: RW | G239: unsignedInt[0:7] | H239: 在MCG中，T304定时器为切换失败定时器；在SCG中，T304定时器为同步失败定时器。
B240: Device.Services.FAPService.{i}.CellConfig.{i}.NR.RAN.RRCTimers.T310 | C240: T310 | D240: T310定时器 | E240: M | F240: RW | G240: unsignedInt[0:6] | H240: RLF声明定时器，ms0对应0，ms50对应50，依次类推。 取值范围：[0~6] {ms0,ms50,ms100，ms200,ms500, ms1000, ms2000}
B241: Device.Services.FAPService.{i}.CellConfig.{i}.NR.RAN.RRCTimers.T311 | C241: T311 | D241: T311定时器 | E241: M | F241: RW | G241: unsignedInt[0:6] | H241: RLF恢复定时器，ms1000对应1000，ms3000对应3000，依次类推。 取值范围：[0~6] {ms1000,ms3000, ms5000,ms10000, ms15000,ms20000, ms30000}
B242: Device.Services.FAPService.{i}.CellConfig.{i}.NR.RAN.RRCTimers.T320 | C242: T320 | D242: T320定时器 | E242: M | F242: RW | G242: unsignedInt[0:6] | H242: 小区重选定时器，取值范围：[0~6] [min5,min10,min20,min30,min60,min120,min180]
B243: Device.Services.FAPService.{i}.CellConfig.{i}.NR.RAN.RRCTimers.N310 | C243: N310 | D243: N310计数器 | E243: M | F243: RW | G243: unsignedInt[0:6] | H243: 从低层收到的”out-of-sync” 标志的连续数目，会触发T310定时器。对应TS 38.331 中n310参数，n1对应1，n2对应2，依次类推， 取值范围：[0~7] {n1,n2,n3,n4,n6,n8,n10, n20}
B244: Device.Services.FAPService.{i}.CellConfig.{i}.NR.RAN.RRCTimers.N311 | C244: N311 | D244: N311计数器 | E244: M | F244: RW | G244: unsignedInt[0:6] | H244: 从低层收到的”in-sync”标志的连续数目，会停止T310定时器。对应TS 38.331的n311参数，n1对应1，n2对应2，依次类推， 取值范围：[0~7] {n1,n2,n3,n4,n5,n6,n8,n10}
B245: Device.Services.FAPService.{i}.CellConfig.{i}.NR.RAN.RRCTimers.T319 | C245: T319 | D245: T319定时器 | E245: M | F245: RW | G245: unsignedInt[0:7] | H245: 当UE发送RRC恢复请求时开启的定时器。 取值范围：[0~7] 分别代表 { ms100,ms200,ms300,ms400, ms600,ms1000, ms1500,ms2000}
B246: Device.Services.FAPService.{i}.CellConfig.{i}.NR.RAN.RRCTimers.T380 | C246: T380 | D246: T380定时器 | E246: M | F246: RW | G246: unsignedInt[0:7] | H246: RNAU周期，min5对应5，min10对应10，以此类推。 取值范围[0~7] { min5, min10, min20, min30, min60, min120, min360, min720}
A247: SIB1设置 | B247: Device.Services.FAPService.{i}.CellConfig.{i}.NR.RAN.PHY.SIB1.UseFullResumeID | C247: UseFullResumeID | D247: 使用完整ID | E247: MC | F247: RW | G247: boolean | H247: 约束：(Boolean)
A248: DRX参数管理 | B248: Device.Services.FAPService.{i}.CellConfig.{i}.NR.RAN.Drx.{i}.QCI | C248: QCI | D248: DrxLongCycle中的QCI | E248: M | F248: RW | G248: unsignedInt | H248: DrxLongCycle中的QCI
B249: Device.Services.FAPService.{i}.CellConfig.{i}.NR.RAN.Drx.{i}.DrxAlgoSwitch | C249: DrxAlgoSwitch | D249: DRX算法开关 | E249: MC | F249: RW | G249: boolean | H249: {0:关闭,1:开启}
B250: Device.Services.FAPService.{i}.CellConfig.{i}.NR.RAN.Drx.{i}.PLMNList.{i}.PLMNID | C250: PLMNID | D250: 小区PLMNID | E250: MC | F250: RW | G250: string(6) | H250: 由MCC和MNC组成
B251: Device.Services.FAPService.{i}.CellConfig.{i}.NR.RAN.Drx.{i}.DrxLongCycle | C251: DrxLongCycle | D251: DRX长周期的长度 | E251: MC | F251: RW | G251: string | H251: 字符串取值：ms10, ms20, ms32, ms40, ms60, ms64, ms70, ms80, ms128, ms160, ms256, ms320, ms512, ms640, ms1024, ms1280, ms2048, ms2560, ms5120, ms10240, spare12, spare11, spare10, spare9, spare8, spare7 spare6, spare5, spare4, spare3, spare2, spare1
B252: Device.Services.FAPService.{i}.CellConfig.{i}.NR.RAN.Drx.{i}.DrxonDurationTimer | C252: DrxonDurationTimer | D252: DRX持续时间定时器 | E252: MC | F252: RW | G252: string | H252: DRX周期内终端持续监听PDCCH的时间,字符串取值 ms1_32, ms2_32, ms3_32, ms4_32, ms5_32, ms6_32, ms7_32, ms8_32, ms9_32, ms10_32, ms11_32, ms12_32, ms13_32, ms14_32, ms15_32, ms16_32, ms17_32, ms18_32, ms19_32, ms20_32,ms21_32, ms22_32, ms23_32, ms24_32, ms25_32, ms26_32,ms27_32, ms28_32, ms29_32, ms30_32, ms31_32, ms1, ms2, ms3, ms4, ms5, ms6, ms8, ms10, ms20, ms30, ms40, ms50, ms60, ms80, ms100, ms200, ms300, ms400, ms500, ms600, ms800, ms1000, ms1200, ms1600, spare8, spare7 spare6, spare5, spare4, spare3, spare2, spare1 注：ms1_32 表示 1/32ms ... ms31_32表示 31/32ms
B253: Device.Services.FAPService.{i}.CellConfig.{i}.NR.RAN.Drx.{i}.DrxInactivityTimer | C253: DrxInactivityTimer | D253: DRX非激活定时器 | E253: MC | F253: RW | G253: string | H253: 新传调度之后的持续监听PDCCH时间，字符串取值ms0, ms1, ms2, ms3, ms4, ms5, ms6, ms8, ms10, ms20, ms30, ms40, ms50, ms60, ms80, ms100, ms200, ms300, ms500, ms750, ms1280, ms1920, ms2560, spare9, spare8, spare7, spare6, spare5, spare4, spare3, spare2, spare1
B254: Device.Services.FAPService.{i}.CellConfig.{i}.NR.RAN.Drx.{i}.DrxHARQRTTTimerDL | C254: DrxHARQRTTTimerDL | D254: DRX下行HARQ RTT定时器 | E254: MC | F254: RW | G254: string | H254: 取值范围{0, 14, 28, 42, 56}
B255: Device.Services.FAPService.{i}.CellConfig.{i}.NR.RAN.Drx.{i}.DrxHARQRTTTimerUL | C255: DrxHARQRTTTimerUL | D255: DRX上行HARQ RTT定时器 | E255: MC | F255: RW | G255: string | H255: 取值范围{0, 14, 28, 42, 56}
B256: Device.Services.FAPService.{i}.CellConfig.{i}.NR.RAN.Drx.{i}.DrxRetransmissionTimerDL | C256: DrxRetransmissionTimerDL | D256: DRX下行Retransmission定时器 | E256: MC | F256: RW | G256: string | H256: 取值范围{sl1, sl2, sl4, sl6, sl8, sl16, sl24, sl33, sl40, sl64, sl80, sl96, sl112, sl128, sl160, sl320}
B257: Device.Services.FAPService.{i}.CellConfig.{i}.NR.RAN.Drx.{i}.DrxRetransmissionTimerUL | C257: DrxRetransmissionTimerUL | D257: DRX上行Retransmission定时器 | E257: MC | F257: RW | G257: string | H257: 取值范围{sl1, sl2, sl4, sl6, sl8, sl16, sl24, sl33, sl40, sl64, sl80, sl96, sl112, sl128, sl160, sl320}
B258: Device.Services.FAPService.{i}.CellConfig.{i}.NR.RAN.Drx.{i}.DrxShortCycle | C258: DrxShortCycle | D258: DRX短周期 | E258: MC | F258: RW | G258: string | H258: 取值范围{2ms, 3ms, 4ms, 5ms, 6ms, 7ms, 8ms, 10ms, 14ms, 16ms, 20ms, 30ms, 32ms, 35ms, 40ms, 64ms, 80ms, 128ms, 160ms, 256ms, 320ms, 512ms, 640ms}
B259: Device.Services.FAPService.{i}.CellConfig.{i}.NR.RAN.Drx.{i}.DrxShortCycleTimer | C259: DrxShortCycleTimer | D259: DRX短周期定时器 | E259: MC | F259: RW | G259: unsignedShort | H259: 约束：(1~16)
B260: Device.Services.FAPService.{i}.CellConfig.{i}.NR.RAN.Drx.{i}.DrxShortCycleEnabled | C260: DrxShortCycleEnabled | D260: 短周期DRX使能 | E260: MC | F260: RW | G260: boolean | H260: 约束：(false,true)
A261: 寻呼参数管理 | B261: Device.Services.FAPService.{i}.CellConfig.{i}.NR.RAN.PCCHConfig.DefaultPagingCycle | C261: DefaultPagingCycle | D261: 默认寻呼周期 | E261: MC | F261: RW | G261: string(64) | H261: 指示PCCH的默认寻呼周期。 取值Enumerate{:rf32, rf64, rf128}
B262: Device.Services.FAPService.{i}.CellConfig.{i}.NR.RAN.PCCHConfig.PagingFrameOffset | C262: PagingFrameOffset | D262: 寻呼偏置 | E262: MC | F262: RW | G262: unsignedInt[0:15] | H262: 该参数用于表示寻呼周期内寻呼帧的个数。 nAndPagingFrameOffset 取值范围 structure { n（寻呼周期内PF个数）:=enum{oneT, halfT,quarterT, oneEighthT,oneSixteenthT}， PagingFrameOffset(寻呼偏置) :=INTERGER }； nAndPagingFrameOffset取值为oneT，则PagingFrameOffset 为NULL。 Used to derive the number of total paging frames in T (corresponding to parameter N in TS 38.304 [20]) and paging frame offset (corresponding to parameter PF_offset in TS 38.304 [20]). 详见3GPP 38.331 section 6.3.2
B263: Device.Services.FAPService.{i}.CellConfig.{i}.NR.RAN.PCCHConfig.N | C263: N | D263: 寻呼总帧数 | E263: MC | F263: RW | G263: unsignedInt[1,2,4,8,16] | H263: 该参数用于表示寻呼周期内寻呼帧的个数。 nAndPagingFrameOffset 取值范围 structure { n（寻呼周期内PF个数）:=enum{oneT, halfT,quarterT, oneEighthT,oneSixteenthT}， PagingFrameOffset(寻呼偏置) :=INTERGER }； nAndPagingFrameOffset取值为oneT，则PagingFrameOffset 为NULL。 Used to derive the number of total paging frames in T (corresponding to parameter N in TS 38.304 [20]) and paging frame offset (corresponding to parameter PF_offset in TS 38.304 [20]). 详见3GPP 38.331 section 6.3.2
B264: Device.Services.FAPService.{i}.CellConfig.{i}.NR.RAN.PCCHConfig.Ns | C264: Ns | D264: PF中PO个数 | E264: MC | F264: RW | G264: string(64) | H264: 指示PF中寻呼时机PO的个数。Enum{four,two,one}
A265: QoS映射DRB参数管理 | B265: Device.Services.FAPService.{i}.CellConfig.{i}.NR.RAN.RadioBearParam.{i}.5QI | C265: 5QI | D265: 5QI | E265: MC | F265: RW | G265: unsignedInt[0:255,...] | H265: 5QI，TS23.501
B266: Device.Services.FAPService.{i}.CellConfig.{i}.NR.RAN.RadioBearParam.{i}.MappingDrbIndex | C266: MappingDrbIndex | D266: 映射到的DRB | E266: MC | F266: RW | G266: string(64) | H266: 字符串，描述5QI与DRB映射关系，DRB之间使用","分割，例如：某5QI使用的DRB是5,10和32，则表示为"5,10,32"

Sheet SL
A1: 归类 | B1: 参数路径 | C1: 英文名称 | D1: 中文名称 | E1: 限定 | F1: 网管读写权限 | G1: 类型 | H1: 描述 | I1: 备注
A2: 5G邻区参数管理 | B2: Device.Services.FAPService.{i}.CellConfig.{i}.NR.RAN.NeighborList.NRCell.{i}.PLMNID | C2: PLMNID | D2: 邻区PLMN ID | E2: M | F2: RW | G2: string(6) | H2: 邻区PLMN ID，由MCC和MNC组成
B3: Device.Services.FAPService.{i}.CellConfig.{i}.NR.RAN.NeighborList.NRCell.{i}.CID | C3: CID | D3: 邻区CID | E3: M | F3: RW | G3: unsignedLong[1:68719476735] | H3: 邻区CID（36bit）
B4: Device.Services.FAPService.{i}.CellConfig.{i}.NR.RAN.NeighborList.NRCell.{i}.NbrGnbIdLength | C4: NbrGnbIdLength | D4: 邻区gnbID长度 | E4: M | F4: RW | G4: unsignedInt[22:32] | H4: 邻区gnbID长度
B5: Device.Services.FAPService.{i}.CellConfig.{i}.NR.RAN.NeighborList.NRCell.{i}.NRCarrierARFCN | C5: NRCarrierARFCN | D5: NR邻区载频的ARFCN | E5: M | F5: RW | G5: unsignedInt[0:3279165] | H5: NR邻区载频的ARFCN
B6: Device.Services.FAPService.{i}.CellConfig.{i}.NR.RAN.NeighborList.NRCell.{i}.ssbFrequency | C6: ssbFrequency | D6: SSB频点号 | E6: M | F6: RW | G6: unsignedInt[0:3279165] | H6: NR邻区载频的SSB ARFCN
B7: Device.Services.FAPService.{i}.CellConfig.{i}.NR.RAN.NeighborList.NRCell.{i}.ssbSubcarrierSpacing | C7: ssbSubcarrierSpacing | D7: SSB子载波间隔 | E7: M | F7: RW | G7: unsignedInt[0:4] | H7: 子载波间隔，取值范围：{0, 1, 2, 3, 4} 0代表kHz15，1代表kHz30，2代表kHz60，3代表kHz120，4代表kHz240.
B8: Device.Services.FAPService.{i}.CellConfig.{i}.NR.RAN.NeighborList.NRCell.{i}.PhyCellID | C8: PhyCellID | D8: 邻区物理小区ID | E8: M | F8: RW | G8: unsignedInt[0:1007] | H8: NR邻区PCI
B9: Device.Services.FAPService.{i}.CellConfig.{i}.NR.RAN.NeighborList.NRCell.{i}.TAC | C9: TAC | D9: 邻区TAC | E9: M | F9: RW | G9: unsignedInt[0:16777215] | H9: TAC（24bit）
B10: Device.Services.FAPService.{i}.CellConfig.{i}.NR.RAN.NeighborList.NRCell.{i}.QOffset | C10: QOffset | D10: 小区特定偏移量 | E10: M | F10: RW | G10: string(6) | H10: 邻区的小区特定偏移量，ENUMERATED {dB-24, dB-22, dB-20, dB-18, dB-16, dB-14,dB-12, dB-10, dB-8, dB-6, dB-5, dB-4, dB-3, dB-2, dB-1, dB0, dB1, dB2, dB3, dB4, dB5, dB6, dB8, dB10, dB12, dB14, dB16, dB18,dB20, dB22, dB24}
B11: Device.Services.FAPService.{i}.CellConfig.{i}.NR.RAN.NeighborList.NRCell.{i}.QRxLevMinOffsetCell | C11: QRxLevMinOffsetCell | D11: 小区专用最小接收电平偏移量 | E11: M | F11: RW | G11: unsignedInt[1:8,15] | H11: 15代表这个参数不存在
B12: Device.Services.FAPService.{i}.CellConfig.{i}.NR.RAN.NeighborList.NRCell.{i}.QQualMinOffsetCell | C12: QQualMinOffsetCell | D12: 小区专用最低接入信号质量偏移值 | E12: M | F12: RW | G12: unsignedInt[1:8,15] | H12: 15代表这个参数不存在
B13: Device.Services.FAPService.{i}.CellConfig.{i}.NR.RAN.NeighborList.NRCell.{i}.CIO | C13: CIO | D13: 小区独立偏移量 | E13: M | F13: RW | G13: string(6) | H13: 邻区的小区独立偏移量，ENUMERATED {dB-24, dB-22, dB-20, dB-18, dB-16, dB-14,dB-12, dB-10, dB-8, dB-6, dB-5, dB-4, dB-3, dB-2, dB-1, dB0, dB1, dB2, dB3, dB4, dB5, dB6, dB8, dB10, dB12, dB14, dB16, dB18,dB20, dB22, dB24}
B14: Device.Services.FAPService.{i}.CellConfig.{i}.NR.RAN.NeighborList.NRCell.{i}.Blacklisted | C14: Blacklisted | D14: 禁止切换标识 | E14: MC | F14: RW | G14: boolean | H14: 邻小区是否可以被UE作为切换目标， 1=禁止向该小区切换； 0=允许向该小区切换
... B18: Device.Services.FAPService.{i}.CellConfig.{i}.NR.RAN.NeighborList.NRCell.{i}.NoXnEnable | C18: NoXnEnable | D18: 禁止建立Xn标识 | E18: MC | F18: RW | G18: boolean | H18: 该参数表示是否允许本小区与该邻区是否可建立Xn连接。1=禁止向该小区建立Xn连接；0=允许向该小区建立Xn连接
A19: LTE邻区参数管理 | B19: Device.Services.FAPService.{i}.CellConfig.{i}.NR.RAN.NeighborList.LTECell.{i}.TcRAT | C19: TcRAT | D19: LTE小区制式 | E19: M | F19: RW | G19: unsignedInt[1,2] | H19: 参数用于指示该邻区关系对应的LTE邻区制式，{1:TDD,2:FDD}。
B20: Device.Services.FAPService.{i}.CellConfig.{i}.NR.RAN.NeighborList.LTECell.{i}.PLMNID | C20: PLMNID | D20: 邻区PLMN ID | E20: M | F20: RW | G20: string(6) | H20: 邻区PLMN ID，由MCC和MNC组成
B21: Device.Services.FAPService.{i}.CellConfig.{i}.NR.RAN.NeighborList.LTECell.{i}.CID | C21: CID | D21: 邻区CID | E21: M | F21: RW | G21: unsignedInt[1:268435455] | H21: 邻区CID（28bit）
B22: Device.Services.FAPService.{i}.CellConfig.{i}.NR.RAN.NeighborList.LTECell.{i}.EUTRACarrierARFCN | C22: EUTRACarrierARFCN | D22: 邻区EARFCN | E22: M | F22: RW | G22: unsignedInt[0:65535] | H22: 邻区载频的EARFCN
B23: Device.Services.FAPService.{i}.CellConfig.{i}.NR.RAN.NeighborList.LTECell.{i}.PhyCellID | C23: PhyCellID | D23: 邻区PCI | E23: M | F23: RW | G23: unsignedInt[0:503] | H23: 4G邻区PCI
B24: Device.Services.FAPService.{i}.CellConfig.{i}.NR.RAN.NeighborList.LTECell.{i}.QOffset | C24: QOffset | D24: 小区特定偏移量 | E24: M | F24: RW | G24: string(6) | H24: 邻区的小区特定偏移量，ENUMERATED {dB-24, dB-22, dB-20, dB-18, dB-16, dB-14,dB-12, dB-10, dB-8, dB-6, dB-5, dB-4, dB-3, dB-2, dB-1, dB0, dB1, dB2, dB3, dB4, dB5, dB6, dB8, dB10, dB12, dB14, dB16, dB18,dB20, dB22, dB24}
B25: Device.Services.FAPService.{i}.CellConfig.{i}.NR.RAN.NeighborList.LTECell.{i}.QRxLevMinOffsetCell | C25: QRxLevMinOffsetCell | D25: 小区专用最小接收电平偏移量 | E25: M | F25: RW | G25: unsignedInt[1:8,15] | H25: 15代表这个参数不存在
B26: Device.Services.FAPService.{i}.CellConfig.{i}.NR.RAN.NeighborList.LTECell.{i}.QQualMinOffsetCell | C26: QQualMinOffsetCell | D26: 小区专用最低接入信号质量偏移值 | E26: M | F26: RW | G26: unsignedInt[1:8,15] | H26: 15代表这个参数不存在
B27: Device.Services.FAPService.{i}.CellConfig.{i}.NR.RAN.NeighborList.LTECell.{i}.CIO | C27: CIO | D27: 小区独立偏移量 | E27: M | F27: RW | G27: string(6) | H27: 邻区的小区独立偏移量，ENUMERATED {dB-24, dB-22, dB-20, dB-18, dB-16, dB-14,dB-12, dB-10, dB-8, dB-6, dB-5, dB-4, dB-3, dB-2, dB-1, dB0, dB1, dB2, dB3, dB4, dB5, dB6, dB8, dB10, dB12, dB14, dB16, dB18,dB20, dB22, dB24}
B28: Device.Services.FAPService.{i}.CellConfig.{i}.NR.RAN.NeighborList.LTECell.{i}.Blacklisted | C28: Blacklisted | D28: 禁止切换标识 | E28: MC | F28: RW | G28: boolean | H28: 邻小区是否可以被UE作为切换目标， 1=禁止向该小区切换； 0=允许向该小区切换
B29: Device.Services.FAPService.{i}.CellConfig.{i}.NR.RAN.NeighborList.LTECell.{i}.TAC | C29: TAC | D29: 邻区TAC | E29: M | F29: RW | G29: unsignedInt[0:65535] | H29: TAC（16bit）
B30: Device.Services.FAPService.{i}.CellConfig.{i}.NR.RAN.NeighborList.LTECell.{i}.EnbType | C30: EnbType | D30: 邻区基站类型 | E30: M | F30: RW | G30: unsignedInt[0:2] | H30: 基站类型 Macro cell=0,Short Micro cell=1,Long Micro cell=2
B31: Device.Services.FAPService.{i}.CellConfig.{i}.NR.RAN.NeighborList.LTECell.{i}.NoHOEnable | C31: NoHOEnable | D31: 禁止切换标识 | E31: MC | F31: RW | G31: boolean | H31: 邻小区是否可以被UE作为切换目标， 1=禁止向该小区切换； 0=允许向该小区切换
... B33: Device.Services.FAPService.{i}.CellConfig.{i}.NR.RAN.NeighborList.LTECell.{i}.NoX2Enable | C33: NoX2Enable | D33: 禁止建立X2标识 | E33: MC | F33: RW | G33: boolean | H33: 该参数表示是否允许本小区与该邻区是否可建立X2连接。1=禁止向该小区建立X2连接；0=允许向该小区建立X2连接

Sheet SM
A1: 归类 | B1: 参数路径 | C1: 英文名称 | D1: 中文名称 | E1: 限定 | F1: 网管读写权限 | G1: 类型 | H1: 描述 | I1: 备注
A2: 测量公共参数 | B2: Device.Services.FAPService.{i}.CellConfig.{i}.NR.RAN.Mobility.ConnMode.NR.MeasureCtrl.IntraCellHoEnabled | C2: IntraCellHoEnabled | D2: 小区内的ho是否启用 | E2: M | F2: R | G2: boolean
B3: Device.Services.FAPService.{i}.CellConfig.{i}.NR.RAN.Mobility.ConnMode.NR.MeasureCtrl.Smeasure | C3: SmeasureConfig | D3: 测量启动门限 | E3: MC | F3: RW | G3: unsignedInt[0:127] | H3: 测量启动门限
B4: Device.Services.FAPService.{i}.CellConfig.{i}.NR.RAN.Mobility.ConnMode.NR.MeasureCtrl.QuantityConfig.QuantityConfigNR.{i}.QuantityConfigCell.SsbFilterRSRP | C4: SsbFilterRSRP | D4: 小区SSB滤波RSRP | E4: O | F4: RW | G4: string{FILTER_COEFFICIENT_FC0,FILTER_COEFFICIENT_FC1,FILTER_COEFFICIENT_FC2,FILTER_COEFFICIENT_FC3,FILTER_COEFFICIENT_FC4,FILTER_COEFFICIENT_FC5,FILTER_COEFFICIENT_FC6,FILTER_COEFFICIENT_FC7,FILTER_COEFFICIENT_FC8,FILTER_COEFFICIENT_FC9,FILTER_COEFFICIENT_FC11,FILTER_COEFFICIENT_FC13,FILTER_COEFFICIENT_FC15,FILTER_COEFFICIENT_FC17,FILTER_COEFFICIENT_FC19,FILTER_COEFFICIENT_SPARE1} | H4: Ssb测量RSRP过滤系数，可选参数，协议中描述若缺省使用默认值FC4
B5: Device.Services.FAPService.{i}.CellConfig.{i}.NR.RAN.Mobility.ConnMode.NR.MeasureCtrl.QuantityConfig.QuantityConfigNR.{i}.QuantityConfigCell.SsbFilterRSRQ | C5: SsbFilterRSRQ | D5: 小区SSB滤波RSRQ | E5: O | F5: RW | G5: string{FILTER_COEFFICIENT_FC0,FILTER_COEFFICIENT_FC1,FILTER_COEFFICIENT_FC2,FILTER_COEFFICIENT_FC3,FILTER_COEFFICIENT_FC4,FILTER_COEFFICIENT_FC5,FILTER_COEFFICIENT_FC6,FILTER_COEFFICIENT_FC7,FILTER_COEFFICIENT_FC8,FILTER_COEFFICIENT_FC9,FILTER_COEFFICIENT_FC11,FILTER_COEFFICIENT_FC13,FILTER_COEFFICIENT_FC15,FILTER_COEFFICIENT_FC17,FILTER_COEFFICIENT_FC19,FILTER_COEFFICIENT_SPARE1} | H5: Ssb测量RSRQ过滤系数
B6: Device.Services.FAPService.{i}.CellConfig.{i}.NR.RAN.Mobility.ConnMode.NR.MeasureCtrl.QuantityConfig.QuantityConfigNR.{i}.QuantityConfigCell.SsbFilterSINR | C6: SsbFilterSINR | D6: 小区SSB滤波SINR | E6: O | F6: RW | G6: string{FILTER_COEFFICIENT_FC0,FILTER_COEFFICIENT_FC1,FILTER_COEFFICIENT_FC2,FILTER_COEFFICIENT_FC3,FILTER_COEFFICIENT_FC4,FILTER_COEFFICIENT_FC5,FILTER_COEFFICIENT_FC6,FILTER_COEFFICIENT_FC7,FILTER_COEFFICIENT_FC8,FILTER_COEFFICIENT_FC9,FILTER_COEFFICIENT_FC11,FILTER_COEFFICIENT_FC13,FILTER_COEFFICIENT_FC15,FILTER_COEFFICIENT_FC17,FILTER_COEFFICIENT_FC19,FILTER_COEFFICIENT_SPARE1} | H6: Ssb测量SINR过滤系数
B7: Device.Services.FAPService.{i}.CellConfig.{i}.NR.RAN.Mobility.ConnMode.NR.MeasureCtrl.QuantityConfig.QuantityConfigNR.{i}.QuantityConfigCell.CsirsFilterRSRP | C7: CsirsFilterRSRP | D7: 小区CSI-RS滤波RSRP | E7: O | F7: RW | G7: string{FILTER_COEFFICIENT_FC0,FILTER_COEFFICIENT_FC1,FILTER_COEFFICIENT_FC2,FILTER_COEFFICIENT_FC3,FILTER_COEFFICIENT_FC4,FILTER_COEFFICIENT_FC5,FILTER_COEFFICIENT_FC6,FILTER_COEFFICIENT_FC7,FILTER_COEFFICIENT_FC8,FILTER_COEFFICIENT_FC9,FILTER_COEFFICIENT_FC11,FILTER_COEFFICIENT_FC13,FILTER_COEFFICIENT_FC15,FILTER_COEFFICIENT_FC17,FILTER_COEFFICIENT_FC19,FILTER_COEFFICIENT_SPARE1} | H7: CSI-RS测量RSRP过滤系数
B8: Device.Services.FAPService.{i}.CellConfig.{i}.NR.RAN.Mobility.ConnMode.NR.MeasureCtrl.QuantityConfig.QuantityConfigNR.{i}.QuantityConfigCell.CsirsFilterRSRQ | C8: CsirsFilterRSRQ | D8: 小区CSI-RS滤波RSRQ | E8: O | F8: RW | G8: string{FILTER_COEFFICIENT_FC0,FILTER_COEFFICIENT_FC1,FILTER_COEFFICIENT_FC2,FILTER_COEFFICIENT_FC3,FILTER_COEFFICIENT_FC4,FILTER_COEFFICIENT_FC5,FILTER_COEFFICIENT_FC6,FILTER_COEFFICIENT_FC7,FILTER_COEFFICIENT_FC8,FILTER_COEFFICIENT_FC9,FILTER_COEFFICIENT_FC11,FILTER_COEFFICIENT_FC13,FILTER_COEFFICIENT_FC15,FILTER_COEFFICIENT_FC17,FILTER_COEFFICIENT_FC19,FILTER_COEFFICIENT_SPARE1} | H8: Csirs测量RSRQ过滤系数
B9: Device.Services.FAPService.{i}.CellConfig.{i}.NR.RAN.Mobility.ConnMode.NR.MeasureCtrl.QuantityConfig.QuantityConfigNR.{i}.QuantityConfigCell.CsirsFilterSINR | C9: CsirsFilterSINR | D9: 小区CSI-RS滤波SINR | E9: O | F9: RW | G9: string{FILTER_COEFFICIENT_FC0,FILTER_COEFFICIENT_FC1,FILTER_COEFFICIENT_FC2,FILTER_COEFFICIENT_FC3,FILTER_COEFFICIENT_FC4,FILTER_COEFFICIENT_FC5,FILTER_COEFFICIENT_FC6,FILTER_COEFFICIENT_FC7,FILTER_COEFFICIENT_FC8,FILTER_COEFFICIENT_FC9,FILTER_COEFFICIENT_FC11,FILTER_COEFFICIENT_FC13,FILTER_COEFFICIENT_FC15,FILTER_COEFFICIENT_FC17,FILTER_COEFFICIENT_FC19,FILTER_COEFFICIENT_SPARE1} | H9: Csirs测量SINR过滤系数
B10: Device.Services.FAPService.{i}.CellConfig.{i}.NR.RAN.Mobility.ConnMode.NR.MeasureCtrl.QuantityConfig.QuantityConfigNR.{i}.QuantityConfigRsIndex.SsbFilterRSRP | C10: SsbFilterRSRP | D10: 波束SSB滤波RSRP | E10: O | F10: RW | G10: string{FILTER_COEFFICIENT_FC0,FILTER_COEFFICIENT_FC1,FILTER_COEFFICIENT_FC2,FILTER_COEFFICIENT_FC3,FILTER_COEFFICIENT_FC4,FILTER_COEFFICIENT_FC5,FILTER_COEFFICIENT_FC6,FILTER_COEFFICIENT_FC7,FILTER_COEFFICIENT_FC8,FILTER_COEFFICIENT_FC9,FILTER_COEFFICIENT_FC11,FILTER_COEFFICIENT_FC13,FILTER_COEFFICIENT_FC15,FILTER_COEFFICIENT_FC17,FILTER_COEFFICIENT_FC19,FILTER_COEFFICIENT_SPARE1} | H10: Ssb测量RSRP过滤系数
B11: Device.Services.FAPService.{i}.CellConfig.{i}.NR.RAN.Mobility.ConnMode.NR.MeasureCtrl.QuantityConfig.QuantityConfigNR.{i}.QuantityConfigRsIndex.SsbFilterRSRQ | C11: SsbFilterRSRQ | D11: 波束SSB滤波RSRQ | E11: O | F11: RW | G11: string{FILTER_COEFFICIENT_FC0,FILTER_COEFFICIENT_FC1,FILTER_COEFFICIENT_FC2,FILTER_COEFFICIENT_FC3,FILTER_COEFFICIENT_FC4,FILTER_COEFFICIENT_FC5,FILTER_COEFFICIENT_FC6,FILTER_COEFFICIENT_FC7,FILTER_COEFFICIENT_FC8,FILTER_COEFFICIENT_FC9,FILTER_COEFFICIENT_FC11,FILTER_COEFFICIENT_FC13,FILTER_COEFFICIENT_FC15,FILTER_COEFFICIENT_FC17,FILTER_COEFFICIENT_FC19,FILTER_COEFFICIENT_SPARE1} | H11: Ssb测量RSRQ过滤系数
B12: Device.Services.FAPService.{i}.CellConfig.{i}.NR.RAN.Mobility.ConnMode.NR.MeasureCtrl.QuantityConfig.QuantityConfigNR.{i}.QuantityConfigRsIndex.SsbFilterSINR | C12: SsbFilterSINR | D12: 波束SSB滤波SINR | E12: O | F12: RW | G12: string{FILTER_COEFFICIENT_FC0,FILTER_COEFFICIENT_FC1,FILTER_COEFFICIENT_FC2,FILTER_COEFFICIENT_FC3,FILTER_COEFFICIENT_FC4,FILTER_COEFFICIENT_FC5,FILTER_COEFFICIENT_FC6,FILTER_COEFFICIENT_FC7,FILTER_COEFFICIENT_FC8,FILTER_COEFFICIENT_FC9,FILTER_COEFFICIENT_FC11,FILTER_COEFFICIENT_FC13,FILTER_COEFFICIENT_FC15,FILTER_COEFFICIENT_FC17,FILTER_COEFFICIENT_FC19,FILTER_COEFFICIENT_SPARE1} | H12: Ssb测量SINR过滤系数
B13: Device.Services.FAPService.{i}.CellConfig.{i}.NR.RAN.Mobility.ConnMode.NR.MeasureCtrl.QuantityConfig.QuantityConfigNR.{i}.QuantityConfigRsIndex.CsirsFilterRSRP | C13: CsirsFilterRSRP | D13: 波束CSI-RS滤波RSRP | E13: O | F13: RW | G13: string{FILTER_COEFFICIENT_FC0,FILTER_COEFFICIENT_FC1,FILTER_COEFFICIENT_FC2,FILTER_COEFFICIENT_FC3,FILTER_COEFFICIENT_FC4,FILTER_COEFFICIENT_FC5,FILTER_COEFFICIENT_FC6,FILTER_COEFFICIENT_FC7,FILTER_COEFFICIENT_FC8,FILTER_COEFFICIENT_FC9,FILTER_COEFFICIENT_FC11,FILTER_COEFFICIENT_FC13,FILTER_COEFFICIENT_FC15,FILTER_COEFFICIENT_FC17,FILTER_COEFFICIENT_FC19,FILTER_COEFFICIENT_SPARE1} | H13: Csirs测量RSRP过滤系数
B14: Device.Services.FAPService.{i}.CellConfig.{i}.NR.RAN.Mobility.ConnMode.NR.MeasureCtrl.QuantityConfig.QuantityConfigNR.{i}.QuantityConfigRsIndex.CsirsFilterRSRQ | C14: CsirsFilterRSRQ | D14: 波束CSI-RS滤波RSRQ | E14: O | F14: RW | G14: string{FILTER_COEFFICIENT_FC0,FILTER_COEFFICIENT_FC1,FILTER_COEFFICIENT_FC2,FILTER_COEFFICIENT_FC3,FILTER_COEFFICIENT_FC4,FILTER_COEFFICIENT_FC5,FILTER_COEFFICIENT_FC6,FILTER_COEFFICIENT_FC7,FILTER_COEFFICIENT_FC8,FILTER_COEFFICIENT_FC9,FILTER_COEFFICIENT_FC11,FILTER_COEFFICIENT_FC13,FILTER_COEFFICIENT_FC15,FILTER_COEFFICIENT_FC17,FILTER_COEFFICIENT_FC19,FILTER_COEFFICIENT_SPARE1} | H14: CSI-RS测量RSRQ过滤系数
... B18: Device.Services.FAPService.{i}.CellConfig.{i}.NR.RAN.Mobility.ConnMode.NR.MeasureCtrl.QuantityConfig.QuantityConfigEutra.FilterSINR | C18: FilterSINR | D18: Eutra滤波SINR | E18: O | F18: RW | G18: string{FILTER_COEFFICIENT_FC0,FILTER_COEFFICIENT_FC1,FILTER_COEFFICIENT_FC2,FILTER_COEFFICIENT_FC3,FILTER_COEFFICIENT_FC4,FILTER_COEFFICIENT_FC5,FILTER_COEFFICIENT_FC6,FILTER_COEFFICIENT_FC7,FILTER_COEFFICIENT_FC8,FILTER_COEFFICIENT_FC9,FILTER_COEFFICIENT_FC11,FILTER_COEFFICIENT_FC13,FILTER_COEFFICIENT_FC15,FILTER_COEFFICIENT_FC17,FILTER_COEFFICIENT_FC19,FILTER_COEFFICIENT_SPARE1} | H18: SINR过滤系数
A19: 周期性测量的配置 | B19: Device.Services.FAPService.{i}.CellConfig.{i}.NR.RAN.Mobility.ConnMode.NR.PeriodMeasCtrl.{i}.Enable | C19: Enable | D19: 使能开关 | E19: O | F19: RW | G19: boolean
B20: Device.Services.FAPService.{i}.CellConfig.{i}.NR.RAN.Mobility.ConnMode.NR.PeriodMeasCtrl.{i}.PlmnId.{i}.PLMN | C20: PLMN | D20: 事件支持的PlMN | E20: O | F20: RW | G20: string(6) | H20: 事件属于的PLMN
B21: Device.Services.FAPService.{i}.CellConfig.{i}.NR.RAN.Mobility.ConnMode.NR.PeriodMeasCtrl.{i}.RsType | C21: RsType | D21: 测量类型指示 | E21: O | F21: RW | G21: string | H21: 用来指示测量参考信号的类型，是ssb还是csi-rs,{ssb,csi-rs}
B22: Device.Services.FAPService.{i}.CellConfig.{i}.NR.RAN.Mobility.ConnMode.NR.PeriodMeasCtrl.{i}.IncludeBeamMeasurements | C22: IncludeBeamMeasurements | D22: 波束赋形测量指示 | E22: O | F22: RW | G22: boolean
B23: Device.Services.FAPService.{i}.CellConfig.{i}.NR.RAN.Mobility.ConnMode.NR.PeriodMeasCtrl.{i}.UseWhiteCellList | C23: UseWhiteCellList | D23: 小区测量白名单指示 | E23: O | F23: RW | G23: boolean
B24: Device.Services.FAPService.{i}.CellConfig.{i}.NR.RAN.Mobility.ConnMode.NR.PeriodMeasCtrl.{i}.ReportQuantity | C24: reportQuantity | D24: 上报量 | E24: O | F24: RW | G24: string | H24: 测量报告中的上报量 {rsrp rsrq sinr }
B25: Device.Services.FAPService.{i}.CellConfig.{i}.NR.RAN.Mobility.ConnMode.NR.PeriodMeasCtrl.{i}.MaxReportCells | C25: MaxReportCells | D25: 小区的最大数目 | E25: O | F25: RW | G25: unsignedInt[1:8] | H25: 小区的最大数目
B26: Device.Services.FAPService.{i}.CellConfig.{i}.NR.RAN.Mobility.ConnMode.NR.PeriodMeasCtrl.{i}.ReportInterval | C26: ReportInterval | D26: 周期性测量报告 | E26: O | F26: RW | G26: unsignedInt[120, 240, 480, 640, 1024, 2048, 5120, 10240,40960,60000,360000, 720000,1800000] | H26: 周期性测量报告
B27: Device.Services.FAPService.{i}.CellConfig.{i}.NR.RAN.Mobility.ConnMode.NR.PeriodMeasCtrl.{i}.ReportAmount | C27: ReportAmount | D27: 测量报告次数 | E27: O | F27: RW | G27: unsignedInt[0:2, 4, 8, 16, 32, 64] | H27: 测量报告发送的次数，0表示无限次; 参见36.331协议中测量章节描述，在reportCGI时，此参数ReportAmount=1
B28: Device.Services.FAPService.{i}.CellConfig.{i}.NR.RAN.Mobility.ConnMode.NR.PeriodMeasCtrl.{i}.MeasurePurpose | C28: MeasurePurpose | D28: 测量目的 | E28: O | F28: RW | G28: unsignedInt[1:100]
B29: Device.Services.FAPService.{i}.CellConfig.{i}.NR.RAN.Mobility.ConnMode.NR.PeriodMeasCtrl.{i}.RptQuantityRsIndex | C29: RptQuantityRsIndex | D29: 周期性事件波束测量结果上报 | E29: O | F29: RW | G29: string{rsrp,rsrq,sinr} | H29: 周期性事件上报包含的波束测量结果
B30: Device.Services.FAPService.{i}.CellConfig.{i}.NR.RAN.Mobility.ConnMode.NR.PeriodMeasCtrl.{i}.MaxNrofRSIndexToReport | C30: MaxNrofRSIndexToReport | D30: 测量结果中包括的做大波束数目 | E30: O | F30: RW | G30: unsignedInt[0:32] | H30: 0表示absent
A31: A1事件测量控制参数 | B31: Device.Services.FAPService.{i}.CellConfig.{i}.NR.RAN.Mobility.ConnMode.NR.A1MeasureCtrl.{i}.Enable | C31: Enable | D31: 使能开关 | E31: M | F31: RW | G31: boolean | H31: 是否启用该表项
B32: Device.Services.FAPService.{i}.CellConfig.{i}.NR.RAN.Mobility.ConnMode.NR.A1MeasureCtrl.{i}.PlmnId.{i}.PLMN | C32: PLMN | D32: A1事件属于的Plmn | E32: MC | F32: RW | G32: string(6) | H32: A1事件属于的Plmn
B33: Device.Services.FAPService.{i}.CellConfig.{i}.NR.RAN.Mobility.ConnMode.NR.A1MeasureCtrl.{i}.A1ThresholdRSRP | C33: A1ThresholdRSRP | D33: A1事件RSRP门限 | E33: MC | F33: RW | G33: unsignedInt[0:127] | H33: 用于NR测量中,触发量为RSRP时,A1事件触发条件的绝对门限
B34: Device.Services.FAPService.{i}.CellConfig.{i}.NR.RAN.Mobility.ConnMode.NR.A1MeasureCtrl.{i}.A1ThresholdRSRQ | C34: A1ThresholdRSRQ | D34: A1事件RSRQ门限 | E34: MC | F34: RW | G34: unsignedInt[0:127] | H34: 用于NR测量中,触发量为RSRQ时,A1事件触发条件的绝对门限
B35: Device.Services.FAPService.{i}.CellConfig.{i}.NR.RAN.Mobility.ConnMode.NR.A1MeasureCtrl.{i}.A1ThresholdSINR | C35: A1ThresholdSINR | D35: A1事件SINR门限 | E35: MC | F35: RW | G35: unsignedInt[0:127] | H35: 用于NR测量中，触发量为SINR时，A1事件触发条件的绝对门限
B36: Device.Services.FAPService.{i}.CellConfig.{i}.NR.RAN.Mobility.ConnMode.NR.A1MeasureCtrl.{i}.ReportOnLeave | C36: ReportOnLeave | D36: A1事件离开上报指示 | E36: M | F36: RW | G36: boolean | H36: 某小区的离开状态满足时,UE是否触发测量上报过程； 0:代表不满足条件的小区离开测量列表时不进行上报； 1:代表都会触发测量结果的填写以及上报消息的发送
B37: Device.Services.FAPService.{i}.CellConfig.{i}.NR.RAN.Mobility.ConnMode.NR.A1MeasureCtrl.{i}.Hysteresis | C37: Hysteresis | D37: 迟滞值 | E37: M | F37: RW | G37: unsignedInt[0:30] | H37: 进入和离开上报触发事件条件的滞后值
B38: Device.Services.FAPService.{i}.CellConfig.{i}.NR.RAN.Mobility.ConnMode.NR.A1MeasureCtrl.{i}.MaxReportCells | C38: MaxReportCells | D38: 最大上报小区数 | E38: M | F38: RW | G38: unsignedInt[1:8] | H38: 测量报告中包含小区的最大数目
B39: Device.Services.FAPService.{i}.CellConfig.{i}.NR.RAN.Mobility.ConnMode.NR.A1MeasureCtrl.{i}.MeasurePurpose | C39: MeasurePurpose | D39: 测量目的 | E39: M | F39: RW | G39: unsignedInt[1:100] | H39: 用于表明当前配置事件的使用目的，厂家自定义测量事件从10开始定义
B40: Device.Services.FAPService.{i}.CellConfig.{i}.NR.RAN.Mobility.ConnMode.NR.A1MeasureCtrl.{i}.ReportAmount | C40: ReportAmount | D40: 上报次数 | E40: M | F40: RW | G40: unsignedInt[0:2, 4, 8, 16, 32, 64] | H40: 测量报告发送的次数，0表示无限次
B41: Device.Services.FAPService.{i}.CellConfig.{i}.NR.RAN.Mobility.ConnMode.NR.A1MeasureCtrl.{i}.ReportInterval | C41: ReportInterval | D41: 上报间隔 | E41: M | F41: RW | G41: unsignedInt[120, 240, 480, 640, 1024, 2048, 5120, 10240,40960, 60000, 360000, 720000, 1800000] | H41: 连续测量报告之间的间隔，单位ms
B42: Device.Services.FAPService.{i}.CellConfig.{i}.NR.RAN.Mobility.ConnMode.NR.A1MeasureCtrl.{i}.TimeToTrigger | C42: TimeToTrigger | D42: 触发时间 | E42: M | F42: RW | G42: unsignedInt[0,40, 64, 80,100,128, 160,256,320, 480, 512, 640, 1024,1280,2560,5120] | H42: 为了满足触发RAT测量报告,触发条件持续的时间，单位ms
B43: Device.Services.FAPService.{i}.CellConfig.{i}.NR.RAN.Mobility.ConnMode.NR.A1MeasureCtrl.{i}.RsType | C43: RsType | D43: 测量类型指示 | E43: M | F43: RW | G43: string | H43: 用来指示测量参考信号的类型，是ssb还是csi-rs,{ssb,csi-rs}
... B49: Device.Services.FAPService.{i}.CellConfig.{i}.NR.RAN.Mobility.ConnMode.NR.A1MeasureCtrl.{i}.TriggerQuantity | C49: TriggerQuantity | D49: A1事件上报触发量 | E49: M | F49: RW | G49: string{rsrp,rsrq,sinr} | H49: A1事件上报触发量
A50: A2事件测量控制参数 | B50: Device.Services.FAPService.{i}.CellConfig.{i}.NR.RAN.Mobility.ConnMode.NR.A2MeasureCtrl.{i}.Enable | C50: Enable | D50: 使能开关 | E50: M | F50: RW | G50: boolean | H50: 是否启用该表项
B51: Device.Services.FAPService.{i}.CellConfig.{i}.NR.RAN.Mobility.ConnMode.NR.A2MeasureCtrl.{i}.PlmnId.{i}.PLMN | C51: PLMN | D51: A2事件属于的PLMN | E51: MC | F51: RW | G51: string(6) | H51: A2事件属于的PLMN
B52: Device.Services.FAPService.{i}.CellConfig.{i}.NR.RAN.Mobility.ConnMode.NR.A2MeasureCtrl.{i}.A2ThresholdRSRP | C52: A2ThresholdRSRP | D52: A2事件RSRP门限 | E52: MC | F52: RW | G52: unsignedInt[0:127] | H52: 用于NR测量中,触发量为RSRP时,A2事件触发条件的绝对门限
B53: Device.Services.FAPService.{i}.CellConfig.{i}.NR.RAN.Mobility.ConnMode.NR.A2MeasureCtrl.{i}.A2ThresholdRSRQ | C53: A2ThresholdRSRQ | D53: A2事件RSRQ门限 | E53: MC | F53: RW | G53: unsignedInt[0:127] | H53: 用于NR测量中,触发量为RSRQ时,A2事件触发条件的绝对门限
B54: Device.Services.FAPService.{i}.CellConfig.{i}.NR.RAN.Mobility.ConnMode.NR.A2MeasureCtrl.{i}.A2ThresholdSINR | C54: A2ThresholdSINR | D54: A2事件SINR门限 | E54: MC | F54: RW | G54: unsignedInt[0:127] | H54: 用于NR测量中，触发量为SINR时，A2事件触发条件的绝对门限
B55: Device.Services.FAPService.{i}.CellConfig.{i}.NR.RAN.Mobility.ConnMode.NR.A2MeasureCtrl.{i}.ReportOnLeave | C55: ReportOnLeave | D55: A2事件离开上报指示 | E55: M | F55: RW | G55: boolen | H55: 某小区的离开状态满足时,UE是否触发测量上报过程； 0:代表不满足条件的小区离开测量列表时不进行上报； 1:代表都会触发测量结果的填写以及上报消息的发送
B56: Device.Services.FAPService.{i}.CellConfig.{i}.NR.RAN.Mobility.ConnMode.NR.A2MeasureCtrl.{i}.Hysteresis | C56: Hysteresis | D56: 迟滞值 | E56: M | F56: RW | G56: unsignedInt[0:30] | H56: 进入和离开上报触发事件条件的滞后值
B57: Device.Services.FAPService.{i}.CellConfig.{i}.NR.RAN.Mobility.ConnMode.NR.A2MeasureCtrl.{i}.MaxReportCells | C57: MaxReportCells | D57: 最大上报小区数 | E57: M | F57: RW | G57: unsignedInt[1:8] | H57: 测量报告中包含小区的最大数目
B58: Device.Services.FAPService.{i}.CellConfig.{i}.NR.RAN.Mobility.ConnMode.NR.A2MeasureCtrl.{i}.MeasurePurpose | C58: MeasurePurpose | D58: 测量目的 | E58: M | F58: R | G58: unsignedInt[1:100] | H58: 用于表明当前配置事件的使用目的，厂家自定义测量事件从10开始定义
B59: Device.Services.FAPService.{i}.CellConfig.{i}.NR.RAN.Mobility.ConnMode.NR.A2MeasureCtrl.{i}.ReportAmount | C59: ReportAmount | D59: 上报次数 | E59: M | F59: RW | G59: unsignedInt[0:2, 4, 8, 16, 32, 64] | H59: 测量报告发送的次数，0表示无限次
B60: Device.Services.FAPService.{i}.CellConfig.{i}.NR.RAN.Mobility.ConnMode.NR.A2MeasureCtrl.{i}.ReportInterval | C60: ReportInterval | D60: 上报间隔 | E60: M | F60: RW | G60: unsignedInt[120, 240, 480, 640, 1024, 2048, 5120, 10240,40960, 60000, 360000, 720000, 1800000] | H60: 连续测量报告之间的间隔，单位ms
B61: Device.Services.FAPService.{i}.CellConfig.{i}.NR.RAN.Mobility.ConnMode.NR.A2MeasureCtrl.{i}.TimeToTrigger | C61: TimeToTrigger | D61: 触发时间 | E61: M | F61: RW | G61: unsignedInt[0,40, 64, 80,100,128, 160,256,320, 480, 512, 640, 1024,1280,2560,5120] | H61: 为了满足触发RAT测量报告触发条件持续的时间，单位ms
B62: Device.Services.FAPService.{i}.CellConfig.{i}.NR.RAN.Mobility.ConnMode.NR.A2MeasureCtrl.{i}.RsType | C62: RsType | D62: 测量类型指示 | E62: M | F62: RW | G62: string | H62: 用来指示测量参考信号的类型，是ssb还是csi-rs,{ssb,csi-rs}
... B68: Device.Services.FAPService.{i}.CellConfig.{i}.NR.RAN.Mobility.ConnMode.NR.A2MeasureCtrl.{i}.TriggerQuantity | C68: TriggerQuantity | D68: A2事件上报触发量 | E68: M | F68: RW | G68: string{rsrp,rsrq,sinr} | H68: A2事件上报触发量
A69: A3事件测量控制参数 | B69: Device.Services.FAPService.{i}.CellConfig.{i}.NR.RAN.Mobility.ConnMode.NR.A3MeasureCtrl.{i}.Enable | C69: Enable | D69: 使能开关 | E69: M | F69: RW | G69: boolean | H69: 是否启用该表项
B70: Device.Services.FAPService.{i}.CellConfig.{i}.NR.RAN.Mobility.ConnMode.NR.A3MeasureCtrl.{i}.PlmnId.{i}.PLMN | C70: PLMN | D70: 事件支持的PlMN | E70: MC | F70: RW | G70: string(6) | H70: 事件属于的PLMN
B71: Device.Services.FAPService.{i}.CellConfig.{i}.NR.RAN.Mobility.ConnMode.NR.A3MeasureCtrl.{i}.A3OffsetRSRP | C71: A3OffsetRSRP | D71: A3事件RSRP门限 | E71: MC | F71: RW | G71: int[-30:30] | H71: 用于NR测量中，A3事件RSRP触发条件的相对门限值
B72: Device.Services.FAPService.{i}.CellConfig.{i}.NR.RAN.Mobility.ConnMode.NR.A3MeasureCtrl.{i}.A3OffsetRSRQ | C72: A3OffsetRSRQ | D72: A3事件RSRQ门限 | E72: MC | F72: RW | G72: int[-30:30] | H72: 用于NR测量中，A3事件RSRQ触发条件的相对门限值
B73: Device.Services.FAPService.{i}.CellConfig.{i}.NR.RAN.Mobility.ConnMode.NR.A3MeasureCtrl.{i}.A3OffsetSINR | C73: A3OffsetSINR | D73: A3事件SINR门限 | E73: MC | F73: RW | G73: int[-30:30] | H73: 用于NR测量中，A3事件SINR触发条件的相对门限值
B74: Device.Services.FAPService.{i}.CellConfig.{i}.NR.RAN.Mobility.ConnMode.NR.A3MeasureCtrl.{i}.Hysteresis | C74: Hysteresis | D74: 迟滞值 | E74: M | F74: RW | G74: unsignedInt[0:30] | H74: 进入和离开上报触发事件条件的滞后值
B75: Device.Services.FAPService.{i}.CellConfig.{i}.NR.RAN.Mobility.ConnMode.NR.A3MeasureCtrl.{i}.MaxReportCells | C75: MaxReportCells | D75: 最大上报小区数 | E75: M | F75: RW | G75: unsignedInt[1:8] | H75: 测量报告中包含小区的最大数目
B76: Device.Services.FAPService.{i}.CellConfig.{i}.NR.RAN.Mobility.ConnMode.NR.A3MeasureCtrl.{i}.MeasurePurpose | C76: MeasurePurpose | D76: 测量目的 | E76: M | F76: R | G76: unsignedInt[1:100] | H76: 用于表明当前配置事件的使用目的，厂家自定义测量事件从10开始定义
B77: Device.Services.FAPService.{i}.CellConfig.{i}.NR.RAN.Mobility.ConnMode.NR.A3MeasureCtrl.{i}.ReportAmount | C77: ReportAmount | D77: 上报次数 | E77: M | F77: RW | G77: unsignedInt[0:2, 4, 8, 16, 32, 64] | H77: 测量报告发送的次数，0表示无限次
B78: Device.Services.FAPService.{i}.CellConfig.{i}.NR.RAN.Mobility.ConnMode.NR.A3MeasureCtrl.{i}.ReportOnLeave | C78: ReportOnLeave | D78: A3事件离开上报指示 | E78: M | F78: RW | G78: boolean | H78: 某小区的离开状态满足时,UE是否触发测量上报过程； 0:代表不满足条件的小区离开测量列表时不进行上报； 1:代表都会触发测量结果的填写以及上报消息的发送
B79: Device.Services.FAPService.{i}.CellConfig.{i}.NR.RAN.Mobility.ConnMode.NR.A3MeasureCtrl.{i}.ReportInterval | C79: ReportInterval | D79: 上报间隔 | E79: M | F79: RW | G79: unsignedInt[120, 240, 480, 640, 1024, 2048, 5120, 10240,40960, 60000, 360000, 720000, 1800000] | H79: 为了满足触发RAT测量报告触发条件持续的时间
B80: Device.Services.FAPService.{i}.CellConfig.{i}.NR.RAN.Mobility.ConnMode.NR.A3MeasureCtrl.{i}.TimeToTrigger | C80: TimeToTrigger | D80: 触发时间 | E80: M | F80: RW | G80: unsignedInt[0,40, 64, 80,100,128, 160,256,320, 480, 512, 640, 1024,1280,2560,5120] | H80: 为了满足触发RAT测量报告触发条件持续的时间，单位ms
B81: Device.Services.FAPService.{i}.CellConfig.{i}.NR.RAN.Mobility.ConnMode.NR.A3MeasureCtrl.{i}.UseWhiteCellList | C81: UseWhiteCellList | D81: 小区测量白名单指示 | E81: O | F81: RW | G81: boolean | H81: 指示是否使用小区测量白名单。 1：表示当相关小区包含在whiteCellsToAddModList中时，考虑任何邻区，关联measObjectNRto是否适合； 0：表示当相关小区没有包含在blackCellsToAddModList中时，考虑任何邻区，关联measObjectNRto是否适合；
... B88: Device.Services.FAPService.{i}.CellConfig.{i}.NR.RAN.Mobility.ConnMode.NR.A3MeasureCtrl.{i}.TriggerQuantity | C88: TriggerQuantity | D88: A3事件上报触发量 | E88: M | F88: RW | G88: string{rsrp,rsrq,sinr} | H88: A3事件上报触发量
A89: A4事件测量控制参数 | B89: Device.Services.FAPService.{i}.CellConfig.{i}.NR.RAN.Mobility.ConnMode.NR.A4MeasureCtrl.{i}.Enable | C89: Enable | D89: 使能开关 | E89: M | F89: RW | G89: boolean | H89: 是否启用该表项
B90: Device.Services.FAPService.{i}.CellConfig.{i}.NR.RAN.Mobility.ConnMode.NR.A4MeasureCtrl.{i}.PlmnId.{i}.PLMN | C90: PLMN | D90: 事件支持的PlMN | E90: MC | F90: RW | G90: string(6) | H90: 事件属于的PLMN
B91: Device.Services.FAPService.{i}.CellConfig.{i}.NR.RAN.Mobility.ConnMode.NR.A4MeasureCtrl.{i}.A4ThresholdRSRP | C91: A4ThresholdRSRP | D91: A4事件RSRP门限 | E91: MC | F91: RW | G91: unsignedInt[0:127] | H91: 用于NR测量中,触发量为RSRP时,A4事件触发条件的绝对门
B92: Device.Services.FAPService.{i}.CellConfig.{i}.NR.RAN.Mobility.ConnMode.NR.A4MeasureCtrl.{i}.A4ThresholdRSRQ | C92: A4ThresholdRSRQ | D92: A4事件RSRQ门限 | E92: MC | F92: RW | G92: unsignedInt[0:127] | H92: 用于NR测量中,触发量为RSRQ时,A4事件触发条件的绝对门限
B93: Device.Services.FAPService.{i}.CellConfig.{i}.NR.RAN.Mobility.ConnMode.NR.A4MeasureCtrl.{i}.A4ThresholdSINR | C93: A4ThresholdSINR | D93: A4事件SINR门限 | E93: MC | F93: RW | G93: unsignedInt[0:127] | H93: 用于NR测量中,触发量为SINR时,A4事件触发条件的绝对门限
B94: Device.Services.FAPService.{i}.CellConfig.{i}.NR.RAN.Mobility.ConnMode.NR.A4MeasureCtrl.{i}.ReportOnLeave | C94: ReportOnLeave | D94: A4事件离开上报指示 | E94: M | F94: RW | G94: boolean | H94: 某小区的离开状态满足时,UE是否触发测量上报过程； 0:代表不满足条件的小区离开测量列表时不进行上报； 1:代表都会触发测量结果的填写以及上报消息的发送
B95: Device.Services.FAPService.{i}.CellConfig.{i}.NR.RAN.Mobility.ConnMode.NR.A4MeasureCtrl.{i}.Hysteresis | C95: Hysteresis | D95: 迟滞值 | E95: M | F95: RW | G95: unsignedInt[0:34] | H95: 进入和离开上报触发事件条件的滞后值；
B96: Device.Services.FAPService.{i}.CellConfig.{i}.NR.RAN.Mobility.ConnMode.NR.A4MeasureCtrl.{i}.MaxReportCells | C96: MaxReportCells | D96: 最大上报小区数 | E96: M | F96: RW | G96: unsignedInt[1:8] | H96: 测量报告中包含小区的最大数目
B97: Device.Services.FAPService.{i}.CellConfig.{i}.NR.RAN.Mobility.ConnMode.NR.A4MeasureCtrl.{i}.MeasurePurpose | C97: MeasurePurpose | D97: 测量目的 | E97: M | F97: R | G97: unsignedInt[1:100] | H97: 用于表明当前配置事件的使用目的，厂家自定义测量事件从10开始定义
B98: Device.Services.FAPService.{i}.CellConfig.{i}.NR.RAN.Mobility.ConnMode.NR.A4MeasureCtrl.{i}.ReportAmount | C98: ReportAmount | D98: 上报次数 | E98: M | F98: RW | G98: unsignedInt[0:2, 4, 8, 16, 32, 64] | H98: 测量报告发送的次数，0表示无限次
B99: Device.Services.FAPService.{i}.CellConfig.{i}.NR.RAN.Mobility.ConnMode.NR.A4MeasureCtrl.{i}.ReportInterval | C99: ReportInterval | D99: 上报间隔 | E99: M | F99: RW | G99: unsignedInt[120, 240, 480, 640, 1024, 2048, 5120, 10240,40960, 60000, 360000, 720000, 1800000] | H99: 连续测量报告之间的间隔
B100: Device.Services.FAPService.{i}.CellConfig.{i}.NR.RAN.Mobility.ConnMode.NR.A4MeasureCtrl.{i}.TimeToTrigger | C100: TimeToTrigger | D100: 触发时间 | E100: M | F100: RW | G100: unsignedInt[0,40, 64, 80,100,128, 160,256,320, 480, 512, 640, 1024,1280,2560,5120] | H100: 为了满足触发RAT测量报告触发条件持续的时间，单位ms
B101: Device.Services.FAPService.{i}.CellConfig.{i}.NR.RAN.Mobility.ConnMode.NR.A4MeasureCtrl.{i}.UseWhiteCellList | C101: UseWhiteCellList | D101: 小区测量白名单指示 | E101: O | F101: RW | G101: boolean | H101: 指示是否使用小区测量白名单。 1：表示当相关小区包含在whiteCellsToAddModList中时，考虑任何邻区，关联measObjectNRto是否适合； 0：表示当相关小区没有包含在blackCellsToAddModList中时，考虑任何邻区，关联measObjectNRto是否适合；
... B108: Device.Services.FAPService.{i}.CellConfig.{i}.NR.RAN.Mobility.ConnMode.NR.A4MeasureCtrl.{i}.TriggerQuantity | C108: TriggerQuantity | D108: A4事件上报触发量 | E108: M | F108: RW | G108: string{rsrp,rsrq,sinr} | H108: A4事件上报触发量
A109: A5事件测量控制参数 | B109: Device.Services.FAPService.{i}.CellConfig.{i}.NR.RAN.Mobility.ConnMode.NR.A5MeasureCtrl.{i}.Enable | C109: Enable | D109: 使能开关 | E109: M | F109: RW | G109: boolean | H109: 是否启用该表项
B110: Device.Services.FAPService.{i}.CellConfig.{i}.NR.RAN.Mobility.ConnMode.NR.A5MeasureCtrl.{i}.PlmnId.{i}.PLMN | C110: PLMN | D110: 事件支持的PlMN | E110: MC | F110: RW | G110: string(6) | H110: 事件属于的PLMN
B111: Device.Services.FAPService.{i}.CellConfig.{i}.NR.RAN.Mobility.ConnMode.NR.A5MeasureCtrl.{i}.A5Threshold1RSRP | C111: A5Threshold1RSRP | D111: A5事件RSRP门限1 | E111: MC | F111: RW | G111: unsignedInt[0:127] | H111: 用于NR测量中,触发量为RSRP时,A5事件触发条件的绝对门限1;
B112: Device.Services.FAPService.{i}.CellConfig.{i}.NR.RAN.Mobility.ConnMode.NR.A5MeasureCtrl.{i}.A5Threshold1RSRQ | C112: A5Threshold1RSRQ | D112: A5事件RSRQ门限1 | E112: MC | F112: RW | G112: unsignedInt[0:127] | H112: 用于NR测量中,触发量为RSRQ时,A5事件触发条件的绝对门限1;
B113: Device.Services.FAPService.{i}.CellConfig.{i}.NR.RAN.Mobility.ConnMode.NR.A5MeasureCtrl.{i}.A5Threshold1SINR | C113: A5Threshold1SINR | D113: A5事件SINR门限1 | E113: MC | F113: RW | G113: unsignedInt[0:127] | H113: 用于NR测量中,触发量为SINR时,A5事件触发条件的绝对门限1;
B114: Device.Services.FAPService.{i}.CellConfig.{i}.NR.RAN.Mobility.ConnMode.NR.A5MeasureCtrl.{i}.A5Threshold2RSRP | C114: A5Threshold2RSRP | D114: A5事件RSRP门限2 | E114: MC | F114: RW | G114: unsignedInt[0:127] | H114: 用于NR测量中,触发量为RSRP时,A5事件触发条件的绝对门限2;
B115: Device.Services.FAPService.{i}.CellConfig.{i}.NR.RAN.Mobility.ConnMode.NR.A5MeasureCtrl.{i}.A5Threshold2RSRQ | C115: A5Threshold2RSRQ | D115: A5事件RSRQ门限2 | E115: MC | F115: RW | G115: unsignedInt[0:127] | H115: 用于NR测量中,触发量为RSRQ时,A5事件触发条件的绝对门限2
B116: Device.Services.FAPService.{i}.CellConfig.{i}.NR.RAN.Mobility.ConnMode.NR.A5MeasureCtrl.{i}.A5Threshold2SINR | C116: A5Threshold2SINR | D116: A5事件SINR门限2 | E116: MC | F116: RW | G116: unsignedInt[0:127] | H116: 用于NR测量中,触发量为SINR时,A5事件触发条件的绝对门限2;
B117: Device.Services.FAPService.{i}.CellConfig.{i}.NR.RAN.Mobility.ConnMode.NR.A5MeasureCtrl.{i}.ReportOnLeave | C117: reportOnLeave | D117: A5事件离开上报指示 | E117: M | F117: RW | G117: boolean | H117: 某小区的离开状态满足时,UE是否触发测量上报过程； 0:代表不满足条件的小区离开测量列表时不进行上报； 1:代表都会触发测量结果的填写以及上报消息的发送
B118: Device.Services.FAPService.{i}.CellConfig.{i}.NR.RAN.Mobility.ConnMode.NR.A5MeasureCtrl.{i}.Hysteresis | C118: Hysteresis | D118: 迟滞值 | E118: M | F118: RW | G118: unsignedInt[0:30] | H118: 进入和离开上报触发事件条件的滞后值
B119: Device.Services.FAPService.{i}.CellConfig.{i}.NR.RAN.Mobility.ConnMode.NR.A5MeasureCtrl.{i}.MaxReportCells | C119: MaxReportCells | D119: 最大上报小区数 | E119: M | F119: RW | G119: unsignedInt[1:8] | H119: 测量报告中包含小区的最大数目
B120: Device.Services.FAPService.{i}.CellConfig.{i}.NR.RAN.Mobility.ConnMode.NR.A5MeasureCtrl.{i}.MeasurePurpose | C120: MeasurePurpose | D120: 测量目的 | E120: M | F120: R | G120: unsignedInt[1:100] | H120: 用于表明当前配置事件的使用目的，厂家自定义测量事件从10开始定义
B121: Device.Services.FAPService.{i}.CellConfig.{i}.NR.RAN.Mobility.ConnMode.NR.A5MeasureCtrl.{i}.ReportAmount | C121: ReportAmount | D121: 上报次数 | E121: M | F121: RW | G121: unsignedInt[0:2, 4, 8, 16, 32, 64] | H121: 测量报告发送的次数，0表示无限次
... B131: Device.Services.FAPService.{i}.CellConfig.{i}.NR.RAN.Mobility.ConnMode.NR.A5MeasureCtrl.{i}.TriggerQuantity | C131: TriggerQuantity | D131: A5事件上报触发量 | E131: M | F131: RW | G131: string{rsrp,rsrq,sinr} | H131: A5事件上报触发量
A132: B1事件测量控制参数 | B132: Device.Services.FAPService.{i}.CellConfig.{i}.NR.RAN.Mobility.ConnMode.IRAT.B1MeasureCtrl.{i}.Enable | C132: Enable | D132: 使能开关 | E132: M | F132: RW | G132: boolean | H132: 是否启用该表项
B133: Device.Services.FAPService.{i}.CellConfig.{i}.NR.RAN.Mobility.ConnMode.IRAT.B1MeasureCtrl.{i}.PlmnId.{i}.PLMN | C133: PLMN | D133: 事件支持的PlMN | E133: MC | F133: RW | G133: string(6) | H133: 事件属于的PLMN
B134: Device.Services.FAPService.{i}.CellConfig.{i}.NR.RAN.Mobility.ConnMode.IRAT.B1MeasureCtrl.{i}.B1ThresholdEUTRARsrp | C134: B1ThresholdEUTRARsrp | D134: B1事件RSRP门限(EUTRA-rsrp) | E134: MC | F134: RW | G134: unsignedInt[0:97] | H134: NR测量中,B1事件触发条件的RSRP绝对门限
...

Sheet SN
A1: 归类 | B1: 参数路径 | C1: 英文名称 | D1: 中文名称 | E1: 限定 | F1: 网管读写权限 | G1: 类型 | H1: 描述 | I1: 备注
A2: SCTP参数管理 | B2: Device.Services.FAPService.{i}.Transport.SCTP.Enable | C2: Enable | D2: 使能开关 | E2: M | F2: RW | G2: Boolean | H2: /
B3: Device.Services.FAPService.{i}.Transport.SCTP.RTOInitial | C3: RTOInitial | D3: 重传超时的初始值 | E3: M | F3: RW | G3: unsignedInt | H3: /
B4: Device.Services.FAPService.{i}.Transport.SCTP.RTOMin | C4: RTOMin | D4: 重传超时的最小值 | E4: M | F4: RW | G4: unsignedInt | H4: /
B5: Device.Services.FAPService.{i}.Transport.SCTP.RTOMax | C5: RTOMax | D5: 重传超时的最大值 | E5: M | F5: RW | G5: unsignedInt | H5: /
B6: Device.Services.FAPService.{i}.Transport.SCTP.MaxInitRetransmits | C6: MaxInitRetransmits | D6: 最大初始重传数 | E6: M | F6: RW | G6: unsignedInt | H6: /
B7: Device.Services.FAPService.{i}.Transport.SCTP.HBInterval | C7: HBInterval | D7: 心跳时间间隔 | E7: M | F7: RW | G7: unsignedInt[1:] | H7: /
B8: Device.Services.FAPService.{i}.Transport.SCTP.MaxPathRetransmits | C8: MaxPathRetransmits | D8: 最大重传次数 | E8: M | F8: RW | G8: unsignedInt | H8: /
B9: Device.Services.FAPService.{i}.Transport.SCTP.MaxAssociationRetransmits | C9: MaxAssociationRetransmits | D9: 本端的最大连续重传数目 | E9: M | F9: RW | G9: unsignedInt | H9: /
B10: Device.Services.FAPService.{i}.Transport.SCTP.ValCookieLife | C10: ValCookieLife | D10: 有效cookie的生命周期 | E10: M | F10: RW | G10: unsignedInt | H10: /

Sheet SO
A1: 归类 | B1: 参数路径 | C1: 英文名称 | D1: 中文名称 | E1: 限定 | F1: 网管读写权限 | G1: 类型 | H1: 描述 | I1: 备注
A2: WAN口配置参数管理 | B2: Device.Ethernet.Interface.{i}.Enable | C2: Enable | D2: 启用或禁用该接口 | E2: M | F2: RW | G2: boolean | H2: (0,1)
B3: Device.Ethernet.Interface.{i}.Name | C3: Name | D3: 端口名称 | E3: M | F3: R | G3: string | H3: 端口名称
B4: Device.Ethernet.Interface.{i}.Status | C4: Status | D4: 表明接口的状态 | E4: M | F4: R | G4: string | H4: "Up","NoLink","Error","Disabled"
B5: Device.Ethernet.Interface.{i}.MACAddress | C5: MACAddress | D5: 接口的物理地址 | E5: M | F5: R | G5: string(17) | H5: /
B6: Device.Ethernet.Interface.{i}.MaxBitRate | C6: MaxBitRate | D6: 该连接可用的最大速率模式 | E6: M | F6: RW | G6: string | H6: "10","100","1000","Auto" | I6: 默认为Auto
B7: Device.Ethernet.Interface.{i}.SignTransMedia | C7: SignTransMedia | D7: 信号传送介质类型 | E7: M | F7: R | G7: string | H7: {Optic,Electric,Auto},Auto表示自适应
B8: Device.Ethernet.Interface.{i}.DuplexMode | C8: DuplexMode | D8: 该连接使用的双工模式 | E8: M | F8: RW | G8: string | H8: "Half","Full","Auto" | I8: 默认为Auto
B9: Device.Ethernet.Interface.{i}.PortLocation | C9: PortLocation | D9: 端口位置 | E9: MC | F9: R | G9: string | H9: 由MU的实例号、Slot板卡的实例号、端口号，例如，MU实例1的Slot2的端口3表示为“1.2+3”，在没有Slot作为传输板时，上例表示为“1+3”
B10: Device.Ethernet.Interface.{i}.IPv4Address.{i}.IPAddress | C10: IPAddress | D10: IP 地址 | E10: M | F10: RW | G10: string(15) | H10: /
B11: Device.Ethernet.Interface.{i}.IPv4Address.{i}.DefaultGateway | C11: DefaultGateway | D11: WAN 接口的默认网关 | E11: M | F11: RW | G11: string(15) | H11: /
B12: Device.Ethernet.Interface.{i}.IPv4Address.{i}.SubnetMask | C12: SubnetMask | D12: WAN 接口的子网掩码 | E12: M | F12: RW | G12: string | H12: /
B13: Device.Ethernet.Interface.{i}.IPv4Address.{i}.AddressingType | C13: AddressingType | D13: 外部IP 地址方法 | E13: M | F13: RW | G13: string | H13: "DHCP","Static"
B14: Device.Ethernet.Interface.{i}.IPv4Address.{i}.PortType | C14: PortType | D14: 端口类型 | E14: M | F14: RW | G14: string | H14: （Ng, Xn, Ng/Xn, S1, X2, S1/X2, F1, E1, OAM,IR,other） | I14: IPV4地址的用途
B15: Device.Ethernet.Interface.{i}.IPv6Address.{i}.IPAddress | C15: IPAddress | D15: IPv6 地址 | E15: MC | F15: RW | G15: string(64) | H15: /
B16: Device.Ethernet.Interface.{i}.IPv6Address.{i}.PrefixLength | C16: PrefixLength | D16: 前缀长度 | E16: MC | F16: RW | G16: unsignedInt[1:128] | H16: /
B17: Device.Ethernet.Interface.{i}.IPv6Address.{i}.Origin | C17: Origin | D17: 外部IP 来源 | E17: MC | F17: RW | G17: string | H17: "DHCPv6","Static"
B18: Device.Ethernet.Interface.{i}.IPv6Address.{i}.PortType | C18: PortType | D18: 端口类型 | E18: MC | F18: RW | G18: string | H18: （Ng, Xn, Ng/Xn, S1, X2, S1/X2, F1, E1, OAM,other） | I18: IPV6地址的用途
B19: Device.Ethernet.Interface.{i}.IPv6Address.{i}.DefaultGateway | C19: DefaultGateway | D19: WAN 接口的默认网关 | E19: MC | F19: RW | G19: string(64) | H19: /
A20: vlan子接口配置参数管理 | B20: Device.Ethernet.Interface.{i}.VlanInterface.{i}.Name | C20: Name | D20: vlan子接口名称 | E20: M | F20: RW | G20: string | H20: vlan子接口名称
B21: Device.Ethernet.Interface.{i}.VlanInterface.{i}.Id | C21: Id | D21: Vlan Id | E21: M | F21: RW | G21: interger | H21: vlan id
B22: Device.Ethernet.Interface.{i}.VlanInterface.{i}.Enable | C22: Enable | D22: 启用或禁用该接口 | E22: M | F22: RW | G22: boolean | H22: (false:0,true:1)
B23: Device.Ethernet.Interface.{i}.VlanInterface.{i}.IPv4Address.{i}.IPAddress | C23: IPAddress | D23: IP 地址 | E23: M | F23: RW | G23: string(15) | H23: /
B24: Device.Ethernet.Interface.{i}.VlanInterface.{i}.IPv4Address.{i}.SubnetMask | C24: SubnetMask | D24: vlan子接口的子网掩码 | E24: M | F24: RW | G24: string | H24: /
B25: Device.Ethernet.Interface.{i}.VlanInterface.{i}.IPv4Address.{i}.AddressingType | C25: AddressingType | D25: 外部IP 地址方法 | E25: M | F25: RW | G25: string | H25: "DHCP","Static"
B26: Device.Ethernet.Interface.{i}.VlanInterface.{i}.IPv4Address.{i}.DefaultGateway | C26: DefaultGateway | D26: vlan子接口的默认网关 | E26: M | F26: RW | G26: string(15) | H26: /
B27: Device.Ethernet.Interface.{i}.VlanInterface.{i}.IPv4Address.{i}.PortType | C27: PortType | D27: 端口类型 | E27: M | F27: RW | G27: string | H27: （Ng, Xn, Ng/Xn, S1, X2, S1/X2, F1, E1, OAM,IR,other）
B28: Device.Ethernet.Interface.{i}.VlanInterface.{i}.IPv6Address.{i}.IPAddress | C28: IPAddress | D28: IPv6 地址 | E28: MC | F28: RW | G28: string(64) | H28: /
B29: Device.Ethernet.Interface.{i}.VlanInterface.{i}.IPv6Address.{i}.PrefixLength | C29: PrefixLength | D29: 前缀长度 | E29: MC | F29: RW | G29: unsignedInt[1:128] | H29: /
B30: Device.Ethernet.Interface.{i}.VlanInterface.{i}.IPv6Address.{i}.Origin | C30: Origin | D30: 外部IP 来源 | E30: MC | F30: RW | G30: string | H30: "DHCPv6","Static"
B31: Device.Ethernet.Interface.{i}.VlanInterface.{i}.IPv6Address.{i}.DefaultGateway | C31: DefaultGateway | D31: vlan子接口的默认网关 | E31: MC | F31: RW | G31: string(64) | H31: /
B32: Device.Ethernet.Interface.{i}.VlanInterface.{i}.IPv6Address.{i}.PortType | C32: PortType | D32: 端口类型 | E32: MC | F32: RW | G32: string | H32: （Ng, Xn, Ng/Xn, S1, X2, S1/X2, F1, E1, IR,other）
A33: 本地路由配置参数管理 | B33: Device.Ethernet.IpRoute.{i}.IpVer | C33: IpVer | D33: IP地址版本 | E33: O | F33: RW | G33: unsignedInt[1:2] | H33: 1:IPv4 2:IPv6
B34: Device.Ethernet.IpRoute.{i}.DstIpNetwork | C34: DstIpNetwork | D34: 目的网段 | E34: O | F34: RW | G34: string(64) | H34: /
B35: Device.Ethernet.IpRoute.{i}.PrefixLength | C35: PrefixLength | D35: 前缀长度 | E35: O | F35: RW | G35: unsignedInt[0:128] | H35: /
B36: Device.Ethernet.IpRoute.{i}.GatewayIpAddress | C36: GatewayIpAddress | D36: 网关地址 | E36: O | F36: RW | G36: string(64) | H36: /
B37: Device.Ethernet.IpRoute.{i}.InterfaceName | C37: InterfaceName | D37: 端口名称 | E37: O | F37: RW | G37: string | H37: 端口名称

Sheet SP
A1: 归类 | B1: 参数路径 | C1: 英文名称 | D1: 中文名称 | E1: 限定 | F1: 网管读写权限 | G1: 类型 | H1: 描述 | I1: 备注
A2: 时间服务器参数管理 | B2: Device.Time.Enable | C2: Enable | D2: NTP使能开关 | E2: M | F2: RW | G2: boolean | H2: (0:false,true:1)
B3: Device.Time.NTPServer1 | C3: NTPServer1 | D3: NTP服务器1 | E3: M | F3: RW | G3: string(64) | H3: /
B4: Device.Time.NTPServer2 | C4: NTPServer2 | D4: NTP服务器2 | E4: M | F4: RW | G4: string(64) | H4: /
B5: Device.Time.NTPServer3 | C5: NTPServer3 | D5: NTP服务器3 | E5: O | F5: RW | G5: string(64) | H5: /
B6: Device.Time.NTPServer4 | C6: NTPServer4 | D6: NTP服务器4 | E6: O | F6: RW | G6: string(64) | H6: /
B7: Device.Time.NTPServer5 | C7: NTPServer5 | D7: NTP服务器5 | E7: O | F7: RW | G7: string(64) | H7: /
B8: Device.Time.CurrentLocalTime | C8: CurrentLocalTime | D8: 本地时间 | E8: M | F8: R | G8: dateTime | H8: UTC时间格式，YYYY-MM-DDTHH:MM:SSZ，例如2012-12-11T09:15:00Z
B9: Device.Time.LocalTimeZone | C9: LocalTimeZone | D9: 本地时区 | E9: M | F9: RW | G9: string(6) | H9: / | I9: 例如中国的时区为：GMT+8

Sheet SQ
A1: 归类 | B1: 参数路径 | C1: 英文名称 | D1: 中文名称 | E1: 限定 | F1: 网管读写权限 | G1: 类型 | H1: 描述 | I1: 备注
A2: GPS 经纬度信息 | B2: Device.FAP.GPS.LockedLatitude | C2: LockedLatitude | D2: 纬度 | E2: O | F2: R | G2: int[-90000000:90000000]
B3: Device.FAP.GPS.LockedLongitude | C3: LockedLongitude | D3: 经度 | E3: O | F3: R | G3: int[-180000000:180000000]
B4: Device.FAP.GPS.NumberOfSatellites | C4: NumberOfSatellites | D4: 星个数 | E4: O | F4: R | G4: unsignedInt

Sheet SR
A1: 归类 | B1: 参数路径 | C1: 英文名称 | D1: 中文名称 | E1: 限定 | F1: 网管读写权限 | G1: 类型 | H1: 描述 | I1: 备注
A2: MR参数管理 | B2: Device.FAP.MRMgmt.Config.{i}.MrEnable | C2: MrEnable | D2: MR开关 | E2: MC | F2: RW | G2: boolean | H2: 开启或关闭小站周期性上传MR数据文件到指定文件服务器的能力，(0=false,1=true)。
B3: Device.FAP.MRMgmt.Config.{i}.MrUrl | C3: MrUrl | D3: Url地址 | E3: MC | F3: RW | G3: string(256) | H3: MRUrl详细说明了目标文件位置。该参数只用于详细描述目标文件位置，不用于指示任何要上载的本地文件的名字和位置。
B4: Device.FAP.MRMgmt.Config.{i}.MrUsername | C4: MrUsername | D4: 用户名 | E4: MC | F4: RW | G4: string(256) | H4: 用户名用于小站到文件服务器的鉴权，如果不需要鉴权，此字符串为空
B5: Device.FAP.MRMgmt.Config.{i}.MrPassword | C5: MrPassword | D5: 密码 | E5: MC | F5: RW | G5: string(256) | H5: 密码用于 小站到文件服务器的鉴权，如果不需要鉴权，此字符串为空当为读时，该参数返回一个空字符串，而不是一个实际的值。
B6: Device.FAP.MRMgmt.Config.{i}.MeasureType | C6: MeasureType | D6: MR文件类型 | E6: MC | F6: RW | G6: string | H6: MR文件类型，可以选择一种或多种，如开启多种测量类型，需要“,”进行分隔（{MRO,MRE,MRS}）。
B7: Device.FAP.MRMgmt.Config.{i}.OmcName | C7: OmcName | D7: OMC-R名称 | E7: MC | F7: RW | G7: string | H7: OMC-R名称，用与基站生成的MR文件命名
B8: Device.FAP.MRMgmt.Config.{i}.SamplePeriod | C8: SamplePeriod | D8: MR采样周期 | E8: MC | F8: RW | G8: unsignedInt | H8: MR采样周期（[2048,5120,10240,60000,360000,720000,1800000,3600000],(单位毫秒)
B9: Device.FAP.MRMgmt.Config.{i}.UploadPeriod | C9: UploadPeriod | D9: MR采集周期 | E9: MC | F9: RW | G9: unsignedInt | H9: MR采集周期[15:] (15及15的倍数，单位分钟)
B10: Device.FAP.MRMgmt.Config.{i}.SampleBeginTime | C10: SampleBeginTime | D10: 绝对时间参考 | E10: MC | F10: RW | G10: dateTime | H10: 是UTC中的一个绝对时间参考，用于决定小站何时开始测量任务，当任务开始后，将周期文件上载;参考时间，或未知的时间，值定义为0001-01-01T00:00:00Z，表明没有指定精确的时间参考。 | I10: UTC时间格式，YYYY-MM-DDTHH:MM:SSZ，例如2012-12-11T09:15:00Z
B11: Device.FAP.MRMgmt.Config.{i}.SampleEndTime | C11: SampleEndTime | D11: 绝对时间参考 | E11: MC | F11: RW | G11: dateTime | H11: 是UTC中的一个绝对时间参考，用于决定小站何时结束测量任务，当结束后将不再上载MR文件;参考时间，或未知的时间，值定义为0001-01-01T00:00:00Z，表明没有指定精确的时间参考。 | I11: UTC时间格式，YYYY-MM-DDTHH:MM:SSZ，例如2012-12-11T09:15:00Z
B12: Device.FAP.MRMgmt.Config.{i}.MRNCGIList | C12: MRNCGIList | D12: NCGI 列表 | E12: MC | F12: RW | G12: string | H12: 表示哪些小区需要执行MR任务，all 代表基站下所有小区都采集,NCGI 由PLMN 和 NCI 组成，PLMN与NCI之间使用“-”分割，NCGI之间使用“,”分割，例 如，“46000-107909121，46000-107909122”
B13: Device.FAP.MRMgmt.Config.{i}.PrbNum | C13: PrbNum | D13: PRB索引 | E13: MC | F13: RW | G13: string | H13: 需要开启接收干扰功率测量的上行子帧的PRB 索引。可以选择 273个PRB中的任意多个，例 如{0..7,50,273}表示选择0号到7号，50号及273号共10个位置上的PRB，其中”..”表示连续区 间，“,”表示分隔。
B14: Device.FAP.MRMgmt.Config.{i}.SubFrameNum | C14: SubFrameNum | D14: 上行子帧 | E14: MC | F14: RW | G14: string | H14: 需要开启接收干扰功率测量的上行子帧。如选择多个，需要用“,”进行分隔；{2,3,4,7,8,9}

Sheet SS
A1: 归类 | B1: 参数路径 | C1: 英文名称 | D1: 中文名称 | E1: 限定 | F1: 网管读写权限 | G1: 类型 | H1: 描述 | I1: 备注
A2: 性能参数管理 | B2: Device.FAP.PerfMgmt.Config.{i}.Enable | C2: Enable | D2: 文件周期上传使能开关 | E2: M | F2: RW | G2: boolean | H2: (0=false,1=true)
B3: Device.FAP.PerfMgmt.Config.{i}.Alias | C3: Alias | D3: 别名 | E3: M | F3: RW | G3: string(64) | H3: 网管用于识别实例
B4: Device.FAP.PerfMgmt.Config.{i}.URL | C4: URL | D4: 文件管理URL | E4: M | F4: RW | G4: string(256) | H4: /
B5: Device.FAP.PerfMgmt.Config.{i}.Username | C5: Username | D5: 文件管理用户名 | E5: M | F5: RW | G5: string(256) | H5: /
B6: Device.FAP.PerfMgmt.Config.{i}.Password | C6: Password | D6: 文件管理密码 | E6: M | F6: RW | G6: string(256) | H6: /
B7: Device.FAP.PerfMgmt.Config.{i}.PeriodicUploadInterval | C7: PeriodicUploadInterval | D7: 文件周期上传时间间隔 | E7: M | F7: RW | G7: unsignedInt[1:65535] | H7: (300,900,1800,3600)
B8: Device.FAP.PerfMgmt.Config.{i}.PeriodicUploadTime | C8: PeriodicUploadTime | D8: 文件上传时间 | E8: M | F8: RW | G8: dateTime | H8: UTC时间格式，YYYY-MM-DDTHH:MM:SSZ,例如2012-12-11T09:15:00Z
A9: 性能补采参数管理 | B9: Device.FAP.PerfMgmt.Config.{i}.ReplenishEnable | C9: ReplenishEnable | D9: 补采开关 | E9: M | F9: RW | G9: boolean | H9: (0=false,1=true),若该开关置为true，则设备按照补采开始时间和结束时间进行性能文件重新上报操作。 当重新上报完成之后，设备应将该开关置为false
B10: Device.FAP.PerfMgmt.Config.{i}.ReplenishBeginTime | C10: ReplenishBeginTime | D10: 补采开始时间 | E10: M | F10: RW | G10: dateTime | H10: 本参数指定需要重新上传的性能数据文件的开始采集时间。举例说明：若OMC发现2021-05-01 10:15:00至2021-05-01 10:45:00的性能文件缺失，当前处于+8时区，该参数取值为：“2021-05-01T02:15:00Z”
B11: Device.FAP.PerfMgmt.Config.{i}.ReplenishEndTime | C11: ReplenishEndTime | D11: 补采结束时间 | E11: M | F11: RW | G11: dateTime | H11: 本参数指定需要重新上传的性能数据文件的结束采集时间。举例说明：若OMC发现2021-05-01 10:15:00至2021-05-01 10:45:00的性能文件缺失，当前处于+8时区，该参数取值为：“2021-05-01T02:45:00Z”

Sheet ST
A1: 归类 | B1: 参数路径 | C1: 英文名称 | D1: 中文名称 | E1: 限定 | F1: 网管读写权限 | G1: 类型 | H1: 描述 | I1: 备注
A2: Qos参数管理 | B2: Device.Services.FAPService.{i}.CellConfig.{i}.NR.NGC.Max5QIEntries | C2: Max5QIEntries | D2: 最大5QI参数条目数 | E2: O | F2: R | G2: unsignedInt | H2: 设备支持的最大5QI条目数
B3: Device.Services.FAPService.{i}.CellConfig.{i}.NR.NGC.5QINumberOfEntries | C3: 5QINumberOfEntries | D3: 5QI参数条目数 | E3: O | F3: R | G3: unsignedInt | H3: 设备已配置的最大5QI条目数
B4: Device.Services.FAPService.{i}.CellConfig.{i}.NR.NGC.Default5QI.PLMN.{i}.PLMNID | C4: PLMNID | D4: PLMNID | E4: O | F4: RW | G4: string(6)
B5: Device.Services.FAPService.{i}.CellConfig.{i}.NR.NGC.Default5QI.PLMN.{i}.Default5QI | C5: Default5QI | D5: 默认5QI | E5: O | F5: RW | G5: unsignedInt
B6: Device.Services.FAPService.{i}.CellConfig.{i}.NR.NGC.QoS.{i}.FiveQI | C6: FiveQI | D6: 5QI | E6: M | F6: RW | G6: unsignedInt[0…255]
B7: Device.Services.FAPService.{i}.CellConfig.{i}.NR.NGC.QoS.{i}.SNSSAI | C7: SNSSAI | D7: SNSSAI | E7: O | F7: RW | G7: unsignedInt[0:4294967295] | H7: SNSSAI信息
B8: Device.Services.FAPService.{i}.CellConfig.{i}.NR.NGC.QoS.{i}.PLMNID | C8: PLMNID | D8: PLMN | E8: M | F8: R | G8: string(6)
B9: Device.Services.FAPService.{i}.CellConfig.{i}.NR.NGC.QoS.{i}.RLC.Mode | C9: Mode | D9: RLC模式 | E9: M | F9: RW | G9: enum | H9: {AM，UM}
B10: Device.Services.FAPService.{i}.CellConfig.{i}.NR.NGC.QoS.{i}.RLC.AM.TPollRetransmit | C10: TPollRetransmit | D10: 轮询请求重传定时器 | E10: O | F10: RW | G10: enum | H10: { ms5, ms10, ms15, ms20, ms25, ms30, ms35,ms40, ms45, ms50, ms55, ms60, ms65, ms70,ms75, ms80, ms85, ms90, ms95, ms100, ms105,ms110, ms115, ms120, ms125, ms130, ms135,ms140, ms145, ms150, ms155, ms160, ms165,ms170, ms175, ms180, ms185, ms190, ms195,ms200, ms205, ms210, ms215, ms220, ms225,ms230, ms235, ms240, ms245, ms250, ms300,ms350, ms400, ms450, ms500, ms800, ms1000,ms2000, ms4000,}
B11: Device.Services.FAPService.{i}.CellConfig.{i}.NR.NGC.QoS.{i}.RLC.AM.PollPDU | C11: PollPDU | D11: 触发轮询请求的报文数 | E11: O | F11: RW | G11: enum | H11: {p4, p8, p16, p32, p64, p128, p256, p512, p1024, p2048, p4096, p6144, p8192, p12288, p16384, p20480,p24576, p28672, p32768, p40960, p49152, p57344, p65536, infinity}
B12: Device.Services.FAPService.{i}.CellConfig.{i}.NR.NGC.QoS.{i}.RLC.AM.PollByte | C12: PollByte | D12: 触发轮询请求的字节数 | E12: O | F12: RW | G12: enum | H12: {kB1, kB2, kB5, kB8, kB10, kB15, kB25, kB50, kB75,kB100, kB125, kB250, kB375, kB500, kB750, kB1000,kB1250, kB1500, kB2000, kB3000, kB4000, kB4500,kB5000, kB5500, kB6000, kB6500, kB7000, kB7500,mB8, mB9, mB10, mB11, mB12, mB13, mB14, mB15,mB16, mB17, mB18, mB20, mB25, mB30, mB40, infinity}
B13: Device.Services.FAPService.{i}.CellConfig.{i}.NR.NGC.QoS.{i}.RLC.AM.MaxRetxThreshold | C13: MaxRetxThreshold | D13: 最大重传次数 | E13: O | F13: RW | G13: enum | H13: {t1, t2, t3, t4, t6, t8, t16, t32}
B14: Device.Services.FAPService.{i}.CellConfig.{i}.NR.NGC.QoS.{i}.RLC.AM.TStatusProhibit | C14: TStatusProhibit | D14: 状态报告禁用定时器 | E14: O | F14: RW | G14: enum | H14: {ms0, ms5, ms10, ms15, ms20, ms25, ms30, ms35,ms40, ms45, ms50, ms55, ms60, ms65, ms70,ms75, ms80, ms85, ms90, ms95, ms100, ms105,ms110, ms115, ms120, ms125, ms130, ms135,ms140, ms145, ms150, ms155, ms160, ms165,ms170, ms175, ms180, ms185, ms190, ms195,ms200, ms205, ms210, ms215, ms220, ms225,ms230, ms235, ms240, ms245, ms250, ms300,ms350, ms400, ms450, ms500, ms800, ms1000,ms1200, ms1600, ms2000, ms2400}
B15: Device.Services.FAPService.{i}.CellConfig.{i}.NR.NGC.QoS.{i}.RLC.AM.SNSize | C15: SNSize | D15: AM模式序号长度 | E15: M | F15: RW | G15: enum | H15: {12, 18}
B16: Device.Services.FAPService.{i}.CellConfig.{i}.NR.NGC.QoS.{i}.RLC.AM.TReassembly | C16: TReassembly | D16: 组包计时器 | E16: O | F16: RW | G16: enum | H16: ms0, ms5, ms10, ms15, ms20, ms25, ms30, ms35,ms40, ms45, ms50, ms55, ms60, ms65, ms70,ms75, ms80, ms85, ms90, ms95, ms100, ms110,ms120, ms130, ms140, ms150, ms160, ms170,ms180, ms190, ms200
B17: Device.Services.FAPService.{i}.CellConfig.{i}.NR.NGC.QoS.{i}.RLC.UM.SNSize | C17: SNSize | D17: UM模式序号长度 | E17: M | F17: RW | G17: enum | H17: {6, 12}
B18: Device.Services.FAPService.{i}.CellConfig.{i}.NR.NGC.QoS.{i}.RLC.UM.TReassembly | C18: TReassembly | D18: 组包计时器 | E18: O | F18: RW | G18: enum | H18: ms0, ms5, ms10, ms15, ms20, ms25, ms30, ms35,ms40, ms45, ms50, ms55, ms60, ms65, ms70,ms75, ms80, ms85, ms90, ms95, ms100, ms110,ms120, ms130, ms140, ms150, ms160, ms170,ms180, ms190, ms200
B19: Device.Services.FAPService.{i}.CellConfig.{i}.NR.NGC.QoS.{i}.LCH.BucketSizeDuration | C19: BucketSizeDuration | D19: 缓冲区大小 | E19: O | F19: RW | G19: enum | H19: {ms5, ms10, ms20, ms50, ms100, ms150, ms300, ms500, ms1000}
B20: Device.Services.FAPService.{i}.CellConfig.{i}.NR.NGC.QoS.{i}.LCH.LogicalChannelGroup | C20: LogicalChannelGroup | D20: 逻辑信道组号 | E20: O | F20: RW | G20: unsignedLong[0..7]
B21: Device.Services.FAPService.{i}.CellConfig.{i}.NR.NGC.QoS.{i}.LCH.PrioritisedBitRate | C21: PrioritisedBitRate | D21: 优先比特率 | E21: O | F21: RW | G21: {kBps0, kBps8, kBps16, kBps32, kBps64, kBps128, kBps256, kBps512, kBps1024, kBps2048, kBps4096, kBps8192, kBps16384, kBps32768, kBps65536, infinity} | H21: UE参数
B22: Device.Services.FAPService.{i}.CellConfig.{i}.NR.NGC.QoS.{i}.LCH.Priority | C22: Priority | D22: 逻辑信道优先级 | E22: O | F22: RW | G22: unsignedInt | H22: [1-16]，逻辑信道优先级
B23: Device.Services.FAPService.{i}.CellConfig.{i}.NR.NGC.QoS.{i}.PDCP.OutOfOrderDelivery | C23: OutOfOrderDelivery | D23: 乱序提交 | E23: O | F23: RW | G23: boolean
B24: Device.Services.FAPService.{i}.CellConfig.{i}.NR.NGC.QoS.{i}.PDCP.TReorderingUl | C24: TreorderingUl | D24: Up排序定时器 | E24: O | F24: RW | G24: unsignedInt | H24: 毫秒
B25: Device.Services.FAPService.{i}.CellConfig.{i}.NR.NGC.QoS.{i}.PDCP.TReorderingDl | C25: TreorderingDl | D25: Dl排序定时器 | E25: O | F25: RW | G25: unsignedInt | H25: 毫秒
B26: Device.Services.FAPService.{i}.CellConfig.{i}.NR.NGC.QoS.{i}.PDCP.SNSizeUL | C26: PdcpSnSizeUl | D26: 上行PDCP序号位数 | E26: M | F26: RW | G26: enumeration {12,18}
B27: Device.Services.FAPService.{i}.CellConfig.{i}.NR.NGC.QoS.{i}.PDCP.SNSizeDL | C27: PdcpSnSizeDl | D27: 下行PDCP序号位数 | E27: M | F27: RW | G27: enumeration {12,18}
B28: Device.Services.FAPService.{i}.CellConfig.{i}.NR.NGC.QoS.{i}.PDCP.DiscardTimer | C28: DiscardTimer | D28: 丢弃定时器 | E28: M | F28: RW | G28: unsignedInt{10,20,30,40,50,60,75,100,150,200,250,300,500,750,1500,0x0000FFFF} | H28: PDCP SDU的丢弃时间，参考TS38.331的 6.3.2节PDCP-Config： discardTimer参数 取值范围: 取值范围说明：List of structure { QCI: Integer, DiscardTimer: ENUMERATED } DiscardTimer::= ENUMERATED {ms10, ms20, ms30, ms40, ms50, ms60, ms75, ms100, ms150, ms200,ms250, ms300, ms500, ms750, ms1500, infinity}
B29: Device.Services.FAPService.{i}.CellConfig.{i}.NR.NGC.QoS.{i}.PDCP.StatusReportRequired | C29: StatusReportRequired | D29: PDCD状态汇报使能 | E29: O | F29: RW | G29: boolean | H29: 只在AM生效，向PDCP层发送状态汇报
B30: Device.Services.FAPService.{i}.CellConfig.{i}.NR.NGC.QoS.{i}.PDCP.ROHC.Enable | C30: Enable | D30: Rohc使能开关 | E30: O | F30: RW | G30: boolean | H30: 是否配置ROHC
B31: Device.Services.FAPService.{i}.CellConfig.{i}.NR.NGC.QoS.{i}.PDCP.ROHC.ContinueRohc | C31: ContinueRohc | D31: ContinueRohc开关 | E31: O | F31: RW | G31: boolean | H31: 是否ContinueRohc
B32: Device.Services.FAPService.{i}.CellConfig.{i}.NR.NGC.QoS.{i}.PDCP.ROHC.UplinkOnly | C32: UplinkOnly | D32: 仅上行rohc | E32: O | F32: RW | G32: boolean | H32: 是否仅上行rohc
B33: Device.Services.FAPService.{i}.CellConfig.{i}.NR.NGC.QoS.{i}.PDCP.ROHC.MaxCID | C33: MaxCID | D33: 最大上下文ID | E33: O | F33: RW | G33: unsignedInt[1…16383]

Sheet 多实例参数Object个数读写属性
A1: 归类 | B1: 参数路径 | C1: 中文名称 | D1: 网管读写权限 | E1: 描述 | F1: 备注
A2: 多实例Object个数读写属性 | B2: Device.DeviceInfo.MU.{i} | C2: MU实例节点 | D2: RW | E2: 添加实例，由基站端上报，不由网管下发。 基站端网元离线后，网管可以下发指令删除实例
B3: Device.DeviceInfo.MU.{i}.Slot.{i} | C3: Slot实例节点 | D3: R
B4: Device.DeviceInfo.MU.{i}.Slot.{i}.EU.{i} | C4: EU实例节点 | D4: RW | E4: 添加实例，由基站端上报，不由网管下发。 基站端网元离线后，网管可以下发指令删除实例
B5: Device.DeviceInfo.MU.{i}.Slot.{i}.EU.{i}.RU.{i} | C5: RU实例节点 | D5: RW | E5: 添加实例，由基站端上报，不由网管下发。 基站端网元离线后，网管可以下发指令删除实例
B6: Device.FaultMgmt.SupportedAlarm.{i} | C6: 支持告警实例节点 | D6: R
B7: Device.FaultMgmt.CurrentAlarm.{i}. | C7: 当前告警实例节点 | D7: R
B8: Device.FaultMgmt.HistoryEvent.{i}. | C8: 历史告警实例节点 | D8: R
B9: Device.FaultMgmt.ExpeditedEvent.{i}. | C9: 实时告警实例节点 | D9: R
B10: Device.FaultMgmt.QueuedEvent.{i} | C10: 队列告警实例节点 | D10: R
B11: Device.FAP.MRMgmt.Config.{i}. | C11: MR实例节点 | D11: R
B12: Device.FAP.PerfMgmt.Config.{i}. | C12: PM实例节点 | D12: R
B13: Device.Services.FAPService.{i}. | C13: FAPService实例节点 | D13: R
B14: Device.Services.FAPService.{i}.Transport.SCTP.{i}. | C14: SCTP实例节点 | D14: RW
B15: Device.Services.FAPService.{i}.FAPControl.NR.AMFPoolConfigParam.{i}. | C15: AMFPool实例节点 | D15: RW
B16: Device.Services.FAPService.{i}.FAPControl.NR.XnIpAddrMapInfo.{i}. | C16: Xn实例节点 | D16: RW
B17: Device.Services.FAPService.{i}.FAPControl.NR.X2IpAddrMapInfo.{i}. | C17: X2实例节点 | D17: RW
... B58: Device.Ethernet.Interface.{i}.VlanInterface.{i}.IPv6Address.{i}. | C58: VlanIPV6接口实例节点 | D58: RW
