Workbook
Name _Toc375818453: SA!$D$4
Name _Toc375818454: SA!$D$5
Name _Toc375818456: SA!#REF!

Sheet 设备参数数据表
A1: 分类 | B1: 节点 | C1: 英文名称 | D1: 中文名称 | E1: 取值范围 | F1: 默认值 | G1: 类型 | H1: OAM读写权限 | I1: 网管读写权限 | J1: 前置条件 | K1: 后置影响 | L1: 注意事项 | M1: 规范/厂家定义
A2: OAM/专业/系统 | B2: 专业 | E2: （包括单位） | H2: 专业写 | I2: OAM/系统写 | J2: 专业/算法/系统 | K2: 专业/算法/系统 | L2: 填写参数的功能描述和特殊注意事项
B3: 网管信息参数表 | C3: IuhIpAddr | D3: AU板iuh口IP | G3: String(20) | I3: RW | L3: AU板iuh口IP，IP协议层所使用的IP。
B4: 网管信息参数表 | C4: IuhPort | D4: AU板iuh口port | G4: unsignedInt | I4: RW | L4: AU板iuh口port。
A5: 不在网管上显示 | B5: 网管信息参数表 | C5: SrcIpAddr | D5: AU板上层源ip | G5: String | L5: AU板上层源ip。未有用到。
A6: 不在网管上显示 | B6: 网管信息参数表 | C6: SrcPort | D6: AU板上层源port | G6: unsignedInt | L6: AU板上层源port，未有用到。
B7: 网管信息参数表 | C7: FapAddr1 | D7: GU网关ip | G7: String(20) | I7: RW | L7: GU网关ip 一
B8: 网管信息参数表 | C8: FapAddr2 | D8: GU网关ip | G8: String(20) | I8: RW | L8: GU网关ip 二（未有用到）
A9: 不在网管上显示 | B9: 网管信息参数表 | C9: FapAddr3 | D9: GU网关ip | G9: String | L9: GU网关ip 三（未有用到）
B10: 网管信息参数表 | C10: SecIpAddr1 | D10: 安全网关ip1 | G10: String(20) | I10: RW | L10: 安全网关ip一。
B11: 网管信息参数表 | C11: SecIpAddr2 | D11: 安全网关ip2 | G11: String(20) | I11: RW | L11: 安全网关ip二（未有用到）
A12: 不在网管上显示 | B12: 网管信息参数表 | C12: SecIpAddr3 | D12: 安全网关ip3 | G12: String | L12: 安全网关ip三（未有用到）
B13: 网管信息参数表 | C13: Seckey | D13: 安全网关建立密钥 | G13: String(64) | I13: R | L13: 安全网关建立密钥
B14: 网管信息参数表 | C14: SecUseImsi | D14: 建立安全网关imsi | G14: String(16) | I14: R | L14: 建立安全网关imsi
B15: 网管信息参数表 | C15: FapPort | D15: GU网关port | E15: 0~4294967295 | F15: 29169 | G15: unsignedInt | I15: RW | L15: GU网关port。
B16: 网管信息参数表 | C16: IpSecStartAllowedInd | D16: IPSec是否启动开关 | E16: true、false | F16: true | G16: boolean | I16: RW | L16: IpSec开关。 取值false：关闭Ipsec功能 取值true：打开Ipsec功能
B17: 网管信息参数表 | C17: IpSecRekeyTime | D17: ipSec rekey时间 | E17: 0~4294967295(分钟） | F17: 80000 | G17: unsignedInt | I17: RW | L17: IpSec重协商时间。单位：分钟
B18: 网管信息参数表 | C18: IpSecSaLifetime | D18: IPSec SA的生命周期 | E18: 0~4294967295（秒） | F18: 30 | G18: unsignedInt | I18: RW | L18: IPSec SA的生命周期。单位：秒
B19: 网管信息参数表 | C19: IpSecLivenessTimeInterval | D19: liveness时间间隔 | G19: unsignedInt | I19: RW | L19: liveness时间间隔。
A20: 不在网管上显示 | B20: 网管信息参数表 | C20: FapPcSocketIpAddr | D20: 调试日志放置设备IP | G20: String | L20: 调试日志放置设备IP（调试电脑）
A21: 不在网管上显示 | B21: 网管信息参数表 | C21: FapPcSocketPort | D21: 调试日志放置设备端口 | G21: unsignedInt | L21: 调试日志放置设备端口（调试电脑）
B22: 网管信息参数表 | C22: RealIpAddrToPing | D22: 用于ping功能的真实站点IpAddr | G22: String | I22: R | L22: 用于ping功能的真实站点IpAddr
B23: 网管信息参数表 | C23: GateWaySupported | D23: 指示当前所要连接的网关能力 | G23: unsignedInt | I23: RW | L23: 用于指示当前所要连接的网关能力 取值0：网关支持E1+Surf 取值1：网关支持STM-1+ATCA9100 取值2：网关支持AoIP
B24: 网管信息参数表 | C24: Mode | D24: 认证模式 | E24: 0~2 | G24: int | I24: RW | L24: mode为0,为PSK认证，mode为1为usim卡认证，mode为2为sim卡证（预留），-1为非法值，mode为其它值暂时保留
B25: 公共参数表 | C25: AuId | D25: AU注册是使用的基站Id | E25: 0~65535 | G25: unsignedInt | I25: RW | L25: AU注册是使用的基站Id。 取值范围：0~65535
B26: 公共参数表 | C26: A50 | D26: 是否支持A5_0类型加密 | E26: true、false | F26: true | G26: boolean | I26: RW | L26: 物理层是否支持A5_0类型加密。 取值false：不支持 取值true：支持
B27: 公共参数表 | C27: A51 | D27: 是否支持A5_1类型加密 | E27: true、false | F27: true | G27: boolean | I27: RW | L27: 物理层是否支持A5_1类型加密。 取值false：不支持 取值true：支持
B28: 公共参数表 | C28: A52 | D28: 是否支持A5_2类型加密 | E28: true、false | F28: true | G28: boolean | I28: RW | L28: 物理层是否支持A5_2类型加密。 取值false：不支持 取值true：支持
B29: 公共参数表 | C29: A53 | D29: 是否支持A5_3类型加密 | E29: true、false | F29: true | G29: boolean | I29: RW | L29: 物理层是否支持A5_3类型加密。 取值false：不支持 取值true：支持
B30: 公共参数表 | C30: A54 | D30: 是否支持A5_4类型加密 | E30: true、false | F30: false | G30: boolean | I30: RW | L30: 物理层是否支持A5_4类型加密。 取值false：不支持 取值true：支持
B31: 公共参数表 | C31: A55 | D31: 是否支持A5_5类型加密 | E31: true、false | F31: false | G31: boolean | I31: RW | L31: 物理层是否支持A5_5类型加密。 取值false：不支持 取值true：支持
B32: 公共参数表 | C32: A56 | D32: 是否支持A5_6类型加密 | E32: true、false | F32: false | G32: boolean | I32: RW | L32: 物理层是否支持A5_6类型加密。 取值false：不支持 取值true：支持
B33: 公共参数表 | C33: A57 | D33: 是否支持A5_7类型加密 | E33: true、false | F33: false | G33: boolean | I33: RW | L33: 物理层是否支持A5_7类型加密。 取值false：不支持 取值true：支持
A34: 不在网管上显示 | B34: 公共参数表 | C34: AuUserAccessMax | D34: 户型允许接入的用户数上限 | G34: unsignedInt | L34: 根据户型允许接入的用户数上限。 该参数上层暂时未有使用，保留。
A35: 不在网管上显示 | B35: 公共参数表 | C35: AuAlowPwrMax | D35: 户型允许最大发射功率 | G35: unsignedInt | L35: 根据户型允许最大发射功率 该参数上层暂时未有使用，保留。
B36: 公共参数表 | C36: LogTotalSize | D36: 单个日志文件大小 | E36: 0~4294967295(KByte) | F36: 3*1024 | G36: unsignedInt | I36: RW | L36: 日志文件的总大小，以1k Byte为单位
A37: 不在网管上显示 | B37: 公共参数表 | C37: LogTxtNumberMax | D37: 同类型日志文件存储最大文件个数 | G37: unsignedInt | L37: 同类型日志文件存储最大文件个数。 该参数上层暂时未有使用，保留。
B38: 公共参数表 | C38: LogOutputLevel | D38: 日志输出类型 | E38: 0~4 | F38: 1 | G38: unsignedInt | I38: RW | L38: 日志输出级别。 取值范围：0~4 取值0：DEBUG 取值1：INFO 取值2：TRACE 取值3：WARN 取值4：ERROR
A39: 不在网管上显示 | B39: 公共参数表 | C39: AuProductType | D39: Au产品类型 | L39: Au产品类型,取值范围：0~3 取值0：普通型原型机产品 取值1：企业级大容量产品 取值2：企业级eNB 3+1产品 取值3：普通型降成本产品
A40: 不在网管上显示 | B40: 公共参数表 | C40: AuRfWorkBandCapability | D40: 基站射频支持的工作频段能力 | E40: 0~3 | F40: 0 | G40: unsignedInt | L40: 基站射频支持的工作频段能力，取值范围：0~3 取值0：基站支持1800工作频段 取值1：基站支持900工作频段 取值2：基站支持900E工作频段 取值3：基站支持1900工作频段
A41: 不在网管上显示 | B41: 公共参数表 | C41: auRtpMultiplexInd | D41: 基站是否支持rtp复用 | E41: true、false | F41: false | L41: 基站是否支持rtp复用 取值范围：0和1 0代表不支持 1代表支持
B42: 接入管理 | C42: AccMode | D42: 标识AU接入模式 | E42: 0~2 | F42: 2 | G42: unsignedInt | I42: RW | L42: 标识AU接入模式。 取值范围：0、1、2 取值0：白名单有效； 取值1：是黑名单有效； 取值2：黑白名单都无效
A43: 不在网管上显示 | B43: 接入管理 | C43: NonCSGAccDecision | D43: 判断非CSG模式的UE接入
A44: 不在网管上显示 | B44: 接入管理 | C44: CsgMembershipDeterminedLocally | D44: 判断CSG模式的UE接入
A45: 不在网管上显示 | B45: 接入管理 | C45: HnbIdentifier | D45: 广播HomeNodeBIdentifier
A46: 不在网管上显示 | B46: 接入管理 | C46: HomeZoneName | D46: 运营商定义的ASCII字符串
A47: 不在网管上显示 | B47: 接入管理 | C47: MaxConcurrentCSGUsers | D47: 同时接入FAP的CSG可能用户的最大数
A48: 不在网管上显示 | B48: 接入管理 | C48: CsgId | D48: 封闭用户组的接入控制列表
B49: 接入管理 | C49: AccessControlList | D49: 白名单IMSI列表 | G49: String(1024) | I49: RW | L49: 接入控制表ACL.用逗号分隔的IMSI列表,每个IMSI最多可以有15个数字
A50: 不在网管上显示 | B50: 接入管理 | C50: BlackControlList | D50: 黑名单IMSI列表
A51: 不在网管上显示 | B51: 接入管理 | C51: MaxMemberDetailEntries | D51: maxMemberDetailEntries
A52: 不在网管上显示 | B52: 接入管理 | C52: MemberDetailNumberOfEntries | D52: memberDetailNumberOfEntries
A53: 不在网管上显示 | B53: UE状态管理参数（欢迎短信） | C53: PeriodicUploadEnable | D53: 周期性上传UE注册信息
A54: 不在网管上显示 | B54: UE状态管理参数（欢迎短信） | C54: UploadURL | D54: 周期上传的URL路径
A55: 不在网管上显示 | B55: UE状态管理参数（欢迎短信） | C55: UserName | D55: 周期上传连接的用户名
A56: 不在网管上显示 | B56: UE状态管理参数（欢迎短信） | C56: PassWord | D56: 周期上传连接的密码
A57: 不在网管上显示 | B57: UE状态管理参数（欢迎短信） | C57: PeriodicUploadIntervall | D57: 周期上传的间隔
A58: 不在网管上显示 | B58: UE状态管理参数（欢迎短信） | C58: PeriodicUploadTime | D58: 周期性上传的时间
B59: UE状态管理参数（欢迎短信） | C59: SmsPeriod | D59: 欢迎短信发送间隔周期 | E59: 0~72(小时） | F59: 24 | G59: unsignedInt | I59: RW | L59: 欢迎短信发送间隔周期，以小时为单位。 取值范围：0~72小时
B60: UE状态管理参数（欢迎短信） | C60: SendSMSType | D60: 控制FAP广播短信(是否发送欢迎短信标志) | E60: true、false | F60: true | G60: boolean | I60: RW | L60: 是否发送欢迎短信标志，False不发送欢迎短信，欢迎短信开关。 取值true：发送欢迎短信 取值false：不发送欢迎短信
B61: UE状态管理参数（欢迎短信） | C61: SmsInform | D61: FAP广播短信内容 | G61: String(640) | I61: RW | L61: 欢迎短信内容，最多140字，2条短信内容，如是符号需用转义字符（如短号用\0表示），遇’\0’结束。
B62: UE状态管理参数（欢迎短信） | C62: SmsSenderNumber | D62: 短信发送主叫号码 | G62: String(32) | I62: RW | L62: 欢迎短信所显示的发送方号码，如10086，遇’\0’结束。
A63: 不在网管上显示 | B63: UE状态管理参数（欢迎短信） | C63: HnbIdentifier | D63: 将广播HomeNodeBIdentifier，供UE显示
A64: 不在网管上显示 | B64: UE状态管理参数（欢迎短信） | C64: HomeZoneName | D64: 家庭区域名称.运营商定义的ASCII字符串
A65: 不在网管上显示 | B65: UE状态管理参数（欢迎短信） | C65: MaxConcurrentCSGUsers | D65: 同时接入FAP的CSG可能用户的最大数
A66: 不在网管上显示 | B66: UE状态管理参数（欢迎短信） | C66: MaxMemberDetailEntries | D66: maxMemberDetailEntries
A67: 不在网管上显示 | B67: UE状态管理参数（欢迎短信） | C67: MemberDetailNumberOfEntries | D67: memberDetailNumberOfEntries
A68: 整个结构体都不显示在网管上 | B68: 网关连接状态参数表
A69: 整个结构体都不显示在网管上 | B69: 设备参数表
A70: 整个结构体都不显示在网管上 | B70: 接入控制参数表
A71: 整个结构体都不显示在网管上 | B71: NTP时间同步参数
A72: 整个结构体都不显示在网管上 | B72: 解广播参数

Sheet 修订历史
C2: 中国移动TD-LTE一体化皮站/飞站基站设备网络管理南向接口数据配置模型规范
A4: 版本 | B4: 日期 | C4: 修订内容 | D4: 修订人
A5: v0.1 | B5: 42557 | C5: 创建初稿 | D5: 贾辉，曹汐
A6: v0.2 | B6: 42579 | C6: 完成征求意见稿 | D6: 贾辉，曹汐
A7: v0.3 | B7: 42619 | C7: 完成集中讨论修订稿 | D7: 贾辉，曹汐
A8: v0.4 | B8: 42642 | C8: 完成省公司征求意见稿 | D8: 贾辉，曹汐
A9: v0.5 | B9: 42657 | C9: 完成根据省公司讨论意见修改 | D9: 贾辉，曹汐
A10: V1.0 | B10: 42660 | C10: 发布稿第一版 | D10: 贾辉，曹汐
A11: V1.1 | B11: 42716 | C11: 基于近期反馈意见修订 | D11: 贾辉，曹汐
A12: V1.2 | B12: 42727 | C12: 修订SF、SH、SJ页笔误及部分参数，SQ页补充网管南向接口性能文件格式规范要求（遵循3GPP规范） | D12: 贾辉，曹汐
A13: V1.3 | B13: 42802 | C13: 修订SF、SG、SJ页数据类型笔误、取值范围等问题 | D13: 贾辉，曹汐
A14: V1.4 | B14: 42944 | C14: 根据一阶段现网试点建议，修订SF页补充3项基站运行状态参数，补充多实例参数Object个数读写属性页要求 | D14: 贾辉，曹汐
A15: V1.5 | B15: 42983 | C15: 新增SR页支持扩展型一体化皮站参数 | D15: 贾辉，曹汐
A16: V1.6 | B16: 43242 | C16: 更正SR页*.EU.{i}.Status和*.RU.{i}.Status两个参数的网管读写属性为只读 | D16: 贾辉，曹汐
A17: V1.7 | B17: 44355 | C17: 更正SF页“基站运行状态参数”为A类参数 | D17: 贾辉，李响
B18: 44356 | C18: Device,DeviceInfo,SerialNumber增加描述“设备序列号，以“-LTE”结尾” | D18: 贾辉，李响
B19: 44370 | C19: 更新SN页LocalTimeZone为string（64） SA页增加UserLabel和DnPrefix SF页增加UserLabel
A20: v1.8 | B20: 44375 | C20: SL页增加UserLabel和PortLocation 目录页增加告警说明 SD页删除serialNumber和OUI
A21: v1.9 | B21: 44377 | C21: 目录页 LDN移除“SA”、“NSA”字段
A22: v2.0 | B22: 44385 | C22: 目录页更新小区LDN为ECI SA也增加软件升级状态 SD页增加FaultLocation，AlarmIdentifier改为string（20） SP页增加MR Item SQ也增加PM补采
A23: v2.1 | B23: 44398 | C23: SD页增加History FaultLocation

Sheet 封面
B3: TD-LTE NanoCell南向数据配置模型规范(推荐版)
B5: 概述（详细问题请查阅正文内容）：
B6: TD-LTE NanoCell南向数据配置模型规范(推荐版)
B7: 文档适应的产品 | D7: 移动 NanoCell
B10: 文档详细信息 | D10: 版本 | E10: 作者 | F10: 时间 | G10: 来源 | H10: 注释
B11: TD-LTE NanoCell网管数据模型规范(初稿) | D11: 首发 | E11: 京信团队 | F11: 42535
G15: 京信通信系统（广州）有限公司

Sheet 目录
A1: 索引 | B1: 参数管理类别 | C1: 参数管理说明 | D1: A类属性数 | E1: B类属性数 | F1: CA类属性数 | G1: CB类属性数 | H1: 小计
A2: SA | B2: DeviceInfo | C2: 设备信息参数管理 | D2: =COUNTIF(SA!$F:$F,"A") -> 20 | E2: =COUNTIF(SA!$F:$F,"B") -> 0 | F2: =COUNTIF(SA!$F:$F,"CA") -> 0 | G2: =COUNTIF(SA!$F:$F,"CB") -> 0 | H2: =SUM($D2:$G2) -> 20
A3: SB | B3: SoftwareCtrl | C3: 软件版本参数管理 | D3: =COUNTIF(SB!$F:$F,"A") -> 5 | E3: =COUNTIF(SB!$F:$F,"B") -> 0 | F3: =COUNTIF(SB!$F:$F,"CA") -> 0 | G3: =COUNTIF(SB!$F:$F,"CB") -> 0 | H3: =SUM($D3:$G3) -> 5
A4: SC | B4: ManagementServer | C4: 基站网管参数管理 | D4: =COUNTIF(SC!$F:$F,"A") -> 19 | E4: =COUNTIF(SC!$F:$F,"B") -> 0 | F4: =COUNTIF(SC!$F:$F,"CA") -> 0 | G4: =COUNTIF(SC!$F:$F,"CB") -> 0 | H4: =SUM($D4:$G4) -> 19
A5: SD | B5: FaultMgmt | C5: 告警参数管理 | D5: =COUNTIF(SD!$F:$F,"A") -> 55 | E5: =COUNTIF(SD!$F:$F,"B") -> 0 | F5: =COUNTIF(SD!$F:$F,"CA") -> 0 | G5: =COUNTIF(SD!$F:$F,"CB") -> 0 | H5: =SUM($D5:$G5) -> 55
A6: SE | B6: DeviceLogMgmt | C6: 日志参数管理 | D6: =COUNTIF(SE!$F:$F,"A") -> 5 | E6: =COUNTIF(SE!$F:$F,"B") -> 0 | F6: =COUNTIF(SE!$F:$F,"CA") -> 0 | G6: =COUNTIF(SE!$F:$F,"CB") -> 0 | H6: =SUM($D6:$G6) -> 5
A7: SF | B7: Services.FAPService | C7: 小区服务参数管理（总体） | D7: =COUNTIF(SF!$F:$F,"A") -> 37 | E7: =COUNTIF(SF!$F:$F,"B") -> 0 | F7: =COUNTIF(SF!$F:$F,"CA") -> 17 | G7: =COUNTIF(SF!$F:$F,"CB") -> 0 | H7: =SUM($D7:$G7) -> 54
A8: SG | B8: Services.FAPService.{i}.SCTP.Transport | C8: SCTP参数管理 | D8: =COUNTIF(SG!$F:$F,"A") -> 13 | E8: =COUNTIF(SG!$F:$F,"B") -> 0 | F8: =COUNTIF(SG!$F:$F,"CA") -> 0 | G8: =COUNTIF(SG!$F:$F,"CB") -> 0 | H8: =SUM($D8:$G8) -> 13
A9: SH | B9: Services.FAPService.{i}.CellConfig.LTE.RAN | C9: RAN协议栈参数 | D9: =COUNTIF(SH!$F:$F,"A") -> 65 | E9: =COUNTIF(SH!$F:$F,"B") -> 0 | F9: =COUNTIF(SH!$F:$F,"CA") -> 6 | G9: =COUNTIF(SH!$F:$F,"CB") -> 0 | H9: =SUM($D9:$G9) -> 71
A10: SI | B10: Services.FAPService.{i}.CellConfig.LTE.RAN.NeighborList | C10: 邻区参数管理 | D10: =COUNTIF(SI!$F:$F,"A") -> 17 | E10: =COUNTIF(SI!$F:$F,"B") -> 0 | F10: =COUNTIF(SI!$F:$F,"CA") -> 10 | G10: =COUNTIF(SI!$F:$F,"CB") -> 0 | H10: =SUM($D10:$G10) -> 27
A11: SJ | B11: Services.FAPService.{i}.CellConfig.LTE.RAN.Mobility | C11: 移动性参数管理 | D11: =COUNTIF(SJ!$F:$F,"A") -> 209 | E11: =COUNTIF(SJ!$F:$F,"B") -> 33 | F11: =COUNTIF(SJ!$F:$F,"CA") -> 74 | G11: =COUNTIF(SJ!$F:$F,"CB") -> 11 | H11: =SUM($D11:$G11) -> 327
A12: SK | B12: Services.FAPService.{i}.FAPControl.LTE.SelfConfig.SONConfigParam | C12: SON参数管理 | D12: =COUNTIF(SK!$F:$F,"A") -> 17 | E12: =COUNTIF(SK!$F:$F,"B") -> 3 | F12: =COUNTIF(SK!$F:$F,"CA") -> 4 | G12: =COUNTIF(SK!$F:$F,"CB") -> 1 | H12: =SUM($D12:$G12) -> 25
A13: SL | B13: WANDevice | C13: WAN口配置参数管理 | D13: =COUNTIF(SL!$F:$F,"A") -> 12 | E13: =COUNTIF(SL!$F:$F,"B") -> 1 | F13: =COUNTIF(SL!$F:$F,"CA") -> 0 | G13: =COUNTIF(SL!$F:$F,"CB") -> 0 | H13: =SUM($D13:$G13) -> 13
A14: SM | B14: Ipsec | C14: IPsec参数管理 | D14: =COUNTIF(SM!$F:$F,"A") -> 9 | E14: =COUNTIF(SM!$F:$F,"B") -> 0 | F14: =COUNTIF(SM!$F:$F,"CA") -> 0 | G14: =COUNTIF(SM!$F:$F,"CB") -> 0 | H14: =SUM($D14:$G14) -> 9
A15: SN | B15: Time | C15: 时间服务器参数管理 | D15: =COUNTIF(SN!$F:$F,"A") -> 5 | E15: =COUNTIF(SN!$F:$F,"B") -> 0 | F15: =COUNTIF(SN!$F:$F,"CA") -> 3 | G15: =COUNTIF(SN!$F:$F,"CB") -> 0 | H15: =SUM($D15:$G15) -> 8
A16: SO | B16: FAP.GPS | C16: GPS信息参数管理 | D16: =COUNTIF(SO!$F:$F,"A") -> 0 | E16: =COUNTIF(SO!$F:$F,"B") -> 0 | F16: =COUNTIF(SO!$F:$F,"CA") -> 0 | G16: =COUNTIF(SO!$F:$F,"CB") -> 3 | H16: =SUM($D16:$G16) -> 3
A17: SP | B17: FAP.MRMgmt | C17: MR参数管理 | D17: =COUNTIF(SP!$F:$F,"A") -> 0 | E17: =COUNTIF(SP!$F:$F,"B") -> 14 | F17: =COUNTIF(SP!$F:$F,"CA") -> 0 | G17: =COUNTIF(SP!$F:$F,"CB") -> 0 | H17: =SUM($D17:$G17) -> 14
A18: SQ | B18: FAP.PerfMgmt | C18: 性能参数管理 | D18: =COUNTIF(SQ!$F:$F,"A") -> 10 | E18: =COUNTIF(SQ!$F:$F,"B") -> 0 | F18: =COUNTIF(SQ!$F:$F,"CA") -> 0 | G18: =COUNTIF(SQ!$F:$F,"CB") -> 0 | H18: =SUM($D18:$G18) -> 10
A19: SR | B19: ENanocell | C19: 扩展型一体化皮基站参数 | D19: =COUNTIF(SR!$F:$F,"A") -> 25 | E19: =COUNTIF(SR!$F:$F,"B") -> 6 | F19: =COUNTIF(SR!$F:$F,"CA") -> 0 | G19: =COUNTIF(SR!$F:$F,"CB") -> 0 | H19: =SUM($D19:$G19) -> 31
A20: 合计 | D20: =SUM(D2:D19) -> 523 | E20: =SUM(E2:E19) -> 57 | F20: =SUM(F2:F19) -> 114 | G20: =SUM(G2:G19) -> 15 | H20: =SUM(H2:H19) -> 709
B21: 说明： 1.LDN的组成方式，按照《中国移动室分系统OMC南向接口要求 第2部分：皮基站技术要求_0611_clean》规范中附录B3.2的样例： i. eNB的LDN的组成如：localDn="ManagedElement=SN,Type=eNB",其中，ManagedElement的SN取SA页InternetGatewayDevice.DeviceInfo.SerialNumber ii. 小区的LDN，其组成如localDn="Type=Cell,eNBID=123,CellIdentity=22" iii. EU的LDN组成如：localDn="ManagedElement=SN,Type=EU,EU=EUSN",其中，EUSN取SA页 InternetGatewayDevice.DeviceInfo.EU.{i}.SerialNumber iv. RU的LDN组成如：localDn="ManagedElement=SN,Type=RU,RU=RUSN",其中，RUSN取SA页InternetGatewayDevice.DeviceInfo.EU.{i}.RU.{i}.SerialNumber v. 网卡的LDN组成如：localDn="ManagedElement=SN,Type=NIC,PortLocation=..." 2.SD页告警ManagedObjectInstance须填写DN，DN后以"|"结尾，并可以携带其他辅助信息，信息以"|"分割 样例(InternetGatewayDevice.DeviceInfo.SerialNumber=1234567)： 1. MU产生告警，则MOI中信息如： "DN='DC=BJ,SubNetwork=1,ManagedElement=1234567,Type=eNB'|......" 2. MU产生小区告警，则MOI中信息如："DN='DC=BJ,SubNetwork=1,ManagedElement=1234567,Type=Cell,eNBID=123,CellIdentity=22'|......" 3. MU产生网卡告警，则MOI中信息如："DN='DC=BJ,SubNetwork=1,ManagedElement=1234567,Type=NIC,PortLocation=...|......"

Sheet SA
A1: 归类 | B1: 网管数据模型(TR098) | C1: 网管数据模型(TR181) | D1: 参数名称 | E1: 中文名 | F1: 重要性 | G1: 北向Index | H1: 北向NRM参数映射 | I1: 网管读写权限 | J1: 类型 | K1: 描述 | L1: 来源 | M1: 备注
A2: 设备信息参数管理 | B2: InternetGatewayDevice.DeviceInfo.UserLabel | C2: Device.DeviceInfo.UserLabel | D2: UserLabel | E2: 用户友好名 | F2: A | G2: AA | H2: UserLabel | I2: RW | J2: string | K2: 字段必须与OMC系统内配置资源名称保持一致。且要求UserLabel与告警、性能数据中同一资源对象使用的网元用户友好名保持一致，即用户有好名在OMC内部以及北向接口交互过程中全局唯一。OMC系统内配置资源命名建议参考《中国移动网络资源命名规范-无线分册》，基站命名要求。 | L2: 技术规范_NanoCell eNB网元统计数据需求规范-NRM(V2.9.0)
B3: InternetGatewayDevice.DeviceInfo.DnPrefix | C3: Device.DeviceInfo.DnPrefix | D3: DnPrefix | E3: DN前缀 | F3: A | G3: / | H3: / | I3: RW | J3: string | K3: 例如"DC=BJ,SubNetwork=1" | L3: 中国移动室分系统OMC南向接口要求 第2部分：皮基站技术要求_0611_clean
B4: InternetGatewayDevice.DeviceInfo.ManufacturerOUI | C4: Device.DeviceInfo.ManufacturerOUI | D4: ManufacturerOUI | E4: 制造商OUI | F4: A | G4: AA | H4: ManufacturerData | I4: R | J4: string(6) | K4: / | L4: TR系列规范(TR098/TR181)/NRM数据配置要求
B5: InternetGatewayDevice.DeviceInfo.Manufacturer | C5: Device.DeviceInfo.Manufacturer | D5: Manufacturer | E5: 制造商 | F5: A | H5: VendorName | I5: R | J5: string(64) | K5: / | L5: TR系列规范(TR098/TR181)/NRM数据配置要求
B6: InternetGatewayDevice.DeviceInfo.ModelName | C6: Device.DeviceInfo.ModelName | D6: ModelName | E6: 设备型号 | F6: A | H6: NeType | I6: R | J6: string(64) | K6: / | L6: TR系列规范(TR098/TR181)/NRM数据配置要求
B7: InternetGatewayDevice.DeviceInfo.SerialNumber | C7: Device.DeviceInfo.SerialNumber | D7: SerialNumber | E7: 序列号 | F7: A | H7: SerialNumber | I7: R | J7: string(64) | K7: 序列号，以“-LTE”结尾 | L7: TR系列规范(TR098/TR181)/NRM数据配置要求
B8: InternetGatewayDevice.DeviceInfo.HardwareVersion | C8: Device.DeviceInfo.HardwareVersion | D8: HardwareVersion | E8: 硬件版本 | F8: A | H8: Version | I8: R | J8: string(64) | K8: / | L8: TR系列规范(TR098/TR181)/NRM数据配置要求
B9: InternetGatewayDevice.DeviceInfo.SoftwareVersion | C9: Device.DeviceInfo.SoftwareVersion | D9: SoftwareVersion | E9: 软件版本 | F9: A | H9: SwVersion | I9: R | J9: string(64) | K9: / | L9: TR系列规范(TR098/TR181)/NRM数据配置要求
B10: InternetGatewayDevice.DeviceInfo.HardwarePlatform | C10: Device.DeviceInfo.HardwarePlatform | D10: HardwarePlatform | E10: 硬件平台 | F10: A | H10: HardwarePlatform | I10: R | J10: string(64) | K10: / | L10: NRM数据配置要求
B11: InternetGatewayDevice.DeviceInfo.AdditionalHardwareVersion | C11: Device.DeviceInfo.AdditionalHardwareVersion | D11: AdditionalHardwareVersion | E11: 附加硬件版本 | F11: A | H11: / | I11: R | J11: string(64) | K11: / | L11: TR系列规范(TR098/TR181)/NRM数据配置要求
B12: InternetGatewayDevice.DeviceInfo.AdditionalSoftwareVersion | C12: Device.DeviceInfo.AdditionalSoftwareVersion | D12: AdditionalSoftwareVersion | E12: 附加软件版本 | F12: A | H12: / | I12: R | J12: string(64) | K12: / | L12: TR系列规范(TR098/TR181)/NRM数据配置要求
B13: InternetGatewayDevice.DeviceInfo.ProvisioningCode | C13: Device.DeviceInfo.ProvisioningCode | D13: ProvisioningCode | E13: 供应商代号 | F13: A | H13: VendorName | I13: R | J13: string(64) | K13: / | L13: TR系列规范(TR098/TR181)/NRM数据配置要求
B14: InternetGatewayDevice.DeviceInfo.ProductClass | C14: Device.DeviceInfo.ProductClass | D14: ProductClass | E14: 产品分类 | F14: A | H14: VendorUnitFamilyType | I14: R | J14: string(64) | K14: / | L14: TR系列规范(TR098/TR181)/NRM数据配置要求
B15: InternetGatewayDevice.DeviceInfo.UpTime | C15: Device.DeviceInfo.UpTime | D15: UpTime | E15: 运行时间 | F15: A | H15: DateOfLastService | I15: R | J15: unsignedInt | K15: / | L15: TR系列规范(TR098/TR181)/NRM数据配置要求
B16: InternetGatewayDevice.DeviceInfo.3GPPSpecVersion | C16: Device.DeviceInfo.3GPPSpecVersion | D16: 3GPPSpecVersion | E16: 3GPP协议版本 | F16: A | H16: / | I16: R | J16: string | K16: / | L16: TR系列规范(TR098/TR181)/NRM数据配置要求
B17: InternetGatewayDevice.DeviceInfo.FirstUseDate | C17: Device.DeviceInfo.FirstUseDate | D17: FirstUseDate | E17: 首次使用日期 | F17: A | H17: DateOfManufacture | I17: R | J17: dateTime | K17: / | L17: TR系列规范(TR098/TR181)/NRM数据配置要求
B18: InternetGatewayDevice.DeviceInfo.SwUpgrade.Stage | C18: Device.DeviceInfo.SwUpgrade.Stage | D18: Stage | E18: 升级阶段 | F18: A | G18: / | H18: / | I18: R | J18: unsignedInt[1:5] | K18: 1:初始化 2:下载 3:安装 4:等待激活 5.激活
B19: InternetGatewayDevice.DeviceInfo.SwUpgrade.FailureCause | C19: Device.DeviceInfo.SwUpgrade.FailureCause | D19: FailureCause | E19: 升级失败原因 | F19: A | G19: / | H19: / | I19: R | J19: string(512) | K19: 升级失败原因描述
B20: InternetGatewayDevice.DeviceInfo.SwUpgrade.Status | C20: Device.DeviceInfo.SwUpgrade.Status | D20: Status | E20: 状态 | F20: A | G20: / | H20: / | I20: R | J20: unsignedInt[1:3] | K20: 1:成功 2:失败
B21: InternetGatewayDevice.DeviceInfo.DataModelSpecVersion | C21: Device.DeviceInfo.DataModelSpecVersion | D21: DataModelSpecVersion | E21: 数据模型版本 | F21: A | G21: / | H21: / | I21: R | J21: string | K21: 描述中国移动技术规范发布的小基站南向数据模型版本号

Sheet SB
A1: 归类 | B1: 网管数据模型(TR098) | C1: 网管数据模型(TR181) | D1: 参数名称 | E1: 中文名 | F1: 重要性 | G1: 北向Index | H1: 北向NRM参数映射 | I1: 网管读写权限 | J1: 类型 | K1: 描述 | L1: 来源 | M1: 备注
A2: 版本参数管理 | B2: InternetGatewayDevice.SoftwareCtrl.AutoActivateEnable | C2: Device.SoftwareCtrl.AutoActivateEnable | D2: AutoActivateEnable | E2: 立即激活目标升级版本使能开关 | F2: A | G2: / | H2: / | I2: RW | J2: boolean | K2: (0=false,1=true)，立即激活目标升级版本使能开关，当为true时，设备下载成功目标升级版本后立即激活版本，当为flase时，需要和ActivateTime这两个参数一起使用。 | L2: 自定义
B3: InternetGatewayDevice.SoftwareCtrl.ActivateTime | C3: Device.SoftwareCtrl.ActivateTime | D3: ActivateTime | E3: 软件激活时间 | F3: A | I3: RW | J3: dateTime | K3: 激活时间，格式如：2012-12-11T19:15:00，下发命令后设备只要在大于等于激活时间里开启，就会激活系统备份版本。
B4: InternetGatewayDevice.SoftwareCtrl.ActivateEnable | C4: Device.SoftwareCtrl.ActivateEnable | D4: ActivateEnable | E4: 激活备份版本使能开关 | F4: A | I4: RW | J4: boolean | K4: (0=false,1=true)激活备份版本使能开关，当为true时立即激活备份版本。
B5: InternetGatewayDevice.SoftwareCtrl.SystemCurrentVersion | C5: Device.SoftwareCtrl.SystemCurrentVersion | D5: SystemCurrentVersion | E5: 系统当前版本 | F5: A | I5: R | J5: string(64) | K5: 系统正在使用的版本。
B6: InternetGatewayDevice.SoftwareCtrl.SystemBackupVersion | C6: Device.SoftwareCtrl.SystemBackupVersion | D6: SystemBackupVersion | E6: 系统备份版本 | F6: A | I6: R | J6: string(64) | K6: 系统备份版本，新下载的或以前使用的版本。

Sheet SC
A1: 归类 | B1: 网管数据模型(TR098) | C1: 网管数据模型(TR181) | D1: 参数名称 | E1: 中文名 | F1: 重要性 | G1: 北向Index | H1: 北向NRM参数映射 | I1: 网管读写权限 | J1: 类型 | K1: 描述 | L1: 来源 | M1: 备注
A2: 网管参数管理 | B2: InternetGatewayDevice.ManagementServer.URL | C2: Device.ManagementServer.URL | D2: URL | E2: 网管服务器URL | F2: A | H2: / | I2: RW | J2: string(256) | K2: ACS使用CWMP连接ACS的URL。格式必须为合法的HTTP/HTTPS的形式。 | L2: TR系列规范(TR098/TR181)
B3: InternetGatewayDevice.ManagementServer.Username | C3: Device.ManagementServer.Username | D3: Username | E3: 连接用户名 | F3: A | H3: / | I3: RW | J3: string(256) | K3: ACS使用CWMP连接基站时使用的认证用户名。仅用于基站的基于HTTP的认证。 | L3: TR系列规范(TR098/TR181)
B4: InternetGatewayDevice.ManagementServer.Password | C4: Device.ManagementServer.Password | D4: Password | E4: 连接密码 | F4: A | H4: / | I4: RW | J4: string(256) | K4: 基站使用CWMP连接ACS时使用的认证密码。仅用于基站的基于HTTP的认证。读取时返回一个空字符串. | L4: TR系列规范(TR098/TR181)
B5: InternetGatewayDevice.ManagementServer.PeriodicInformEnable | C5: Device.ManagementServer.PeriodicInformEnable | D5: PeriodicInformEnable | E5: 连接使能开关 | F5: A | H5: / | I5: RW | J5: boolean | K5: 基站是否必须利用Inform方法调用定时向服务器端发送基站信息。当PeriodicInformEnable=true时，PeriodicInformInterval才起作用 | L5: TR系列规范(TR098/TR181)
B6: InternetGatewayDevice.ManagementServer.PeriodicInformTime | C6: Device.ManagementServer.PeriodicInformTime | D6: PeriodicInformTime | E6: 上报周期 | F6: A | H6: / | I6: RW | J6: dateTime | K6: 2012-12-11T19:15:00 | L6: TR系列规范(TR098/TR181)
B7: InternetGatewayDevice.ManagementServer.PeriodicInformInterval | C7: Device.ManagementServer.PeriodicInformInterval | D7: PeriodicInformInterval | E7: 周期上报时间间隔 | F7: A | H7: / | I7: RW | J7: unsignedInt[1:] | K7: 在PeriodicInformEnable为真时，基站必须尝试连接ACS并调用Inform方法的时间间隔。当PeriodicInformEnable=true才生效 | L7: TR系列规范(TR098/TR181)
B8: InternetGatewayDevice.ManagementServer.ParameterKey | C8: Device.ManagementServer.ParameterKey | D8: ParameterKey | E8: 键值 | F8: A | H8: / | I8: R | J8: string(32) | K8: 来自于服务器的最新的 SetParameterValues，AddObject 或 DeleteObject 方法调用的 ParameterKey 自变量数值。如果没有此类调用，此数值为空。 | L8: TR系列规范(TR098/TR181)
B9: InternetGatewayDevice.ManagementServer.ConnectionRequestURL | C9: Device.ManagementServer.ConnectionRequestURL | D9: ConnectionRequestURL | E9: 连接请求URL | F9: A | G9: AA | H9: ManagementIpAddress | I9: R | J9: string(256) | K9: ACS向基站发起连接请求通知时所使用的HTTPURL。其形式如下：http://host:port/SOAP/HNBServlet?a=1的"主机"部分可以是基站管理接口的IP地址，用以替代域名。 | L9: TR系列规范(TR098/TR181)
B10: InternetGatewayDevice.ManagementServer.ConnectionRequestUsername | C10: Device.ManagementServer.ConnectionRequestUsername | D10: ConnectionRequestUsername | E10: 连接请求用户名 | F10: A | H10: / | I10: RW | J10: string(256) | K10: ACS向基站发起连接请求时，鉴权过程使用的用户名。 | L10: TR系列规范(TR098/TR181)
B11: InternetGatewayDevice.ManagementServer.ConnectionRequestPassword | C11: Device.ManagementServer.ConnectionRequestPassword | D11: ConnectionRequestPassword | E11: 连接请求密码 | F11: A | H11: / | I11: RW | J11: string(256) | K11: ACS向基站发起连接请求时，鉴权过程使用的密码。在被读取时，该参数会忽略实际值而返回一个空字符串。 | L11: TR系列规范(TR098/TR181)
B12: InternetGatewayDevice.ManagementServer.UDPConnectionRequestAddress | C12: Device.ManagementServer.UDPConnectionRequestAddress | D12: UDPConnectionRequestAddress | E12: UDP连接请求地址 | F12: A | H12: / | I12: R | J12: string(256) | K12: / | L12: TR系列规范(TR098/TR181)
B13: InternetGatewayDevice.ManagementServer.STUNEnable | C13: Device.ManagementServer.STUNEnable | D13: STUNEnable | E13: STUN使能开关 | F13: A | H13: / | I13: RW | J13: boolean | K13: (0=false,1=true) | L13: TR系列规范(TR098/TR181)
B14: InternetGatewayDevice.ManagementServer.STUNServerAddress | C14: Device.ManagementServer.STUNServerAddress | D14: STUNServerAddress | E14: STUN服务器地址 | F14: A | H14: / | I14: RW | J14: string(256) | K14: / | L14: TR系列规范(TR098/TR181)
B15: InternetGatewayDevice.ManagementServer.STUNServerPort | C15: Device.ManagementServer.STUNServerPort | D15: STUNServerPort | E15: STUN服务器端口 | F15: A | H15: / | I15: RW | J15: unsignedInt[0:65535] | K15: / | L15: TR系列规范(TR098/TR181)
B16: InternetGatewayDevice.ManagementServer.STUNUsername | C16: Device.ManagementServer.STUNUsername | D16: STUNUsername | E16: STUN用户名 | F16: A | H16: / | I16: RW | J16: string(256) | K16: / | L16: TR系列规范(TR098/TR181)
B17: InternetGatewayDevice.ManagementServer.STUNPassword | C17: Device.ManagementServer.STUNPassword | D17: STUNPassword | E17: STUN密码 | F17: A | H17: / | I17: RW | J17: string(256) | K17: / | L17: TR系列规范(TR098/TR181)
B18: InternetGatewayDevice.ManagementServer.STUNMaximumKeepAlivePeriod | C18: Device.ManagementServer.STUNMaximumKeepAlivePeriod | D18: STUNMaximumKeepAlivePeriod | E18: STUN最大生存周期 | F18: A | H18: / | I18: RW | J18: int[-1:65535] | K18: / | L18: TR系列规范(TR098/TR181)
B19: InternetGatewayDevice.ManagementServer.STUNMinimumKeepAlivePeriod | C19: Device.ManagementServer.STUNMinimumKeepAlivePeriod | D19: STUNMinimumKeepAlivePeriod | E19: STUN最小生存周期 | F19: A | H19: / | I19: RW | J19: unsignedInt[0:65535] | K19: / | L19: TR系列规范(TR098/TR181)
B20: InternetGatewayDevice.ManagementServer.NATDetected | C20: Device.ManagementServer.NATDetected | D20: NATDetected | E20: NAT转换地址 | F20: A | H20: / | I20: R | J20: boolean | K20: (0=false,1=true) | L20: TR系列规范(TR098/TR181)

Sheet SD
A1: 类型 | B1: 网管数据模型(TR098) | C1: 网管数据模型(TR181) | D1: 参数名称 | E1: 中文名 | F1: 重要性 | G1: 北向Index | H1: 北向NRM参数映射 | I1: 网管读写权限 | J1: 类型 | K1: 描述 | L1: 来源 | M1: 备注
A2: 告警管理 | B2: InternetGatewayDevice.FaultMgmt.SupportedAlarmNumberOfEntries | C2: Device.FaultMgmt.SupportedAlarmNumberOfEntries | D2: SupportedAlarmNumberOfEntries | E2: 最大告警实例数量 | F2: A | G2: / | H2: / | I2: R | J2: unsignedInt | K2: / | L2: TR系列规范(TR098/TR181/中国移动Nanocell基站设备网络管理南向接口技术规范v1.3.0)
B3: InternetGatewayDevice.FaultMgmt.MaxCurrentAlarmEntries | C3: Device.FaultMgmt.MaxCurrentAlarmEntries | D3: MaxCurrentAlarmEntries | E3: 最大当前告警实例数量 | F3: A | I3: R | J3: unsignedInt | K3: /
B4: InternetGatewayDevice.FaultMgmt.CurrentAlarmNumberOfEntries | C4: Device.FaultMgmt.CurrentAlarmNumberOfEntries | D4: CurrentAlarmNumberOfEntries | E4: 当前告警实例数量 | F4: A | I4: R | J4: unsignedInt | K4: /
B5: InternetGatewayDevice.FaultMgmt.HistoryEventNumberOfEntries | C5: Device.FaultMgmt.HistoryEventNumberOfEntries | D5: HistoryEventNumberOfEntries | E5: 历史事件实例数量 | F5: A | I5: R | J5: unsignedInt | K5: /
B6: InternetGatewayDevice.FaultMgmt.ExpeditedEventNumberOfEntries | C6: Device.FaultMgmt.ExpeditedEventNumberOfEntries | D6: ExpeditedEventNumberOfEntries | E6: 紧急事件实例数量 | F6: A | I6: R | J6: unsignedInt | K6: /
B7: InternetGatewayDevice.FaultMgmt.QueuedEventNumberOfEntries | C7: Device.FaultMgmt.QueuedEventNumberOfEntries | D7: QueuedEventNumberOfEntries | E7: 队列事件实例数量 | F7: A | I7: R | J7: unsignedInt | K7: /
B8: InternetGatewayDevice.FaultMgmt.SupportedAlarm.{i}.EventType | C8: Device.FaultMgmt.SupportedAlarm.{i}.EventType | D8: EventType | E8: 告警类型 | F8: A | I8: R | J8: string(64) | K8: 设备上报告警消息中的告警类型，包括通讯告警、环境告警、设备告警、处理错误告警、服务质量告警等
B9: InternetGatewayDevice.FaultMgmt.SupportedAlarm.{i}.ProbableCause | C9: Device.FaultMgmt.SupportedAlarm.{i}.ProbableCause | D9: ProbableCause | E9: 告警原因 | F9: A | I9: R | J9: string(64) | K9: /
B10: InternetGatewayDevice.FaultMgmt.SupportedAlarm.{i}.SpecificProblem | C10: Device.FaultMgmt.SupportedAlarm.{i}.SpecificProblem | D10: SpecificProblem | E10: 告警描述 | F10: A | I10: R | J10: string(128) | K10: /
B11: InternetGatewayDevice.FaultMgmt.SupportedAlarm.{i}.PerceivedSeverity | C11: Device.FaultMgmt.SupportedAlarm.{i}.PerceivedSeverity | D11: PerceivedSeverity | E11: 支持告警级别 | F11: A | I11: R | J11: string | K11: 设备上报告警消息中的告警级别：Critical,严重；Major,重要；Minor,次要；Warning,警告；
B12: InternetGatewayDevice.FaultMgmt.SupportedAlarm.{i}.ReportingMechanism | C12: Device.FaultMgmt.SupportedAlarm.{i}.ReportingMechanism | D12: ReportingMechanism | E12: 告警上报机制 | F12: A | I12: RW | J12: string | K12: / | M12: 修改网管读写权限
B13: InternetGatewayDevice.FaultMgmt.CurrentAlarm.{i}.AlarmIdentifier | C13: Device.FaultMgmt.CurrentAlarm.{i}.AlarmIdentifier | D13: AlarmIdentifier | E13: 该告警的唯一序列号 | F13: A | I13: R | J13: string(20) | K13: /
B14: InternetGatewayDevice.FaultMgmt.CurrentAlarm.{i}.AlarmRaisedTime | C14: Device.FaultMgmt.CurrentAlarm.{i}.AlarmRaisedTime | D14: AlarmRaisedTime | E14: 告警发生时间 | F14: A | I14: R | J14: dateTime | K14: /
B15: InternetGatewayDevice.FaultMgmt.CurrentAlarm.{i}.AlarmChangedTime | C15: Device.FaultMgmt.CurrentAlarm.{i}.AlarmChangedTime | D15: AlarmChangedTime | E15: 告警改变时间 | F15: A | I15: R | J15: dateTime | K15: /
B16: InternetGatewayDevice.FaultMgmt.CurrentAlarm.{i}.FaultLocation | C16: Device.FaultMgmt.CurrentAlarm.{i}.FaultLocation | D16: FaultLocation | E16: 告警源定位信息 | F16: A | G16: / | H16: / | I16: R | J16: string(512) | K16: 表示故障源对应的资源对象信息，通常用管理对象实例（MOI）的DN表示。其中对于MOI的DN定义，5G皮基站参考《中国移动5G扩展型皮基站网管南向接口数据模型规范》相关说明，4G皮基站参考《中国移动一体化皮站_飞站基站设备网络管理南向接口数据配置模型规范》相关说明
B17: InternetGatewayDevice.FaultMgmt.CurrentAlarm.{i}.ManagedObjectInstance | C17: Device.FaultMgmt.CurrentAlarm.{i}.ManagedObjectInstance | D17: ManagedObjectInstance | E17: 管理对象实例 | F17: A | I17: R | J17: string(512) | K17: 定义了承载该对象实例DN时发生的基站告警的信息对象等级的实例 | M17: 手动同步告警采用该模型节点上报
B18: InternetGatewayDevice.FaultMgmt.CurrentAlarm.{i}.EventType | C18: Device.FaultMgmt.CurrentAlarm.{i}.EventType | D18: EventType | E18: 告警类型 | F18: A | I18: R | J18: string(64) | K18: 设备上报告警消息中的告警类型，包括通讯告警、环境告警、设备告警、处理错误告警、服务质量告警等
B19: InternetGatewayDevice.FaultMgmt.CurrentAlarm.{i}.ProbableCause | C19: Device.FaultMgmt.CurrentAlarm.{i}.ProbableCause | D19: ProbableCause | E19: 告警原因 | F19: A | I19: R | J19: string(64) | K19: /
B20: InternetGatewayDevice.FaultMgmt.CurrentAlarm.{i}.SpecificProblem | C20: Device.FaultMgmt.CurrentAlarm.{i}.SpecificProblem | D20: SpecificProblem | E20: 告警描述 | F20: A | I20: R | J20: string(128) | K20: /
B21: InternetGatewayDevice.FaultMgmt.CurrentAlarm.{i}.PerceivedSeverity | C21: Device.FaultMgmt.CurrentAlarm.{i}.PerceivedSeverity | D21: PerceivedSeverity | E21: 当前告警级别 | F21: A | I21: R | J21: string | K21: 设备上报告警消息中的告警级别：Critical,严重；Major,重要；Minor,次要；Warning,警告；
B22: InternetGatewayDevice.FaultMgmt.CurrentAlarm.{i}.AdditionalText | C22: Device.FaultMgmt.CurrentAlarm.{i}.AdditionalText | D22: AdditionalText | E22: 告警附加文本 | F22: A | I22: R | J22: string(256) | K22: 本规范规定内容为厂家告警编码
B23: InternetGatewayDevice.FaultMgmt.CurrentAlarm.{i}.AdditionalInformation | C23: Device.FaultMgmt.CurrentAlarm.{i}.AdditionalInformation | D23: AdditionalInformation | E23: 告警附加信息 | F23: A | I23: R | J23: string(256) | K23: （格式：英文）统一采用此参数作为告警附加信息，映射到北向的AlarmText字段
B24: InternetGatewayDevice.FaultMgmt.HistoryEvent.{i}.EventTime | C24: Device.FaultMgmt.HistoryEvent.{i}.EventTime | D24: EventTime | E24: 告警发生、改变、清除的时间 | F24: A | I24: R | J24: dateTime | K24: /
B25: InternetGatewayDevice.FaultMgmt.HistoryEvent.{i}.AlarmIdentifier | C25: Device.FaultMgmt.HistoryEvent.{i}.AlarmIdentifier | D25: AlarmIdentifier | E25: 该告警的唯一序列号 | F25: A | I25: R | J25: string(20) | K25: /
B26: InternetGatewayDevice.FaultMgmt.HistoryEvent.{i}.NotificationType | C26: Device.FaultMgmt.HistoryEvent.{i}.NotificationType | D26: NotificationType | E26: 通知类型 | F26: A | I26: R | J26: string | K26: /
B27: InternetGatewayDevice.FaultMgmt.HistoryEvent.{i}.FaultLocation | C27: Device.FaultMgmt.HistoryEvent.{i}.FaultLocation | D27: FaultLocation | E27: 告警源定位信息 | F27: A | G27: / | H27: / | I27: R | J27: string(512) | K27: 表示故障源对应的资源对象信息，通常用管理对象实例（MOI）的DN表示。其中对于MOI的DN定义，5G皮基站参考《中国移动5G扩展型皮基站网管南向接口数据模型规范》相关说明，4G皮基站参考《中国移动一体化皮站_飞站基站设备网络管理南向接口数据配置模型规范》相关说明
B28: InternetGatewayDevice.FaultMgmt.HistoryEvent.{i}.ManagedObjectInstance | C28: Device.FaultMgmt.HistoryEvent.{i}.ManagedObjectInstance | D28: ManagedObjectInstance | E28: 管理对象实例 | F28: A | I28: R | J28: string(512) | K28: 定义了承载该对象实例DN时发生的基站告警的信息对象等级的实例
B29: InternetGatewayDevice.FaultMgmt.HistoryEvent.{i}.EventType | C29: Device.FaultMgmt.HistoryEvent.{i}.EventType | D29: EventType | E29: 告警类型 | F29: A | I29: R | J29: string(64) | K29: 设备上报告警消息中的告警类型，包括通讯告警、环境告警、设备告警、处理错误告警、服务质量告警等
B30: InternetGatewayDevice.FaultMgmt.HistoryEvent.{i}.ProbableCause | C30: Device.FaultMgmt.HistoryEvent.{i}.ProbableCause | D30: ProbableCause | E30: 告警原因 | F30: A | I30: R | J30: string(64) | K30: /
B31: InternetGatewayDevice.FaultMgmt.HistoryEvent.{i}.SpecificProblem | C31: Device.FaultMgmt.HistoryEvent.{i}.SpecificProblem | D31: SpecificProblem | E31: 告警描述 | F31: A | I31: R | J31: string(128) | K31: /
B32: InternetGatewayDevice.FaultMgmt.HistoryEvent.{i}.PerceivedSeverity | C32: Device.FaultMgmt.HistoryEvent.{i}.PerceivedSeverity | D32: PerceivedSeverity | E32: 告警级别 | F32: A | I32: R | J32: string | K32: 设备上报告警消息中的告警级别：Critical,严重；Major,重要；Minor,次要；Warning,警告；
B33: InternetGatewayDevice.FaultMgmt.HistoryEvent.{i}.AdditionalText | C33: Device.FaultMgmt.HistoryEvent.{i}.AdditionalText | D33: AdditionalText | E33: 告警附加文本 | F33: A | I33: R | J33: string(256) | K33: 本规范规定内容为厂家告警编码
B34: InternetGatewayDevice.FaultMgmt.HistoryEvent.{i}.AdditionalInformation | C34: Device.FaultMgmt.HistoryEvent.{i}.AdditionalInformation | D34: AdditionalInformation | E34: 告警附加信息 | F34: A | I34: R | J34: string(256) | K34: 格式：英文。统一采用此参数作为告警附加信息，映射到北向的AlarmText字段
B35: InternetGatewayDevice.FaultMgmt.ExpeditedEvent.{i}.EventTime | C35: Device.FaultMgmt.ExpeditedEvent.{i}.EventTime | D35: EventTime | E35: 告警发生、改变、清除的时间 | F35: A | I35: R | J35: dateTime | K35: /
B36: InternetGatewayDevice.FaultMgmt.ExpeditedEvent.{i}.AlarmIdentifier | C36: Device.FaultMgmt.ExpeditedEvent.{i}.AlarmIdentifier | D36: AlarmIdentifier | E36: 该告警的唯一序列号 | F36: A | I36: R | J36: string(20) | K36: /
B37: InternetGatewayDevice.FaultMgmt.ExpeditedEvent.{i}.NotificationType | C37: Device.FaultMgmt.ExpeditedEvent.{i}.NotificationType | D37: NotificationType | E37: 通知类型 | F37: A | I37: R | J37: string | K37: /
B38: InternetGatewayDevice.FaultMgmt.ExpeditedEvent.{i}.FaultLocation | C38: Device.FaultMgmt.ExpeditedEvent.{i}.FaultLocation | D38: FaultLocation | E38: 告警源定位信息 | F38: A | G38: / | H38: / | I38: R | J38: string(512) | K38: 表示故障源对应的资源对象信息，通常用管理对象实例（MOI）的DN表示。其中对于MOI的DN定义，5G皮基站参考《中国移动5G扩展型皮基站网管南向接口数据模型规范》相关说明，4G皮基站参考《中国移动一体化皮站_飞站基站设备网络管理南向接口数据配置模型规范》相关说明
B39: InternetGatewayDevice.FaultMgmt.ExpeditedEvent.{i}.ManagedObjectInstance | C39: Device.FaultMgmt.ExpeditedEvent.{i}.ManagedObjectInstance | D39: ManagedObjectInstance | E39: 管理对象实例 | F39: A | I39: R | J39: string(512) | K39: 定义了承载该对象实例DN时发生的基站告警的信息对象等级的实例
B40: InternetGatewayDevice.FaultMgmt.ExpeditedEvent.{i}.EventType | C40: Device.FaultMgmt.ExpeditedEvent.{i}.EventType | D40: EventType | E40: 告警类型 | F40: A | I40: R | J40: string(64) | K40: 设备上报告警消息中的告警类型，包括通讯告警、环境告警、设备告警、处理错误告警、服务质量告警等
B41: InternetGatewayDevice.FaultMgmt.ExpeditedEvent.{i}.ProbableCause | C41: Device.FaultMgmt.ExpeditedEvent.{i}.ProbableCause | D41: ProbableCause | E41: 告警原因 | F41: A | I41: R | J41: string(64) | K41: /
B42: InternetGatewayDevice.FaultMgmt.ExpeditedEvent.{i}.SpecificProblem | C42: Device.FaultMgmt.ExpeditedEvent.{i}.SpecificProblem | D42: SpecificProblem | E42: 告警描述 | F42: A | I42: R | J42: string(128) | K42: /
B43: InternetGatewayDevice.FaultMgmt.ExpeditedEvent.{i}.PerceivedSeverity | C43: Device.FaultMgmt.ExpeditedEvent.{i}.PerceivedSeverity | D43: PerceivedSeverity | E43: 告警级别 | F43: A | I43: R | J43: string | K43: 设备上报告警消息中的告警级别：Critical,严重；Major,重要；Minor,次要；Warning,警告；
B44: InternetGatewayDevice.FaultMgmt.ExpeditedEvent.{i}.AdditionalText | C44: Device.FaultMgmt.ExpeditedEvent.{i}.AdditionalText | D44: AdditionalText | E44: 告警附加文本 | F44: A | I44: R | J44: string(256) | K44: 本规范规定内容为厂家告警编码
B45: InternetGatewayDevice.FaultMgmt.ExpeditedEvent.{i}.AdditionalInformation | C45: Device.FaultMgmt.ExpeditedEvent.{i}.AdditionalInformation | D45: AdditionalInformation | E45: 告警附加信息 | F45: A | I45: R | J45: string(256) | K45: 格式：英文。统一采用此参数作为告警附加信息，映射到北向的AlarmText字段
B46: InternetGatewayDevice.FaultMgmt.QueuedEvent.{i}.EventTime | C46: Device.FaultMgmt.QueuedEvent.{i}.EventTime | D46: EventTime | E46: 告警发生、改变、清除的时间 | F46: A | I46: R | J46: dateTime | K46: /
B47: InternetGatewayDevice.FaultMgmt.QueuedEvent.{i}.AlarmIdentifier | C47: Device.FaultMgmt.QueuedEvent.{i}.AlarmIdentifier | D47: AlarmIdentifier | E47: 该告警的唯一序列号 | F47: A | I47: R | J47: string(20) | K47: /
B48: InternetGatewayDevice.FaultMgmt.QueuedEvent.{i}.NotificationType | C48: Device.FaultMgmt.QueuedEvent.{i}.NotificationType | D48: NotificationType | E48: 通知类型 | F48: A | I48: R | J48: string | K48: /
B49: InternetGatewayDevice.FaultMgmt.QueuedEvent.{i}.FaultLocation | C49: Device.FaultMgmt.QueuedEvent.{i}.FaultLocation | D49: FaultLocation | E49: 告警源定位信息 | F49: A | G49: / | H49: / | I49: R | J49: string(512) | K49: 表示故障源对应的资源对象信息，通常用管理对象实例（MOI）的DN表示。其中对于MOI的DN定义，5G皮基站参考《中国移动5G扩展型皮基站网管南向接口数据模型规范》相关说明，4G皮基站参考《中国移动一体化皮站_飞站基站设备网络管理南向接口数据配置模型规范》相关说明
B50: InternetGatewayDevice.FaultMgmt.QueuedEvent.{i}.ManagedObjectInstance | C50: Device.FaultMgmt.QueuedEvent.{i}.ManagedObjectInstance | D50: ManagedObjectInstance | E50: 管理对象实例 | F50: A | I50: R | J50: string(512) | K50: 定义了承载该对象实例DN时发生的基站告警的信息对象等级的实例
B51: InternetGatewayDevice.FaultMgmt.QueuedEvent.{i}.EventType | C51: Device.FaultMgmt.QueuedEvent.{i}.EventType | D51: EventType | E51: 告警类型 | F51: A | I51: R | J51: string(64) | K51: 设备上报告警消息中的告警类型，包括通讯告警、环境告警、设备告警、处理错误告警、服务质量告警等
B52: InternetGatewayDevice.FaultMgmt.QueuedEvent.{i}.ProbableCause | C52: Device.FaultMgmt.QueuedEvent.{i}.ProbableCause | D52: ProbableCause | E52: 告警原因 | F52: A | I52: R | J52: string(64) | K52: /
B53: InternetGatewayDevice.FaultMgmt.QueuedEvent.{i}.SpecificProblem | C53: Device.FaultMgmt.QueuedEvent.{i}.SpecificProblem | D53: SpecificProblem | E53: 告警描述 | F53: A | I53: R | J53: string(128) | K53: /
B54: InternetGatewayDevice.FaultMgmt.QueuedEvent.{i}.PerceivedSeverity | C54: Device.FaultMgmt.QueuedEvent.{i}.PerceivedSeverity | D54: PerceivedSeverity | E54: 告警级别 | F54: A | I54: R | J54: string | K54: 设备上报告警消息中的告警级别：Critical,严重；Major,重要；Minor,次要；Warning,警告；
B55: InternetGatewayDevice.FaultMgmt.QueuedEvent.{i}.AdditionalText | C55: Device.FaultMgmt.QueuedEvent.{i}.AdditionalText | D55: AdditionalText | E55: 告警附加文本 | F55: A | I55: R | J55: string(256) | K55: 本规范规定内容为厂家告警编码
B56: InternetGatewayDevice.FaultMgmt.QueuedEvent.{i}.AdditionalInformation | C56: Device.FaultMgmt.QueuedEvent.{i}.AdditionalInformation | D56: AdditionalInformation | E56: 告警附加信息 | F56: A | I56: R | J56: string(256) | K56: 格式：英文。统一采用此参数作为告警附加信息，映射到北向的AlarmText字段

Sheet SE
A1: 归类 | B1: 网管数据模型(TR098) | C1: 网管数据模型(TR181) | D1: 参数名称 | E1: 中文名 | F1: 重要性 | G1: 北向Index | H1: 北向NRM参数映射 | I1: 网管读写权限 | J1: 类型 | K1: 描述 | L1: 来源 | M1: 备注
A2: 日志参数管理 | B2: InternetGatewayDevice.LogMgmt.PeriodicUploadEnable | C2: Device.LogMgmt.PeriodicUploadEnable | D2: PeriodicUploadEnable | E2: 日志周期上传使能开关 | F2: A | G2: / | H2: / | I2: RW | J2: boolean | K2: (0=false,1=true),禁止或启用将设备日志周期性地发送到指定的文件服务器。在使能开关开启的情况下，如果还未达到上报周期，设备日志文件已达到存储容量上限，则应立即将该时段的增量日志上报到HeMS，并开启一个新的上报周期的要求。 | L2: 2015年中国移动一体化皮基站网管南向接口技术规范.docx
B3: InternetGatewayDevice.LogMgmt.URL | C3: Device.LogMgmt.URL | D3: URL | E3: 日志上传URL | F3: A | I3: RW | J3: string(256) | K3: 指定了目的日志的位置，没有以任何方式指明需要上传的本地文件的名字和位置
B4: InternetGatewayDevice.LogMgmt.Username | C4: Device.LogMgmt.Username | D4: Username | E4: 日志管理用户名 | F4: A | I4: RW | J4: string(256) | K4: 用户名用于设备到日志服务器的鉴权，如果不需要鉴权，此字符串为空，当PeriodicUploadEnable=true时，才生效。
B5: InternetGatewayDevice.LogMgmt.Password | C5: Device.LogMgmt.Password | D5: Password | E5: 日志管理密码 | F5: A | I5: RW | J5: string(256) | K5: 密码用于设备到日志服务器的鉴权，如果不需要鉴权，此字符串为空 当为读时，该参数返回一个空字符串，而不是一个实际的值，当PeriodicUploadEnable=true时，才生效。
B6: InternetGatewayDevice.LogMgmt.PeriodicUploadInterval | C6: Device.LogMgmt.PeriodicUploadInterval | D6: PeriodicUploadInterval | E6: 日志周期上传时间间隔 | F6: A | I6: RW | J6: unsignedInt[1:]

Sheet SF
A1: 归类 | B1: 网管数据模型(TR098) | C1: 网管数据模型(TR181) | D1: 参数名称 | E1: 中文名 | F1: 重要性 | G1: 北向Index | H1: 北向NRM参数映射 | I1: 网管读写权限 | J1: 类型 | K1: 描述 | L1: 来源 | M1: 备注
A2: NNSF参数管理 | B2: InternetGatewayDevice.Services.FAPService.{i}.Capabilities.LTE.NNSFSupported | C2: Device.Services.FAPService.{i}.Capabilities.LTE.NNSFSupported | D2: NNSFSupported | E2: 负载均衡参数 | F2: A | H2: IsLbAllowed | I2: RW | J2: boolean | K2: (0=false,1=true) | L2: TR系列规范(TR098/TR181/TR196)/NRM数据配置要求
A3: EPC参数管理 | B3: InternetGatewayDevice.Services.FAPService.{i}.CellConfig.LTE.EPC.EAID | C3: Device.Services.FAPService.{i}.CellConfig.LTE.EPC.EAID | D3: EAID | E3: EPCEAID | F3: A | H3: / | I3: RW | J3: unsignedInt[0:16777216] | K3: 突发事件区域ID | L3: TR系列规范(TR098/TR181/TR196) | M3: 修正参数类型
B4: InternetGatewayDevice.Services.FAPService.{i}.CellConfig.LTE.EPC.TAC | C4: Device.Services.FAPService.{i}.CellConfig.LTE.EPC.TAC | D4: TAC | E4: TAC | F4: A | H4: Tac | I4: RW | J4: unsignedInt[0:65535] | K4: 跟踪区代码 | L4: TR系列规范(TR098/TR181/TR196)/NRM数据配置要求
A5: MME地址 | B5: InternetGatewayDevice.Services.FAPService.{i}.CellConfig.LTE.MmePoolConfigParam.{i}.PLMNID | C5: Device.Services.FAPService.{i}.CellConfig.LTE.MmePoolConfigParam.{i}.PLMNID | D5: PLMNID | E5: MMEPLMN标识 | F5: CA | G5: AN | H5: GlobalUniqueMmeId | I5: R | J5: string(6) | K5: / | L5: NRM数据配置要求 | M5: 修正参数类型为string(6)
B6: InternetGatewayDevice.Services.FAPService.{i}.CellConfig.LTE.MmePoolConfigParam.{i}.MMEGroupID | C6: Device.Services.FAPService.{i}.CellConfig.LTE.MmePoolConfigParam.{i}.MMEGroupID | D6: MMEGroupID | E6: MMEGroup标识 | F6: CA | H6: GlobalUniqueMmeId | I6: R | J6: unsignedInt[0:65535] | K6: / | L6: NRM数据配置要求
B7: InternetGatewayDevice.Services.FAPService.{i}.CellConfig.LTE.MmePoolConfigParam.{i}.MMECode | C7: Device.Services.FAPService.{i}.CellConfig.LTE.MmePoolConfigParam.{i}.MMECode | D7: MMECode | E7: MME代码 | F7: CA | H7: GlobalUniqueMmeId | I7: R | J7: unsignedInt[0:255] | K7: / | L7: NRM数据配置要求
B8: InternetGatewayDevice.Services.FAPService.{i}.CellConfig.LTE.MmePoolConfigParam.{i}.MMEIp1 | C8: Device.Services.FAPService.{i}.CellConfig.LTE.MmePoolConfigParam.{i}.MMEIp1 | D8: MMEIp1 | E8: MMEIP1 | F8: CA | H8: FarEndIpAddrList | I8: R | J8: string(64) | K8: / | L8: NRM数据配置要求
B9: InternetGatewayDevice.Services.FAPService.{i}.CellConfig.LTE.MmePoolConfigParam.{i}.MMEIp2 | C9: Device.Services.FAPService.{i}.CellConfig.LTE.MmePoolConfigParam.{i}.MMEIp2 | D9: MMEIp2 | E9: MMEIP2 | F9: CA | H9: FarEndIpAddrList | I9: R | J9: string(64) | K9: / | L9: NRM数据配置要求
A10: S1-U对象 | B10: InternetGatewayDevice.Services.FAPService.{i}.CellConfig.LTE.S1U.{i}.LocIpAddrList | C10: Device.Services.FAPService.{i}.CellConfig.LTE.S1U.{i}.LocIpAddrList | D10: LocIpAddrList | E10: 本地IP地址列表 | F10: A | G10: AI | H10: LocIpAddrList | I10: R | J10: string(64) | K10: / | L10: NRM数据配置要求
B11: InternetGatewayDevice.Services.FAPService.{i}.CellConfig.LTE.S1U.{i}.FarIpSubnetworkList | C11: Device.Services.FAPService.{i}.CellConfig.LTE.S1U.{i}.FarIpSubnetworkList | D11: FarIpSubnetworkList | E11: 远端IP地址列表 | F11: A | H11: FarIpSubnetworkList | I11: R | J11: string(64) | K11: / | L11: NRM数据配置要求
A12: 安全网关参数管理 | B12: InternetGatewayDevice.Services.FAPService.{i}.FAPControl.LTE.Gateway.SecGWServer1 | C12: Device.Services.FAPService.{i}.FAPControl.LTE.Gateway.SecGWServer1 | D12: SecGWServer1 | E12: 安全网关1 | F12: A | G12: AX、AY | H12: FarEndIpAddrList | I12: RW | J12: string(64) | L12: TR系列规范(TR098/TR181/TR196)/NRM数据配置要求
B13: InternetGatewayDevice.Services.FAPService.{i}.FAPControl.LTE.Gateway.SecGWServer2 | C13: Device.Services.FAPService.{i}.FAPControl.LTE.Gateway.SecGWServer2 | D13: SecGWServer2 | E13: 安全网关2 | F13: A | H13: FarEndIpAddrList | I13: RW | J13: string(64) | L13: TR系列规范(TR098/TR181/TR196)/NRM数据配置要求
B14: InternetGatewayDevice.Services.FAPService.{i}.FAPControl.LTE.Gateway.SecGWServer3 | C14: Device.Services.FAPService.{i}.FAPControl.LTE.Gateway.SecGWServer3 | D14: SecGWServer3 | E14: 安全网关3 | F14: A | H14: FarEndIpAddrList | I14: RW | J14: string(64) | L14: TR系列规范(TR098/TR181/TR196)/NRM数据配置要求
A15: 接入网关参数管理 | B15: InternetGatewayDevice.Services.FAPService.{i}.FAPControl.LTE.Gateway.AGServerEnable | C15: Device.Services.FAPService.{i}.FAPControl.LTE.Gateway.AGServerEnable | D15: AGServerEnable | E15: HeGW方式接入 | F15: CA | H15: AccessHegw | I15: RW | J15: boolean | K15: 控制小基站采用信令网关地址或MME地址来连接 (0=采用MME地址,1=采用信令网关地址) | L15: NRM数据配置要求
B16: InternetGatewayDevice.Services.FAPService.{i}.FAPControl.LTE.Gateway.AGServerIp1 | C16: Device.Services.FAPService.{i}.FAPControl.LTE.Gateway.AGServerIp1 | D16: AGServerIp1 | E16: 接入网关1 | F16: CA | H16: FarEndIpAddrList | I16: RW | J16: string(64)
B17: InternetGatewayDevice.Services.FAPService.{i}.FAPControl.LTE.Gateway.AGServerIp2 | C17: Device.Services.FAPService.{i}.FAPControl.LTE.Gateway.AGServerIp2 | D17: AGServerIp2 | E17: 接入网关2 | F17: CA | H17: FarEndIpAddrList | I17: RW | J17: string(64)
B18: InternetGatewayDevice.Services.FAPService.{i}.FAPControl.LTE.Gateway.AGServerIp3 | C18: Device.Services.FAPService.{i}.FAPControl.LTE.Gateway.AGServerIp3 | D18: AGServerIp3 | E18: 接入网关3 | F18: CA | H18: FarEndIpAddrList | I18: RW | J18: string(64)
B19: InternetGatewayDevice.Services.FAPService.{i}.FAPControl.LTE.Gateway.AGPort1 | C19: Device.Services.FAPService.{i}.FAPControl.LTE.Gateway.AGPort1 | D19: AGPort1 | E19: 接入网关端口1 | F19: CA | H19: / | I19: RW | J19: string(64) | L19: 自定义
B20: InternetGatewayDevice.Services.FAPService.{i}.FAPControl.LTE.Gateway.AGPort2 | C20: Device.Services.FAPService.{i}.FAPControl.LTE.Gateway.AGPort2 | D20: AGPort2 | E20: 接入网关端口2 | F20: CA | H20: / | I20: RW | J20: string(64)
B21: InternetGatewayDevice.Services.FAPService.{i}.FAPControl.LTE.Gateway.AGPort3 | C21: Device.Services.FAPService.{i}.FAPControl.LTE.Gateway.AGPort3 | D21: AGPort3 | E21: 接入网关端口3 | F21: CA | H21: / | I21: RW | J21: string(64)
A22: X2连接地址 | B22: InternetGatewayDevice.Services.FAPService.{i}.FAPControl.X2IpAddrMapInfo.{i}.PLMNID | C22: Device.Services.FAPService.{i}.FAPControl.X2IpAddrMapInfo.{i}.PLMNID | D22: PLMNID | E22: PLMNID | F22: A | G22: AG | H22: / | I22: RW | J22: string(6) | K22: / | L22: 自定义 | M22: 修正参数类型为string(6)
B23: InternetGatewayDevice.Services.FAPService.{i}.FAPControl.X2IpAddrMapInfo.{i}.EnbType | C23: Device.Services.FAPService.{i}.FAPControl.X2IpAddrMapInfo.{i}.EnbType | D23: EnbType | E23: 基站类型 | F23: A | I23: RW | J23: unsignedInt | K23: /
B24: InternetGatewayDevice.Services.FAPService.{i}.FAPControl.X2IpAddrMapInfo.{i}.EnbId | C24: Device.Services.FAPService.{i}.FAPControl.X2IpAddrMapInfo.{i}.EnbId | D24: EnbId | E24: eNBID | F24: A | I24: RW | J24: unsignedInt | K24: /
B25: InternetGatewayDevice.Services.FAPService.{i}.FAPControl.X2IpAddrMapInfo.{i}.WanIpAddress | C25: Device.Services.FAPService.{i}.FAPControl.X2IpAddrMapInfo.{i}.WanIpAddress | D25: WanIpAddress | E25: WAN口IP | F25: A | H25: X2IpAddressList | I25: RW | J25: string(64) | K25: / | L25: NRM数据配置要求
B26: InternetGatewayDevice.Services.FAPService.{i}.FAPControl.X2IpAddrMapInfo.{i}.SubnetMask | C26: Device.Services.FAPService.{i}.FAPControl.X2IpAddrMapInfo.{i}.SubnetMask | D26: SubnetMask | E26: 子网掩码 | F26: A | H26: X2IpAddressList | I26: RW | J26: string(64) | K26: / | L26: NRM数据配置要求 | M26: 增加子网掩码用于配置X2连接地址
A27: 小区闭塞 | B27: InternetGatewayDevice.Services.FAPService.{i}.CellConfig.LTE.RAN.CellRestriction.CellBarred | C27: Device.Services.FAPService.{i}.CellConfig.LTE.RAN.CellRestriction.CellBarred | D27: CellBarred | E27: 小区闭塞 | F27: A | G27: AQ | H27: CellBarred | I27: RW | J27: boolean | K27: {barred, notBarred} | L27: NRM数据配置要求 | M27: 修正参数类型
A28: 接入UE数量管理 | B28: InternetGatewayDevice.Services.FAPService.{i}.AccessMgmt.LTE.UeInactiveTimer | C28: Device.Services.FAPService.{i}.Capabilities.LTE.UeInactiveTimer | D28: UeInactiveTimer | E28: 连接态UE不活动定时器 | F28: A | H28: UeInactiveTimer | I28: RW | J28: unsignedInt[0:65535] | K28: / | L28: NRM数据配置要求
B29: InternetGatewayDevice.Services.FAPService.{i}.AccessMgmt.LTE.MaxUEsServed | C29: Device.Services.FAPService.{i}.AccessMgmt.LTE.MaxUEsServed | D29: SupportRRCNumbers | E29: 同时支持RRC连接最大用户数 | F29: A | H29: SupportRRCNumbers | I29: R | J29: int[-1:] | K29: / | L29: TR系列规范(TR098/TR181/TR196)/NRM数据配置要求 | M29: 修正参数类型
B30: InternetGatewayDevice.Services.FAPService.{i}.AccessMgmt.LTE.SupportActiveRRCNumbers | C30: Device.Services.FAPService.{i}.Capabilities.LTE.SupportActiveRRCNumbers | D30: SupportActiveRRCNumbers | E30: 同时支持RRC激活最大用户数 | F30: A | H30: SupportActiveRRCNumbers | I30: R | J30: unsignedInt[0:65535] | K30: / | L30: NRM数据配置要求
A31: 基站PLMN参数列表 | B31: InternetGatewayDevice.Services.FAPService.{i}.CellConfig.LTE.EPC.PLMNList.{i}.PLMNID | C31: Device.Services.FAPService.{i}.CellConfig.LTE.EPC.PLMNList.{i}.PLMNID | D31: PLMNID | E31: 小区PLMNID | F31: A | H31: PlmnIdList | I31: RW | J31: string(6) | K31: 由MCC和MNC组成 | L31: TR系列规范(TR098/TR181/TR196)/NRM数据配置要求 | M31: 修正参数类型
B32: InternetGatewayDevice.Services.FAPService.{i}.CellConfig.LTE.EPC.PLMNList.{i}.CellReservedForOperatorUse | C32: Device.Services.FAPService.{i}.CellConfig.LTE.EPC.PLMNList.{i}.CellReservedForOperatorUse | D32: CellReservedForOperatorUse | E32: 小区预留标识 | F32: A | H32: / | I32: RW | J32: boolean | K32: 供运营商使用的小区预留标志 | L32: TR系列规范(TR098/TR181/TR196)/NRM数据配置要求
A33: 广播参数管理 | B33: InternetGatewayDevice.Services.FAPService.{i}.CellConfig.SysInfoCtrlParam.MultiBandInfoListSIB1 | C33: Device.Services.FAPService.{i}.CellConfig.SysInfoCtrlParam.MultiBandInfoListSIB1 | D33: MultiBandInfoListSIB1 | E33: SIB1中多频段指示参数 | F33: CA | H33: MultiBandInfoListSIB1 | I33: RW | J33: unsignedInt[1:64] | K33: / | L33: NRM数据配置要求
B34: InternetGatewayDevice.Services.FAPService.{i}.CellConfig.SysInfoCtrlParam.MultiBandInfoListSIB5 | C34: Device.Services.FAPService.{i}.CellConfig.SysInfoCtrlParam.MultiBandInfoListSIB5 | D34: MultiBandInfoListSIB5 | E34: SIB5中多频段指示参数 | F34: CA | H34: MultiBandInfoListSIB5 | I34: RW | J34: unsignedInt[1:64] | K34: / | L34: NRM数据配置要求
A35: 小区参数管理 | B35: InternetGatewayDevice.Services.FAPService.{i}.CellConfig.LTE.RAN.RF.UserLabel | C35: Device.Services.FAPService.{i}.CellConfig.LTE.RAN.RF.UserLabel | D35: UserLabel | E35: 用户友好名 | F35: A | G35: AJ | H35: UserLabel | I35: RW | J35: string | K35: 字段必须与OMC系统内配置资源名称保持一致。且要求UserLabel与告警、性能数据中同一资源对象使用的网元用户友好名保持一致，即用户有好名在OMC内部以及北向接口交互过程中全局唯一。OMC系统内配置资源命名建议参考《中国移动网络资源命名规范-无线分册》，基站命名要求。 | L35: 技术规范_NanoCell eNB网元统计数据需求规范-NRM(V2.9.0)
B36: InternetGatewayDevice.Services.FAPService.{i}.CellConfig.LTE.RAN.RF.EARFCNDL | C36: Device.Services.FAPService.{i}.CellConfig.LTE.RAN.RF.EARFCNDL | D36: EARFCNDL | E36: 下行EARFCN | F36: A | G36: AJ、AG | H36: Earfcn | I36: RW | J36: string(128) | K36: 下行EARFCN | L36: TR系列规范(TR098/TR181/TR196)/NRM数据配置要求 | M36: 修正参数类型
B37: InternetGatewayDevice.Services.FAPService.{i}.CellConfig.LTE.RAN.RF.PhyCellID | C37: Device.Services.FAPService.{i}.CellConfig.LTE.RAN.RF.PhyCellID | D37: PhyCellID | E37: PCI | F37: A | H37: Pci | I37: RW | J37: string(512) | K37: PCI | L37: TR系列规范(TR098/TR181/TR196)/NRM数据配置要求 | M37: 修正参数类型，修改参数名大小写，保持和TR196一致
B38: InternetGatewayDevice.Services.FAPService.{i}.CellConfig.LTE.RAN.RF.DLBandwidth | C38: Device.Services.FAPService.{i}.CellConfig.LTE.RAN.RF.DLBandwidth | D38: DLBandwidth | E38: 下行带宽 | F38: A | H38: BandWidth | I38: RW | J38: string(32) | K38: 下行带宽 | L38: TR系列规范(TR098/TR181/TR196)/NRM数据配置要求 | M38: 修正参数类型
B39: InternetGatewayDevice.Services.FAPService.{i}.CellConfig.LTE.RAN.RF.ULBandwidth | C39: Device.Services.FAPService.{i}.CellConfig.LTE.RAN.RF.ULBandwidth | D39: ULBandwidth | E39: 上行带宽 | F39: A | H39: / | I39: RW | J39: string(32) | K39: 上行带宽 | L39: TR系列规范(TR098/TR181/TR196) | M39: 修正参数类型
B40: InternetGatewayDevice.Services.FAPService.{i}.CellConfig.LTE.RAN.RF.PSCHPowerOffset | C40: Device.Services.FAPService.{i}.CellConfig.LTE.RAN.RF.PSCHPowerOffset | D40: PSCHPowerOffset | E40: PSCH功率偏置 | F40: A | I40: RW | J40: string(512) | K40: 主同步信道相对ReferenceSignalPower的功率偏置 | L40: TR系列规范(TR098/TR181/TR196) | M40: 修正参数类型
B41: InternetGatewayDevice.Services.FAPService.{i}.CellConfig.LTE.RAN.RF.SSCHPowerOffset | C41: Device.Services.FAPService.{i}.CellConfig.LTE.RAN.RF.SSCHPowerOffset | D41: SSCHPowerOffset | E41: SSCH功率偏置 | F41: A | I41: RW | J41: string(512) | K41: 辅同步信道相对ReferenceSignalPower 的功率偏置 | L41: TR系列规范(TR098/TR181/TR196) | M41: 修正参数类型
B42: InternetGatewayDevice.Services.FAPService.{i}.CellConfig.LTE.RAN.RF.PBCHPowerOffset | C42: Device.Services.FAPService.{i}.CellConfig.LTE.RAN.RF.PBCHPowerOffset | D42: PBCHPowerOffset | E42: PBCH功率偏置 | F42: A | I42: RW | J42: string(512) | K42: 物理广播信道相对ReferenceSignalPower的功率偏置 | L42: TR系列规范(TR098/TR181/TR196) | M42: 修正参数类型
B43: InternetGatewayDevice.Services.FAPService.{i}.CellConfig.LTE.RAN.RF.EARFCNUL | C43: Device.Services.FAPService.{i}.CellConfig.LTE.RAN.RF.EARFCNUL | D43: EARFCNUL | E43: 上行EARFCN | F43: A | I43: RW | J43: string(128) | K43: 上行或双向E-UTRA载频 | L43: TR系列规范(TR098/TR181/TR196) | M43: 修正参数类型
B44: InternetGatewayDevice.Services.FAPService.{i}.CellConfig.LTE.RAN.RF.FreqBandIndicator | C44: Device.Services.FAPService.{i}.CellConfig.LTE.RAN.RF.FreqBandIndicator | D44: FreqBandIndicator | E44: 频带指示 | F44: A | H44: BandIndicator | I44: RW | J44: int[1:40] | K44: 频带指示 | L44: TR系列规范(TR098/TR181/TR196)/NRM数据配置要求 | M44: 修正参数类型 | N44: 将181参数名称改为和098一致
B45: InternetGatewayDevice.Services.FAPService.{i}.Capabilities.MaxTxPower | C45: Device.Services.FAPService.{i}.Capabilities.MaxTxPower | D45: MaxTxPower | E45: 最大发射功率 | F45: A | H45: MaximumTransmissionPower | I45: R | J45: unsignedInt | K45: 最大发射功率 | L45: NRM数据配置要求 | M45: 修正参数类型
B46: InternetGatewayDevice.Services.FAPService.{i}.CellConfig.LTE.RAN.RF.ReferenceSignalPower | C46: Device.Services.FAPService.{i}.CellConfig.LTE.RAN.RF.ReferenceSignalPower | D46: ReferenceSignalPower | E46: 参考信号功率 | F46: A | H46: ReferenceSignalPower | I46: RW | J46: string(512) | K46: 小区参考信号功率 | L46: TR系列规范(TR098/TR181/TR196)/NRM数据配置要求 | M46: 修正参数类型
A47: 小区标识参数 | B47: InternetGatewayDevice.Services.FAPService.{i}.CellConfig.LTE.RAN.Common.CellIdentity | C47: Device.Services.FAPService.{i}.CellConfig.LTE.RAN.Common.CellIdentity | D47: CellIdentity | E47: 小区标识 | F47: A | H47: / | I47: RW | J47: unsignedInt[0:268435455] | K47: 小区CelllD（对应3GPP ECGI格式，28位） | L47: TR系列规范(TR098/TR181/TR196)/NRM数据配置要求
B48: InternetGatewayDevice.Services.FAPService.{i}.CellConfig.LTE.RAN.Common.EnbType | C48: Device.Services.FAPService.{i}.CellConfig.LTE.RAN.Common.EnbType | D48: EnbType | E48: 基站类型 | F48: A | H48: EnbType | I48: RW | J48: unsignedInt[0:1] | K48: (0=宏站小区，1=微站小区) | L48: 自定义
A49: VoLTE参数 | B49: InternetGatewayDevice.Services.FAPService.{i}.CellConfig.LTE.VoLTE.PdcpInitParam.{i}.RohcEn | C49: Device.Services.FAPService.{i}.CellConfig.LTE.VoLTE.PdcpInitParam.{i}.RohcEn | D49: RohcEn | E49: 分QCI头压缩功能开关 | F49: A | H49: HeaderCompressionSwitch | I49: RW | J49: string(64) | K49: （ON，OFF, NA）,{i}取值范围[1,…,9] | L49: NRM数据配置要求
B50: InternetGatewayDevice.Services.FAPService.{i}.CellConfig.LTE.VoLTEParam.SPSSwitchQCI1Ul | C50: Device.Services.FAPService.{i}.CellConfig.LTE.VoLTEParam.SPSSwitchQCI1Ul | D50: SPSSwitchQCI1Ul | E50: QCI1上行SPS功能开关 | F50: CA | H50: SPSSwitchQCI1Ul | I50: RW | J50: string(64) | K50: （ON，OFF, NA） | L50: NRM数据配置要求
A51: 载波聚合参数管理 | B51: InternetGatewayDevice.Services.FAPService.{i}.CellConfig.LTE.CAParam.CASwitchUl | C51: Device.Services.FAPService.{i}.CellConfig.LTE.CAParam.CASwitchUl | D51: CASwitchUl | E51: 上行载波聚合功能开关 | F51: CA | H51: CASwitchUl | I51: RW | J51: string(64) | K51: （ON，OFF, NA） | L51: NRM数据配置要求
B52: InternetGatewayDevice.Services.FAPService.{i}.CellConfig.LTE.CAParam.CASwitchDl | C52: Device.Services.FAPService.{i}.CellConfig.LTE.CAParam.CASwitchDl | D52: CASwitchDl | E52: 下行载波聚合功能开关 | F52: CA | H52: CASwitchDl | I52: RW | J52: string(64) | K52: （ON，OFF, NA） | L52: NRM数据配置要求
A53: 基站运行状态参数 | B53: InternetGatewayDevice.Services.FAPService.{i}.FAPControl.LTE.AdminState | C53: Device.Services.FAPService.{i}.FAPControl.LTE.AdminState | D53: AdminState | E53: 基站管理状态 | F53: A | I53: RW | J53: boolean | K53: 0:关闭 1:开启 | L53: TR系列规范(TR098/TR181/TR196) | M53: 一体化皮基基站或扩展型一体化皮基站主机射频开关： true：标识射频开启； false：标识射频关闭。.
B54: InternetGatewayDevice.Services.FAPService.{i}.FAPControl.LTE.OpState | C54: Device.Services.FAPService.{i}.FAPControl.LTE.OpState | D54: OpState | E54: 基站运行状态 | F54: A | I54: R | J54: boolean | K54: 0:禁止 1:启动 | L54: TR系列规范(TR098/TR181/TR197) | M54: FAP当前操作状态： false：禁止 true:启动
B55: InternetGatewayDevice.Services.FAPService.{i}.FAPControl.LTE.RFTxStatus | C55: Device.Services.FAPService.{i}.FAPControl.LTE.RFTxStatus | D55: RFTxStatus | E55: 基站射频状态 | F55: A | I55: R | J55: boolean | K55: 0:关闭 1:开启 | L55: TR系列规范(TR098/TR181/TR198) | M55: RF发射机的当前状态： true：RF发射机运行状态； false：RF发射机是停止状态。

Sheet SG
A1: 归类 | B1: 网管数据模型(TR098) | C1: 网管数据模型(TR181) | D1: 参数名称 | E1: 中文名 | F1: 重要性 | G1: 北向Index | H1: 北向NRM参数映射 | I1: 网管读写权限 | J1: 类型 | K1: 描述 | L1: 来源 | M1: 备注
A2: SCTP参数管理 | B2: InternetGatewayDevice.Services.FAPService.{i}.Transport.SCTP.Enable | C2: Device.Services.FAPService.{i}.Transport.SCTP.Enable | D2: Enable | E2: 使能开关 | F2: A | H2: / | I2: RW | J2: Boolean | K2: / | L2: TR系列规范(TR098/TR181/TR196)
B3: InternetGatewayDevice.Services.FAPService.{i}.Transport.SCTP.RTOInitial | C3: Device.Services.FAPService.{i}.Transport.SCTP.RTOInitial | D3: RTOInitial | E3: 重传超时的初始值 | F3: A | I3: RW | J3: unsignedInt | K3: / | L3: TR系列规范(TR098/TR181/TR196)
B4: InternetGatewayDevice.Services.FAPService.{i}.Transport.SCTP.RTOMin | C4: Device.Services.FAPService.{i}.Transport.SCTP.RTOMin | D4: RTOMin | E4: 重传超时的最小值 | F4: A | I4: RW | J4: unsignedInt | K4: / | L4: TR系列规范(TR098/TR181/TR196)
B5: InternetGatewayDevice.Services.FAPService.{i}.Transport.SCTP.RTOMax | C5: Device.Services.FAPService.{i}.Transport.SCTP.RTOMax | D5: RTOMax | E5: 重传超时的最大值 | F5: A | I5: RW | J5: unsignedInt | K5: / | L5: TR系列规范(TR098/TR181/TR196)
B6: InternetGatewayDevice.Services.FAPService.{i}.Transport.SCTP.MaxInitRetransmits | C6: Device.Services.FAPService.{i}.Transport.SCTP.MaxInitRetransmits | D6: MaxInitRetransmits | E6: 最大初始重传数 | F6: A | I6: RW | J6: unsignedInt | K6: / | L6: TR系列规范(TR098/TR181/TR196)
B7: InternetGatewayDevice.Services.FAPService.{i}.Transport.SCTP.HBInterval | C7: Device.Services.FAPService.{i}.Transport.SCTP.HBInterval | D7: HBInterval | E7: 心跳时间间隔 | F7: A | I7: RW | J7: unsignedInt[1:] | K7: / | L7: TR系列规范(TR098/TR181/TR196)
B8: InternetGatewayDevice.Services.FAPService.{i}.Transport.SCTP.MaxPathRetransmits | C8: Device.Services.FAPService.{i}.Transport.SCTP.MaxPathRetransmits | D8: MaxPathRetransmits | E8: 最大重传次数 | F8: A | I8: RW | J8: unsignedInt | K8: / | L8: TR系列规范(TR098/TR181/TR196)
B9: InternetGatewayDevice.Services.FAPService.{i}.Transport.SCTP.MaxAssociationRetransmits | C9: Device.Services.FAPService.{i}.Transport.SCTP.MaxAssociationRetransmits | D9: MaxAssociationRetransmits | E9: 本端的最大连续重传数目 | F9: A | I9: RW | J9: unsignedInt | K9: / | L9: TR系列规范(TR098/TR181/TR196)
B10: InternetGatewayDevice.Services.FAPService.{i}.Transport.SCTP.ValCookieLife | C10: Device.Services.FAPService.{i}.Transport.SCTP.ValCookieLife | D10: ValCookieLife | E10: 有效cookie的生命周期 | F10: A | I10: RW | J10: unsignedInt | K10: / | L10: TR系列规范(TR098/TR181/TR196)
B11: InternetGatewayDevice.Services.FAPService.{i}.Transport.SCTP.Assoc.{i}.SCTPAssocLocalAddr | C11: Device.Services.FAPService.{i}.Transport.SCTP.Assoc.{i}.SCTPAssocLocalAddr | D11: SCTPAssocLocalAddr | E11: 本端IP地址 | F11: A | H11: SCTPAssocLocalAddr | I11: R | J11: string(64) | K11: / | L11: NRM配置要求 | M11: 北向对应关系重新匹配
B12: InternetGatewayDevice.Services.FAPService.{i}.Transport.SCTP.Assoc.{i}.LocalPort | C12: Device.Services.FAPService.{i}.Transport.SCTP.Assoc.{i}.LocalPort | D12: LocalPort | E12: 本端端口 | F12: A | H12: SCTPAssocLocalAddr | I12: R | J12: unsignedInt | K12: /
B13: InternetGatewayDevice.Services.FAPService.{i}.Transport.SCTP.Assoc.{i}.PrimaryPeerAddress | C13: Device.Services.FAPService.{i}.Transport.SCTP.Assoc.{i}.PrimaryPeerAddress | D13: PrimaryPeerAddress | E13: 远端IP地址 | F13: A | G13: AP | H13: SCTPAssocRemoteAddr | I13: R | J13: string(64) | K13: /
B14: InternetGatewayDevice.Services.FAPService.{i}.Transport.SCTP.Assoc.{i}.RemotePort | C14: Device.Services.FAPService.{i}.Transport.SCTP.Assoc.{i}.RemotePort | D14: RemotePort | E14: 远端端口 | F14: A | H14: SCTPAssocRemoteAddr | I14: R | J14: unsignedInt | K14: /

Sheet SH
A1: 类型 | B1: 网管数据模型(TR098) | C1: 网管数据模型(TR181) | D1: 参数名称 | E1: 中文名 | F1: 重要性 | G1: 北向Index | H1: 北向NRM参数映射 | I1: 网管读写权限 | J1: 类型 | K1: 描述 | L1: 来源 | M1: 修改说明
A2: 物理层参数管理 | B2: InternetGatewayDevice.Services.FAPService.{i}.CellConfig.LTE.RAN.PHY.MBSFN.NeighCellConfig | C2: Device.Services.FAPService.{i}.CellConfig.LTE.RAN.PHY.MBSFN.NeighCellConfig | D2: NeighCellConfig | E2: 邻区配置 | F2: CA | G2: AJ、AV | H2: / | I2: RW | J2: unsignedInt[0:3] | K2: 提供邻小区的MBSFN和TDDUL/DL配置信息。 0：不是所有的小区与服务小区有相同的MBSFN子帧分配； 1：所有邻小区没有MBSFN子帧； 2：所有邻小区的MBSFN子帧分配与服务小区相同或者是服务小区的自己； 3：对于TDD，邻小区的UL/DL分配与服务小区的不同。 | L2: TR系列规范(TR098/TR181/TR196)
B3: InternetGatewayDevice.Services.FAPService.{i}.CellConfig.LTE.RAN.PHY.MBSFN.SFConfigList.{i}.RadioframeAllocationOffset | C3: Device.Services.FAPService.{i}.CellConfig.LTE.RAN.PHY.MBSFN.SFConfigList.{i}.RadioframeAllocationOffset | D3: RadioframeAllocationOffset | E3: 无线帧分配偏置 | F3: CA | H3: / | I3: RW | J3: unsignedInt[0:6] | K3: radioFrameAllocationPeriod=radioFrameAllocationOffset时，生成包含MBSFN子帧的无线帧。当radioFrameAllocationSize等于4时，等式定义分配的前四个帧。n1 对应1，n2对应2等。当 radioFrameAllocationSize等于4 时，值n1,n2不再适用 | L3: TR系列规范(TR098/TR181/TR196)/NRM数据配置要求 | M3: 北向对应关系重新匹配
B4: InternetGatewayDevice.Services.FAPService.{i}.CellConfig.LTE.RAN.PHY.MBSFN.SFConfigList.{i}.RadioFrameAllocationPeriod | C4: Device.Services.FAPService.{i}.CellConfig.LTE.RAN.PHY.MBSFN.SFConfigList.{i}.RadioFrameAllocationPeriod | D4: RadioFrameAllocationPeriod | E4: 无线帧分配周期 | F4: CA | H4: / | I4: RW | J4: unsignedInt[0:8] | K4: radioFrameAllocationPeriod=radioFrameAllocationOffset时，生成包含MBSFN子帧的无线帧。n1代表1，n2代表2 | L4: TR系列规范(TR098/TR181/TR196)/NRM数据配置要求 | M4: 北向对应关系重新匹配
B5: InternetGatewayDevice.Services.FAPService.{i}.CellConfig.LTE.RAN.PHY.MBSFN.SFConfigList.{i}.RadioFrameAllocationSize | C5: Device.Services.FAPService.{i}.CellConfig.LTE.RAN.PHY.MBSFN.SFConfigList.{i}.RadioFrameAllocationSize | D5: RadioFrameAllocationSize | E5: MBSFN连续无线帧数 | F5: CA | H5: / | I5: RW | J5: unsignedInt[1,4] | K5: 代表MBSFN分配适合的连续帧的数，rf1对应1，rf4对应4， 取值范围：1,4 1代表rf1,4代表rf4 | L5: TR系列规范(TR098/TR181/TR196)
B6: InternetGatewayDevice.Services.FAPService.{i}.CellConfig.LTE.RAN.PHY.MBSFN.SFConfigList.{i}.SubFrameAllocations | C6: Device.Services.FAPService.{i}.CellConfig.LTE.RAN.PHY.MBSFN.SFConfigList.{i}.SubFrameAllocations | D6: SubFrameAllocations | E6: MBSFN子帧分配样式 | F6: CA | H6: / | I6: RW | J6: string(64) | K6: 分配的子帧数，如果radioFrameAllocationSize为1，有效位为低6位，如果radioFrameAllocationSize为4，有效位为低24位 | L6: TR系列规范(TR098/TR181/TR196)
B7: InternetGatewayDevice.Services.FAPService.{i}.CellConfig.LTE.RAN.PHY.MBSFN.SFConfigList.{i}.SyncStratumID | C7: Device.Services.FAPService.{i}.CellConfig.LTE.RAN.PHY.MBSFN.SFConfigList.{i}.SyncStratumID | D7: SyncStratumID | E7: 空口同步等级 | F7: CA | H7: / | I7: RW | J7: unsignedInt[1:8] | K7: 定义MBSFN配置适用的同步层级别 | L7: TR系列规范(TR098/TR181/TR196)
B8: InternetGatewayDevice.Services.FAPService.{i}.CellConfig.LTE.RAN.PHY.PRACH.ConfigurationIndex | C8: Device.Services.FAPService.{i}.CellConfig.LTE.RAN.PHY.PRACH.ConfigurationIndex | D8: ConfigurationIndex | E8: PRACH配置索引 | F8: A | H8: / | I8: RW | J8: string(256) | K8: PRACH配置资源索引，由该值可确定系统所用的前导码格式及PRACH资源的时域位置 | L8: TR系列规范(TR098/TR181/TR196) | M8: 修正参数类型
B9: InternetGatewayDevice.Services.FAPService.{i}.CellConfig.LTE.RAN.PHY.PRACH.FreqOffset | C9: Device.Services.FAPService.{i}.CellConfig.LTE.RAN.PHY.PRACH.FreqOffset | D9: FreqOffset | E9: PRACH频率偏移 | F9: A | H9: / | I9: RW | J9: string(256) | K9: 第一个PRACH可用的物理资源块，表示为一个物理资源块序号。该参数仅对前导格式0~3有效 | L9: TR系列规范(TR098/TR181/TR196)
B10: InternetGatewayDevice.Services.FAPService.{i}.CellConfig.LTE.RAN.PHY.PRACH.HighSpeedFlag | C10: Device.Services.FAPService.{i}.CellConfig.LTE.RAN.PHY.PRACH.HighSpeedFlag | D10: HighSpeedFlag | E10: 高速状态标识 | F10: A | H10: / | I10: RW | J10: boolean | K10: 决定使用不受限制的前导码集(FALSE)还是受限制的前导码集(TRUE) | L10: TR系列规范(TR098/TR181/TR196)
B11: InternetGatewayDevice.Services.FAPService.{i}.CellConfig.LTE.RAN.PHY.PRACH.RootSequenceIndex | C11: Device.Services.FAPService.{i}.CellConfig.LTE.RAN.PHY.PRACH.RootSequenceIndex | D11: RootSequenceIndex | E11: 逻辑根序列索引 | F11: A | H11: RootSequenceIndex | I11: RW | J11: string(512) | K11: 决定小区中可用的64个物理RACH前导码序列 | L11: TR系列规范(TR098/TR181/TR196)/NRM数据配置要求 | M11: 修正参数类型
B12: InternetGatewayDevice.Services.FAPService.{i}.CellConfig.LTE.RAN.PHY.PRACH.ZeroCorrelationZoneConfig | C12: Device.Services.FAPService.{i}.CellConfig.LTE.RAN.PHY.PRACH.ZeroCorrelationZoneConfig | D12: ZeroCorrelationZoneConfig | E12: 零相关配置 | F12: A | H12: / | I12: RW | J12: string(64) | K12: 该参数用在前导码序列生成中 | L12: TR系列规范(TR098/TR181/TR196)
B13: InternetGatewayDevice.Services.FAPService.{i}.CellConfig.LTE.RAN.PHY.SRS.SRSEnabled | C13: Device.Services.FAPService.{i}.CellConfig.LTE.RAN.PHY.SRS.SRSEnabled | D13: SRSEnabled | E13: SRS使能开关 | F13: A | H13: / | I13: RW | J13: Boolean | K13: SRS使能开关 1=true,0=false | L13: TR系列规范(TR098/TR181/TR196) | M13: 修正笔误 修改参数名为SRSEnabled，与TR196对齐
B14: InternetGatewayDevice.Services.FAPService.{i}.CellConfig.LTE.RAN.PHY.SRS.SRSBandwidthConfig | C14: Device.Services.FAPService.{i}.CellConfig.LTE.RAN.PHY.SRS.SRSBandwidthConfig | D14: SRSBandwidthConfig | E14: SRS带宽配置 | F14: A | H14: / | I14: RW | J14: string(32) | K14: 代表包含小区SRSBandwidthConfiguration的表格的索引 | L14: TR系列规范(TR098/TR181/TR196) | M14: 修改参数名大小写，与TR196保持一致
B15: InternetGatewayDevice.Services.FAPService.{i}.CellConfig.LTE.RAN.PHY.SRS.SRSMaxUpPTS | C15: Device.Services.FAPService.{i}.CellConfig.LTE.RAN.PHY.SRS.SRSMaxUpPTS | D15: SRSMaxUpPTS | E15: SRSUpPTS带宽重配指示 | F15: A | H15: / | I15: RW | J15: Boolean | K15: 重配置SRS是否适用于UpPTS;1=true,0=false | L15: TR系列规范(TR098/TR181/TR196) | M15: 修改参数名大小写，与TR196保持一致
B16: InternetGatewayDevice.Services.FAPService.{i}.CellConfig.LTE.RAN.PHY.SRS.AckNackSRSSimultaneousTransmission | C16: Device.Services.FAPService.{i}.CellConfig.LTE.RAN.PHY.SRS.AckNackSRSSimultaneousTransmission | D16: AckNackSRSSimultaneousTransmission | E16: SRS/ACK/NACK同时传输标识 | F16: A | H16: / | I16: RW | J16: Boolean | K16: 定义UE能否同时传输SRS和ACK/NACK (0=可以同时传输,1=不能同属传输) | L16: TR系列规范(TR098/TR181/TR196)
B17: InternetGatewayDevice.Services.FAPService.{i}.CellConfig.LTE.RAN.PHY.PUCCH.DeltaPUCCHShift | C17: Device.Services.FAPService.{i}.CellConfig.LTE.RAN.PHY.PUCCH.DeltaPUCCHShift | D17: DeltaPUCCHShift | E17: PUCCH循环移位间隔 | F17: A | H17: / | I17: RW | J17: string | K17: 代表PUCCHformat1/1a/1b资源的循环位移 | L17: TR系列规范(TR098/TR181/TR196) | M17: 修正参数类型
B18: InternetGatewayDevice.Services.FAPService.{i}.CellConfig.LTE.RAN.PHY.PUCCH.NRBCQI | C18: Device.Services.FAPService.{i}.CellConfig.LTE.RAN.PHY.PUCCH.NRBCQI | D18: NRBCQI | E18: PUCCH2/2a/2b占用RB数 | F18: A | H18: / | I18: RW | J18: string | K18: 即N2RB参数，代表PUCCH域中预留用于传输CQI的PUCCH域个数 | L18: TR系列规范(TR098/TR181/TR196)
B19: InternetGatewayDevice.Services.FAPService.{i}.CellConfig.LTE.RAN.PHY.PUCCH.NCSAN | C19: Device.Services.FAPService.{i}.CellConfig.LTE.RAN.PHY.PUCCH.NCSAN | D19: NCSAN | E19: PUCCH1/1a/1b预留资源数 | F19: A | H19: / | I19: RW | J19: unsignedInt[0:7] | K19: 即N(1)cs参数，在混合使用1/1a/1b和2/2a/2b格式的资源块中，代表预留给PUCCH1/1a/1b格式的循环位移 | L19: TR系列规范(TR098/TR181/TR196) | M19: 修正参数类型
B20: InternetGatewayDevice.Services.FAPService.{i}.CellConfig.LTE.RAN.PHY.PUCCH.N1PUCCHAN | C20: Device.Services.FAPService.{i}.CellConfig.LTE.RAN.PHY.PUCCH.N1PUCCHAN | D20: N1PUCCHAN | E20: SPSACK/NACK及SR预留资源数 | F20: A | H20: / | I20: RW | J20: string(512) | K20: 即N(1)PUCCH参数，表示预留给半持续调度（SPS）的ACK/NACK和SR请求的PUCCHformat1静态资源数 | L20: TR系列规范(TR098/TR181/TR196) | M20: 修正参数类型
B21: InternetGatewayDevice.Services.FAPService.{i}.CellConfig.LTE.RAN.PHY.PUCCH.CQIPUCCHResourceIndex | C21: Device.Services.FAPService.{i}.CellConfig.LTE.RAN.PHY.PUCCH.CQIPUCCHResourceIndex | D21: CQIPUCCHResourceIndex | E21: CQI报告使用PUCCH资源索引 | F21: A | H21: / | I21: RW | J21: string(512) | K21: 为UE分配的用于CQI上报的PUCCHformat2资源索引 | L21: TR系列规范(TR098/TR181/TR196)
B22: InternetGatewayDevice.Services.FAPService.{i}.CellConfig.LTE.RAN.PHY.PUCCH.K | C22: Device.Services.FAPService.{i}.CellConfig.LTE.RAN.PHY.PUCCH.K | D22: K | E22: 子带CQI报告带宽 | F22: A | H22: / | I22: RW | J22: unsignedInt[1:4] | K22: 子波段报告模式中的子波段大小， 以物理资源块为单位 | L22: TR系列规范(TR098/TR181/TR196)
B23: InternetGatewayDevice.Services.FAPService.{i}.CellConfig.LTE.RAN.PHY.PaParam.PUSCHPowerCtrlSwitch | C23: Device.Services.FAPService.{i}.CellConfig.LTE.RAN.PHY.PaParam.PUSCHPowerCtrlSwitch | D23: PUSCHPowerCtrlSwitch | E23: 上行PUSCH闭环功控开关 | F23: A | H23: PuschPcSwitch | I23: RW | J23: unsignedInt[0:1] | K23: ON=1,OFF=0 | L23: NRM数据配置要求
B24: InternetGatewayDevice.Services.FAPService.{i}.CellConfig.LTE.RAN.PHY.PaParam.PUCCHPowerCtrlSwitch | C24: Device.Services.FAPService.{i}.CellConfig.LTE.RAN.PHY.PaParam.PUCCHPowerCtrlSwitch | D24: PUCCHPowerCtrlSwitch | E24: 上行PUCCH闭环功控开关 | F24: A | H24: PucchPcSwitch | I24: RW | J24: unsignedInt[0:1] | K24: ON=1,OFF=0 | L24: NRM数据配置要求 | M24: 增加PUCCHPcSwitch参数适配北向参数
B25: InternetGatewayDevice.Services.FAPService.{i}.CellConfig.LTE.RAN.PHY.PUSCH.Enable64QAM | C25: Device.Services.FAPService.{i}.CellConfig.LTE.RAN.PHY.PUSCH.Enable64QAM | D25: Enable64QAM | E25: PUSCH64QAM使能开关 | F25: A | H25: / | I25: RW | J25: Boolean | K25: TRUE代表允许64QAM，FALSE代表不允许64QAM; 64QAM,1=64QAM | L25: TR系列规范(TR098/TR181/TR196)
B26: InternetGatewayDevice.Services.FAPService.{i}.CellConfig.LTE.RAN.PHY.PUSCH.HoppingMode | C26: Device.Services.FAPService.{i}.CellConfig.LTE.RAN.PHY.PUSCH.HoppingMode | D26: HoppingMode | E26: PUSCH跳频模式 | F26: A | H26: / | I26: RW | J26: string | K26: 决定跳跃是“子帧间跳跃”还是“子帧间与子帧内跳跃” | L26: TR系列规范(TR098/TR181/TR196)
B27: InternetGatewayDevice.Services.FAPService.{i}.CellConfig.LTE.RAN.PHY.PUSCH.HoppingOffset | C27: Device.Services.FAPService.{i}.CellConfig.LTE.RAN.PHY.PUSCH.HoppingOffset | D27: HoppingOffset | E27: PUSCH跳频偏置 | F27: A | H27: / | I27: RW | J27: string(256) | K27: 如果上行链路频率跳跃模式启用，该参数用来计算需要用来在PUSCH传输的物理资源块 | L27: TR系列规范(TR098/TR181/TR196)
B28: InternetGatewayDevice.Services.FAPService.{i}.CellConfig.LTE.RAN.PHY.PUSCH.NSB | C28: Device.Services.FAPService.{i}.CellConfig.LTE.RAN.PHY.PUSCH.NSB | D28: NSB | E28: 跳频子带个数 | F28: A | H28: / | I28: RW | J28: unsignedInt[1:4] | K28: 代表次频带的数目 | L28: TR系列规范(TR098/TR181/TR196)
B29: InternetGatewayDevice.Services.FAPService.{i}.CellConfig.LTE.RAN.PHY.PRS.NumPRSResourceBlocks | C29: Device.Services.FAPService.{i}.CellConfig.LTE.RAN.PHY.PRS.NumPRSResourceBlocks | D29: NumPRSResourceBlocks | E29: PRSRB数目 | F29: A | H29: / | I29: RW | J29: unsignedInt | K29: 定义PRS使用的资源块的数目 | L29: TR系列规范(TR098/TR181/TR196)
B30: InternetGatewayDevice.Services.FAPService.{i}.CellConfig.LTE.RAN.PHY.PRS.PRSConfigurationIndex | C30: Device.Services.FAPService.{i}.CellConfig.LTE.RAN.PHY.PRS.PRSConfigurationIndex | D30: PRSConfigurationIndex | E30: PRS配置索引 | F30: A | H30: / | I30: RW | J30: unsignedInt[0:4095] | K30: 对应于PRS配置索引 | L30: TR系列规范(TR098/TR181/TR196)
B31: InternetGatewayDevice.Services.FAPService.{i}.CellConfig.LTE.RAN.PHY.PRS.NumConsecutivePRSSubfames | C31: Device.Services.FAPService.{i}.CellConfig.LTE.RAN.PHY.PRS.NumConsecutivePRSSubfames | D31: NumConsecutivePRSSubfames | E31: PRS连续子帧数 | F31: A | H31: / | I31: RW | J31: unsignedInt[1:2,4,6] | K31: 定义连续位置子帧的数目,0x0FFFFFFF:暂不使用 | L31: TR系列规范(TR098/TR181/TR196)
B32: InternetGatewayDevice.Services.FAPService.{i}.CellConfig.LTE.RAN.PHY.TDDFrame.SpecialSubframePatterns | C32: Device.Services.FAPService.{i}.CellConfig.LTE.RAN.PHY.TDDFrame.SpecialSubframePatterns | D32: SpecialSubframePatterns | E32: 特殊子帧配置 | F32: A | H32: SpecialSfPatterns | I32: RW | J32: unsignedInt[0:8] | K32: 上行链路与下行链路之间传输保护时间间隔的特殊子帧配置 | L32: TR系列规范(TR098/TR181/TR196) | M32: 北向对应关系重新匹配
B33: InternetGatewayDevice.Services.FAPService.{i}.CellConfig.LTE.RAN.PHY.TDDFrame.SubFrameAssignment | C33: Device.Services.FAPService.{i}.CellConfig.LTE.RAN.PHY.TDDFrame.SubFrameAssignment | D33: SubFrameAssignment | E33: 上下行子帧配置 | F33: A | H33: SfAssignment | I33: RW | J33: unsignedInt[0:6] | K33: DL/UL子帧配置，sa0对应配置0，sa1对应配置1 | L33: TR系列规范(TR098/TR181/TR196) | M33: 北向对应关系重新匹配
B34: InternetGatewayDevice.Services.FAPService.{i}.CellConfig.LTE.RAN.PHY.PDSCH.Pb | C34: Device.Services.FAPService.{i}.CellConfig.LTE.RAN.PHY.PDSCH.Pb | D34: Pb | E34: 天线端口信号功率比 | F34: A | H34: Pb | I34: RW | J34: string(32) | L34: TR系列规范(TR098/TR181/TR196)
B35: InternetGatewayDevice.Services.FAPService.{i}.CellConfig.LTE.RAN.PHY.PDSCH.Pa | C35: Device.Services.FAPService.{i}.CellConfig.LTE.RAN.PHY.PDSCH.Pa | D35: Pa | E35: 小区PDSCH采用固定功率分配时的PA取值 | F35: A | H35: Pa | I35: RW | J35: string(64) | K35: 实际值=该值/100 | L35: TR系列规范(TR098/TR181/TR196) | M35: 修正参数类型
B36: InternetGatewayDevice.Services.FAPService.{i}.CellConfig.LTE.RAN.PHY.ULPowerControl.P0NominalPUSCHPersistent | C36: Device.Services.FAPService.{i}.CellConfig.LTE.RAN.PHY.ULPowerControl.P0NominalPUSCHPersistent | D36: P0NominalPUSCHPersistent | E36: 持续调度期望接收功率 | F36: A | H36: P0NominalPUSCHPersistent | I36: RW | J36: Int[-126:24] | K36: 持续调度期望接收功率 | L36: NRM数据配置要求 | M36: 修改参数类型
B37: InternetGatewayDevice.Services.FAPService.{i}.CellConfig.LTE.RAN.PHY.ULPowerControl.P0NominalPUSCH | C37: Device.Services.FAPService.{i}.CellConfig.LTE.RAN.PHY.ULPowerControl.P0NominalPUSCH | D37: P0NominalPUSCH | E37: 非持续调度期望功率 | F37: A | H37: P0NominalPUSCH | I37: RW | J37: string(512) | K37: 非持续调度期望功率 | M37: 修正参数类型
B38: InternetGatewayDevice.Services.FAPService.{i}.CellConfig.LTE.RAN.PHY.ULPowerControl.Alpha | C38: Device.Services.FAPService.{i}.CellConfig.LTE.RAN.PHY.ULPowerControl.Alpha | D38: Alpha | E38: 部分路损补偿系数 | F38: A | H38: Alpha | I38: RW | J38: string(64) | K38: 部分路损补偿系数
B39: InternetGatewayDevice.Services.FAPService.{i}.CellConfig.LTE.RAN.PHY.ULPowerControl.P0NominalPUCCH | C39: Device.Services.FAPService.{i}.CellConfig.LTE.RAN.PHY.ULPowerControl.P0NominalPUCCH | D39: P0NominalPUCCH | E39: PUCCH期望功率 | F39: A | H39: P0NominalPUCCH | I39: RW | J39: string(512) | K39: PUCCH期望功率 | M39: 修正参数类型
B40: InternetGatewayDevice.Services.FAPService.{i}.CellConfig.LTE.RAN.PHY.ULPowerControl.DeltaMCSEnabled | C40: Device.Services.FAPService.{i}.CellConfig.LTE.RAN.PHY.ULPowerControl.DeltaMCSEnabled | D40: DeltaMCSEnabled | E40: MCS补偿值 | F40: A | H40: DeltaMCSEnabled | I40: RW | J40: unsignedInt[0:1] | K40: MCS补偿值
A41: MAC层参数管理 | B41: InternetGatewayDevice.Services.FAPService.{i}.CellConfig.LTE.RAN.MAC.RACH.NumberOfRaPreambles | C41: Device.Services.FAPService.{i}.CellConfig.LTE.RAN.MAC.RACH.NumberOfRaPreambles | D41: NumberOfRaPreambles | E41: 竞争随机接入前导码数 | F41: A | G41: AR、AJ、AV | H41: / | I41: RW | J41: string(64) | K41: 非专用随机接入前导码数目 | L41: TR系列规范(TR098/TR181/TR196)
B42: InternetGatewayDevice.Services.FAPService.{i}.CellConfig.LTE.RAN.MAC.RACH.SizeOfRaGroupA | C42: Device.Services.FAPService.{i}.CellConfig.LTE.RAN.MAC.RACH.SizeOfRaGroupA | D42: SizeOfRaGroupA | E42: 随机接入前导码组A大小 | F42: A | H42: / | I42: RW | J42: string(64) | K42: A类无线接入前导中非专用随机接入前导码的数目 0x0FFFFFFF:暂不使用此参数 | L42: TR系列规范(TR098/TR181/TR196)
B43: InternetGatewayDevice.Services.FAPService.{i}.CellConfig.LTE.RAN.MAC.RACH.MessageSizeGroupA | C43: Device.Services.FAPService.{i}.CellConfig.LTE.RAN.MAC.RACH.MessageSizeGroupA | D43: MessageSizeGroupA | E43: 组A信息大小 | F43: A | H43: / | I43: RW | J43: string(32) | K43: 前导码选择门限，选定组A或组B时的约束条件之一 单位：bit | L43: TR系列规范(TR098/TR181/TR196)
B44: InternetGatewayDevice.Services.FAPService.{i}.CellConfig.LTE.RAN.MAC.RACH.MessagePowerOffsetGroupB | C44: Device.Services.FAPService.{i}.CellConfig.LTE.RAN.MAC.RACH.MessagePowerOffsetGroupB | D44: MessagePowerOffsetGroupB | E44: 组B功率补偿信息 | F44: A | H44: / | I44: RW | J44: string(32) | K44: 前导码选择门限，选定组A或组B时的约束条件之一 单位：dB | L44: TR系列规范(TR098/TR181/TR196)
B45: InternetGatewayDevice.Services.FAPService.{i}.CellConfig.LTE.RAN.MAC.RACH.PowerRampingStep | C45: Device.Services.FAPService.{i}.CellConfig.LTE.RAN.MAC.RACH.PowerRampingStep | D45: PowerRampingStep | E45: 功率增加补偿 | F45: A | H45: / | I45: RW | J45: string(16) | K45: 随机接入失败后的前导码传输之间的功率增长因子 单位：dB | L45: TR系列规范(TR098/TR181/TR196)
B46: InternetGatewayDevice.Services.FAPService.{i}.CellConfig.LTE.RAN.MAC.RACH.PreambleInitialReceivedTargetPower | C46: Device.Services.FAPService.{i}.CellConfig.LTE.RAN.MAC.RACH.PreambleInitialReceivedTargetPower | D46: PreambleInitialReceivedTargetPower | E46: 前导码初始接收目标功率 | F46: A | H46: PreambleInitialReceivedTargetPower | I46: RW | J46: string(128) | K46: 代表随机接入功率传输中传输功率计算的基准 单位：dBm | L46: TR系列规范(TR098/TR181/TR196)/NRM数据配置要求 | M46: 修正参数类型
B47: InternetGatewayDevice.Services.FAPService.{i}.CellConfig.LTE.RAN.MAC.RACH.PreambleTransMax | C47: Device.Services.FAPService.{i}.CellConfig.LTE.RAN.MAC.RACH.PreambleTransMax | D47: PreambleTransMax | E47: 最大随机接入次数 | F47: A | H47: / | I47: RW | J47: string(64) | K47: 随机接入前导码传输的最大数目 | L47: TR系列规范(TR098/TR181/TR196)
B48: InternetGatewayDevice.Services.FAPService.{i}.CellConfig.LTE.RAN.MAC.RACH.ResponseWindowSize | C48: Device.Services.FAPService.{i}.CellConfig.LTE.RAN.MAC.RACH.ResponseWindowSize | D48: ResponseWindowSize | E48: 随机接入响应窗口大小 | F48: A | H48: / | I48: RW | J48: string(32) | K48: 随机接入回复窗口的持续时间 表示子帧个数 | L48: TR系列规范(TR098/TR181/TR196)
B49: InternetGatewayDevice.Services.FAPService.{i}.CellConfig.LTE.RAN.MAC.RACH.ContentionResolutionTimer | C49: Device.Services.FAPService.{i}.CellConfig.LTE.RAN.MAC.RACH.ContentionResolutionTimer | D49: ContentionReslutionTimer | E49: 冲突解决定时器 | F49: A | H49: / | I49: RW | J49: string(32) | K49: 冲突解决定时器 表示子帧个数 | L49: TR系列规范(TR098/TR181/TR196)
B50: InternetGatewayDevice.Services.FAPService.{i}.CellConfig.LTE.RAN.MAC.RACH.MaxHARQMsg3Tx | C50: Device.Services.FAPService.{i}.CellConfig.LTE.RAN.MAC.RACH.MaxHARQMsg3Tx | D50: MaxHARQMsg3Tx | E50: Msg3HARQ最大传输次数 | F50: A | H50: / | I50: RW | J50: string(32) | K50: 通过RRC的Msg3HARQ最大传输数目 | L50: TR系列规范(TR098/TR181/TR196)
B51: InternetGatewayDevice.Services.FAPService.{i}.CellConfig.LTE.RAN.MAC.DRX.DRXEnabled | C51: Device.Services.FAPService.{i}.CellConfig.LTE.RAN.MAC.DRX.DRXEnabled | D51: DRXEnabled | E51: DRX功能开关 | F51: A | H51: DrxSwitch | I51: RW | J51: Boolean | K51: 指示DRX操作是否使能;(0=false,1=true) | L51: TR系列规范(TR098/TR181/TR196)/NRM数据配置要求
B52: InternetGatewayDevice.Services.FAPService.{i}.CellConfig.LTE.RAN.MAC.DrxInitialParam.{i}.DRXShortCycleTimer | C52: Device.Services.FAPService.{i}.CellConfig.LTE.RAN.MAC.DrxInitialParam.{i}.DRXShortCycleTimer | D52: DRXShortCycleTimer | E52: DRX短周期定时器 | F52: A | H52: DrxShortCycleTimer | I52: RW | J52: string(64) | K52: 实例号即为QCI值即，实例1~9，设备固定生成9个实例 | L52: NRM数据配置要求 | M52: 根据北向要求重新定义模型
B53: InternetGatewayDevice.Services.FAPService.{i}.CellConfig.LTE.RAN.MAC.DrxInitialParam.{i}.ONDurationTimer | C53: Device.Services.FAPService.{i}.CellConfig.LTE.RAN.MAC.DrxInitialParam.{i}.ONDurationTimer | D53: ONDurationTimer | E53: DRX持续时间定时器 | F53: A | H53: OnDurationTimer | I53: RW | J53: string(64) | K53: /
B54: InternetGatewayDevice.Services.FAPService.{i}.CellConfig.LTE.RAN.MAC.DrxInitialParam.{i}.DRXInactivityTimer | C54: Device.Services.FAPService.{i}.CellConfig.LTE.RAN.MAC.DrxInitialParam.{i}.DRXInactivityTimer | D54: DRXInactivityTimer | E54: DRX非激活定时器 | F54: A | H54: DrxInactivityTimer | I54: RW | J54: string(64) | K54: /
B55: InternetGatewayDevice.Services.FAPService.{i}.CellConfig.LTE.RAN.MAC.DrxInitialParam.{i}.DRXRetransmissionTimer | C55: Device.Services.FAPService.{i}.CellConfig.LTE.RAN.MAC.DrxInitialParam.{i}.DRXRetransmissionTimer | D55: DRXRetransmissionTimer | E55: DRX等待重传定时器 | F55: A | H55: DrxRetransmissionTimer | I55: RW | J55: string(32) | K55: /
B56: InternetGatewayDevice.Services.FAPService.{i}.CellConfig.LTE.RAN.MAC.DrxInitialParam.{i}.LongDRXCycle | C56: Device.Services.FAPService.{i}.CellConfig.LTE.RAN.MAC.DrxInitialParam.{i}.LongDRXCycle | D56: LongDRXCycle | E56: DRX长周期 | F56: A | H56: LongDrxCycle | I56: RW | J56: string(128) | K56: DRX长周期，以子帧数目表示。 表示子帧数目
B57: InternetGatewayDevice.Services.FAPService.{i}.CellConfig.LTE.RAN.MAC.DrxInitialParam.{i}.ShortDRXCycle | C57: Device.Services.FAPService.{i}.CellConfig.LTE.RAN.MAC.DrxInitialParam.{i}.ShortDRXCycle | D57: ShortDRXCycle | E57: DRX短周期 | F57: A | H57: ShortDrxCycle | I57: RW | J57: string(64) | K57: DRX短周期，以子帧数目表示。 表示子帧数目
B58: InternetGatewayDevice.Services.FAPService.{i}.CellConfig.LTE.RAN.MAC.ULSCH.MaxHARQTx | C58: Device.Services.FAPService.{i}.CellConfig.LTE.RAN.MAC.ULSCH.MaxHARQTx | D58: MaxHARQTx | E58: 上行HARQ最大传输次数 | F58: A | H58: / | I58: RW | J58: unsignedInt[1:8, 10, 12, 16, 20, 24, 28] | K58: ULHARQ传输的最大数目 spare为预留值 | L58: TR系列规范(TR098/TR181/TR196)
B59: InternetGatewayDevice.Services.FAPService.{i}.CellConfig.LTE.RAN.MAC.ULSCH.PeriodicBSRTimer | C59: Device.Services.FAPService.{i}.CellConfig.LTE.RAN.MAC.ULSCH.PeriodicBSRTimer | D59: PeriodicBSRTimer | E59: 周期性BSR定时器 | F59: A | H59: / | I59: RW | J59: unsignedInt[0, 5, 10, 16, 20, 32, 40, 64, 80, 128, 160, 320, 640, 1280, 2560] | K59: 周期性BSR上报定时器 | L59: TR系列规范(TR098/TR181/TR196)
B60: InternetGatewayDevice.Services.FAPService.{i}.CellConfig.LTE.RAN.MAC.ULSCH.RetxBSRTimer | C60: Device.Services.FAPService.{i}.CellConfig.LTE.RAN.MAC.ULSCH.RetxBSRTimer | D60: RetxBSRTimer | E60: 重传BSR定时器 | F60: A | H60: / | I60: RW | J60: unsignedInt[320, 640, 1280, 2560, 5120, 10240] | K60: 一般BSR上报定时器，该定时器到 期后，如果缓冲区数据存在，UE 传输一般BSR | L60: TR系列规范(TR098/TR181/TR196)
B61: InternetGatewayDevice.Services.FAPService.{i}.CellConfig.LTE.RAN.MAC.ULSCH.TTIBundling | C61: Device.Services.FAPService.{i}.CellConfig.LTE.RAN.MAC.ULSCH.TTIBundling | D61: TTIBundling | E61: TTI绑定功能开关 | F61: A | H61: / | I61: RW | J61: Boolean | K61: 指示系统是否支持tti绑定功能 (0=false,1=true) | L61: TR系列规范(TR098/TR181/TR196)
B62: InternetGatewayDevice.Services.FAPService.{i}.CellConfig.LTE.RAN.MAC.ULSCH.MaxUePerUlSf | C62: Device.Services.FAPService.{i}.CellConfig.LTE.RAN.MAC.ULSCH.MaxUePerUlSf | D62: MaxUePerUlSf | E62: 上行单帧最大调度用户数 | F62: A | H62: / | I62: RW | J62: unsignedInt[0:65535] | L62: TR系列规范(TR098/TR181/TR196)
A63: RRC参数管理（RRC计时器） | B63: InternetGatewayDevice.Services.FAPService.{i}.CellConfig.LTE.RAN.RRCTimers.T300 | C63: Device.Services.FAPService.{i}.CellConfig.LTE.RAN.RRCTimers.T300 | D63: T300 | E63: T300定时器 | F63: A | G63: AS | H63: T300 | I63: RW | J63: string(64) | K63: 连续RRCConnectionRequest传输之间的时间间隔,单位ms | L63: TR系列规范(TR098/TR181/TR196)/NRM数据配置要求 | M63: 修正参数类型
B64: InternetGatewayDevice.Services.FAPService.{i}.CellConfig.LTE.RAN.RRCTimers.T301 | C64: Device.Services.FAPService.{i}.CellConfig.LTE.RAN.RRCTimers.T301 | D64: T301 | E64: T301定时器 | F64: A | H64: T301 | I64: RW | J64: string(64) | K64: 连续RRCConnectionReestablishmentRe quest传输之间的时间间隔,单位ms | L64: TR系列规范(TR098/TR181/TR196)/NRM数据配置要求 | M64: 修正参数类型
B65: InternetGatewayDevice.Services.FAPService.{i}.CellConfig.LTE.RAN.RRCTimers.T302 | C65: Device.Services.FAPService.{i}.CellConfig.LTE.RAN.RRCTimers.T302 | D65: T302 | E65: T302定时器 | F65: A | H65: T302 | I65: RW | J65: unsignedInt[1:16] | K65: RRCConnectionReject 之后小区重选或 RRConnectionSetup等待的时间 | L65: TR系列规范(TR098/TR181/TR196)/NRM数据配置要求
B66: InternetGatewayDevice.Services.FAPService.{i}.CellConfig.LTE.RAN.RRCTimers.T304EUTRA | C66: Device.Services.FAPService.{i}.CellConfig.LTE.RAN.RRCTimers.T304EUTRA | D66: T304EUTRA | E66: T304(EUTRA)定时器 | F66: A | H66: T304EUTRA | I66: RW | J66: string(64) | K66: 切换失败定时器,单位ms | L66: TR系列规范(TR098/TR181/TR196)/NRM数据配置要求 | M66: 修正参数类型
B67: InternetGatewayDevice.Services.FAPService.{i}.CellConfig.LTE.RAN.RRCTimers.T304IRAT | C67: Device.Services.FAPService.{i}.CellConfig.LTE.RAN.RRCTimers.T304IRAT | D67: T304IRAT | E67: T304(异系统)定时器 | F67: A | H67: T304IRAT | I67: RW | J67: string(64) | K67: 切换失败定时器,单位ms | L67: TR系列规范(TR098/TR181/TR196)/NRM数据配置要求 | M67: 修正参数类型
B68: InternetGatewayDevice.Services.FAPService.{i}.CellConfig.LTE.RAN.RRCTimers.T310 | C68: Device.Services.FAPService.{i}.CellConfig.LTE.RAN.RRCTimers.T310 | D68: T310 | E68: T310定时器 | F68: A | H68: T310 | I68: RW | J68: unsignedInt[0,50,100,200,500,1000,2000] | K68: RLF声明定时器,单位ms | L68: TR系列规范(TR098/TR181/TR196)/NRM数据配置要求
B69: InternetGatewayDevice.Services.FAPService.{i}.CellConfig.LTE.RAN.RRCTimers.T311 | C69: Device.Services.FAPService.{i}.CellConfig.LTE.RAN.RRCTimers.T311 | D69: T311 | E69: T311定时器 | F69: A | H69: T311 | I69: RW | J69: string(64) | K69: RLF恢复定时器,单位ms | L69: TR系列规范(TR098/TR181/TR196)/NRM数据配置要求 | M69: 修正参数类型
B70: InternetGatewayDevice.Services.FAPService.{i}.CellConfig.LTE.RAN.RRCTimers.T320 | C70: Device.Services.FAPService.{i}.CellConfig.LTE.RAN.RRCTimers.T320 | D70: T320 | E70: T320定时器 | F70: A | H70: T320 | I70: RW | J70: unsignedInt[5, 10, 20, 30, 60, 120, 180] | K70: RRCConnection释放之后的时间,单位min | L70: TR系列规范(TR098/TR181/TR196)/NRM数据配置要求
B71: InternetGatewayDevice.Services.FAPService.{i}.CellConfig.LTE.RAN.RRCTimers.N310 | C71: Device.Services.FAPService.{i}.CellConfig.LTE.RAN.RRCTimers.N310 | D71: N310 | E71: T310定时器 | F71: A | H71: N310 | I71: RW | J71: unsignedInt[1:4, 6, 8, 10, 20] | K71: 从低层收到的”out-of-sync” 标志的连续数目，会触发T310定时器 | L71: TR系列规范(TR098/TR181/TR196)/NRM数据配置要求
B72: InternetGatewayDevice.Services.FAPService.{i}.CellConfig.LTE.RAN.RRCTimers.N311 | C72: Device.Services.FAPService.{i}.CellConfig.LTE.RAN.RRCTimers.N311 | D72: N311 | E72: T311定时器 | F72: A | H72: N311 | I72: RW | J72: unsignedInt[1:6, 8, 10] | K72: 低层收到的”in-sync”标志的连续数目，会停止T310定时器 | L72: TR系列规范(TR098/TR181/TR196)/NRM数据配置要求

Sheet SI
A1: 归类 | B1: 网管数据模型(TR098) | C1: 网管数据模型(TR181) | D1: 参数名称 | E1: 中文名 | F1: 重要性 | G1: 北向Index | H1: 北向NRM参数映射 | I1: 网管读写权限 | J1: 类型 | K1: 描述 | L1: 来源 | M1: 备注
A2: LTE邻区参数管理 | B2: InternetGatewayDevice.Services.FAPService.{i}.CellConfig.LTE.RAN.NeighborList.LTECell.{i}.PLMNID | C2: Device.Services.FAPService.{i}.CellConfig.LTE.RAN.NeighborList.LTECell.{i}.PLMNID | D2: PLMNID | E2: 邻区PLMN ID | F2: A | G2: AK、AL、AM | H2: Tci | I2: RW | J2: string(6) | K2: 邻区PLMN ID，由MCC和MNC组成 | L2: TR系列规范(TR098/TR181/TR196)/NRM数据配置要求
B3: InternetGatewayDevice.Services.FAPService.{i}.CellConfig.LTE.RAN.NeighborList.LTECell.{i}.CID | C3: Device.Services.FAPService.{i}.CellConfig.LTE.RAN.NeighborList.LTECell.{i}.CID | D3: CID | E3: 邻区CID | F3: A | H3: Tci | I3: RW | J3: unsignedInt[1:268435455] | K3: 邻区CID（28bit） | L3: TR系列规范(TR098/TR181/TR196)/NRM数据配置要求
B4: InternetGatewayDevice.Services.FAPService.{i}.CellConfig.LTE.RAN.NeighborList.LTECell.{i}.EUTRACarrierARFCN | C4: Device.Services.FAPService.{i}.CellConfig.LTE.RAN.NeighborList.LTECell.{i}.EUTRACarrierARFCN | D4: EUTRACarrierARFCN | E4: 邻区EARFCN | F4: A | H4: Earfcn | I4: RW | J4: unsignedInt[0:65535] | K4: 邻区载频的EARFCN | L4: TR系列规范(TR098/TR181/TR196)/NRM数据配置要求
B5: InternetGatewayDevice.Services.FAPService.{i}.CellConfig.LTE.RAN.NeighborList.LTECell.{i}.PhyCellID | C5: Device.Services.FAPService.{i}.CellConfig.LTE.RAN.NeighborList.LTECell.{i}.PhyCellID | D5: PhyCellID | E5: 邻区PCI | F5: A | H5: Pci | I5: RW | J5: unsignedInt[0:503] | K5: 邻区PCI | L5: TR系列规范(TR098/TR181/TR196)/NRM数据配置要求
B6: InternetGatewayDevice.Services.FAPService.{i}.CellConfig.LTE.RAN.NeighborList.LTECell.{i}.QOffset | C6: Device.Services.FAPService.{i}.CellConfig.LTE.RAN.NeighborList.LTECell.{i}.QOffset | D6: QOffset | E6: 小区特定偏移量 | F6: A | H6: QOffsetCell | I6: RW | J6: int[-24:-8, -6:6, 8:24] | K6: 邻区的小区特定偏移量 | L6: TR系列规范(TR098/TR181/TR196)/NRM数据配置要求
B7: InternetGatewayDevice.Services.FAPService.{i}.CellConfig.LTE.RAN.NeighborList.LTECell.{i}.CIO | C7: Device.Services.FAPService.{i}.CellConfig.LTE.RAN.NeighborList.LTECell.{i}.CIO | D7: CIO | E7: 小区独立偏移量 | F7: A | H7: / | I7: RW | J7: int[-24:-8, -6:6, 8:24] | K7: 邻区的小区独立偏移量 | L7: TR系列规范(TR098/TR181/TR196)
B8: InternetGatewayDevice.Services.FAPService.{i}.CellConfig.LTE.RAN.NeighborList.LTECell.{i}.RSTxPower | C8: Device.Services.FAPService.{i}.CellConfig.LTE.RAN.NeighborList.LTECell.{i}.RSTxPower | D8: RSTxPower | E8: 参考信号发射功率 | F8: A | H8: / | I8: RW | J8: int[-60:50] | K8: 参考信号发射功率 | L8: TR系列规范(TR098/TR181/TR196)
B9: InternetGatewayDevice.Services.FAPService.{i}.CellConfig.LTE.RAN.NeighborList.LTECell.{i}.Blacklisted | C9: Device.Services.FAPService.{i}.CellConfig.LTE.RAN.NeighborList.LTECell.{i}.Blacklisted | D9: Blacklisted | E9: 禁止切换标识 | F9: A | H9: / | I9: RW | J9: boolean | K9: 邻小区是否可以被UE作为切换目标， 1=禁止向该小区切换； 0=允许向该小区切换 | L9: TR系列规范(TR098/TR181/TR196)
B10: InternetGatewayDevice.Services.FAPService.{i}.CellConfig.LTE.RAN.NeighborList.LTECell.{i}.TAC | C10: Device.Services.FAPService.{i}.CellConfig.LTE.RAN.NeighborList.LTECell.{i}.TAC | D10: TAC | E10: 邻区TAC | F10: A | H10: / | I10: RW | J10: unsignedInt[0:65535] | K10: TAC | L10: NRM数据配置要求
B11: InternetGatewayDevice.Services.FAPService.{i}.CellConfig.LTE.RAN.NeighborList.LTECell.{i}.EnbType | C11: Device.Services.FAPService.{i}.CellConfig.LTE.RAN.NeighborList.LTECell.{i}.EnbType | D11: EnbType | E11: 邻区基站类型 | F11: A | H11: / | I11: RW | J11: unsignedInt | K11: 基站类型 0=宏站小区 1=微站小区
A12: TD邻区参数管理 | B12: InternetGatewayDevice.Services.FAPService.{i}.CellConfig.LTE.RAN.NeighborList.InterRATCell.UMTS.{i}.PLMNID | C12: Device.Services.FAPService.{i}.CellConfig.LTE.RAN.NeighborList.InterRATCell.UMTS.{i}.PLMNID | D12: PLMNID | E12: PLMN ID | F12: CA | H12: AdjacentCellId | I12: RW | J12: string(6) | K12: PLMN ID，由MCC和MNC组成 | L12: TR系列规范(TR098/TR181/TR196)/NRM数据配置要求
B13: InternetGatewayDevice.Services.FAPService.{i}.CellConfig.LTE.RAN.NeighborList.InterRATCell.UMTS.{i}.RNCID | C13: Device.Services.FAPService.{i}.CellConfig.LTE.RAN.NeighborList.InterRATCell.UMTS.{i}.RNCID | D13: RNCID | E13: RNC ID | F13: CA | H13: AdjacentCellId | I13: RW | J13: unsignedInt[0:65535] | K13: 频内邻小区的RNC-ID | L13: TR系列规范(TR098/TR181/TR196)/NRM数据配置要求
B14: InternetGatewayDevice.Services.FAPService.{i}.CellConfig.LTE.RAN.NeighborList.InterRATCell.UMTS.{i}.CID | C14: Device.Services.FAPService.{i}.CellConfig.LTE.RAN.NeighborList.InterRATCell.UMTS.{i}.CID | D14: CID | E14: CID | F14: CA | H14: AdjacentCellId | I14: RW | J14: unsignedInt[0:65535] | K14: 小区ID | L14: TR系列规范(TR098/TR181/TR196)/NRM数据配置要求
B15: InternetGatewayDevice.Services.FAPService.{i}.CellConfig.LTE.RAN.NeighborList.InterRATCell.UMTS.{i}.LAC | C15: Device.Services.FAPService.{i}.CellConfig.LTE.RAN.NeighborList.InterRATCell.UMTS.{i}.LAC | D15: LAC | E15: LAC | F15: CA | H15: Lac | I15: RW | J15: unsignedInt[0:65535] | K15: 位置区代码（LAC） | L15: TR系列规范(TR098/TR181/TR196)/NRM数据配置要求
B16: InternetGatewayDevice.Services.FAPService.{i}.CellConfig.LTE.RAN.NeighborList.InterRATCell.UMTS.{i}.RAC | C16: Device.Services.FAPService.{i}.CellConfig.LTE.RAN.NeighborList.InterRATCell.UMTS.{i}.RAC | D16: RAC | E16: RAC | F16: CA | H16: Rac | I16: RW | J16: unsignedInt[0:255] | K16: 路由区代码(RAC) | L16: TR系列规范(TR098/TR181/TR196)/NRM数据配置要求
B17: InternetGatewayDevice.Services.FAPService.{i}.CellConfig.LTE.RAN.NeighborList.InterRATCell.UMTS.{i}.URA | C17: Device.Services.FAPService.{i}.CellConfig.LTE.RAN.NeighborList.InterRATCell.UMTS.{i}.URA | D17: URA | E17: URA | F17: CA | H17: / | I17: RW | J17: unsignedInt[0:65535] | K17: UTRAN 注册区域 | L17: TR系列规范(TR098/TR181/TR196)
B18: InternetGatewayDevice.Services.FAPService.{i}.CellConfig.LTE.RAN.NeighborList.InterRATCell.UMTS.{i}.UARFCNUL | C18: Device.Services.FAPService.{i}.CellConfig.LTE.RAN.NeighborList.InterRATCell.UMTS.{i}.UARFCNUL | D18: UARFCNUL | E18: 上行UARFCN | F18: CA | H18: / | I18: RW | J18: unsignedInt[0:16383] | K18: FDD模式小区中的上行链路UTRA绝对无线频率信道号（UARFCN） | L18: TR系列规范(TR098/TR181/TR196)
B19: InternetGatewayDevice.Services.FAPService.{i}.CellConfig.LTE.RAN.NeighborList.InterRATCell.UMTS.{i}.UARFCNDL | C19: Device.Services.FAPService.{i}.CellConfig.LTE.RAN.NeighborList.InterRATCell.UMTS.{i}.UARFCNDL | D19: UARFCNDL | E19: 下行UARFCN | F19: CA | H19: Uarfcn | I19: RW | J19: unsignedInt[0:16383] | K19: FDD模式小区中的下行链路UTRA绝对无线频率信道号（UARFCN | L19: TR系列规范(TR098/TR181/TR196)/NRM数据配置要求
B20: InternetGatewayDevice.Services.FAPService.{i}.CellConfig.LTE.RAN.NeighborList.InterRATCell.UMTS.{i}.PCPICHScramblingCode | C20: Device.Services.FAPService.{i}.CellConfig.LTE.RAN.NeighborList.InterRATCell.UMTS.{i}.PCPICHScramblingCode | D20: PCPICHScramblingCode | E20: Primary CPICH扰码 | F20: CA | H20: / | I20: RW | J20: unsignedInt[0:511] | K20: Primary CPICH扰码 | L20: TR系列规范(TR098/TR181/TR196)
B21: InternetGatewayDevice.Services.FAPService.{i}.CellConfig.LTE.RAN.NeighborList.InterRATCell.UMTS.{i}.PCPICHTxPower | C21: Device.Services.FAPService.{i}.CellConfig.LTE.RAN.NeighborList.InterRATCell.UMTS.{i}.PCPICHTxPower | D21: PCPICHTxPower | E21: Primary CPICH发射功率 | F21: CA | H21: / | I21: RW | J21: int[-100:500] | K21: Primary CPICH发射功率 | L21: TR系列规范(TR098/TR181/TR196)
A22: GSM邻区参数管理 | B22: InternetGatewayDevice.Services.FAPService.{i}.CellConfig.LTE.RAN.NeighborList.InterRATCell.GSM.{i}.PLMNID | C22: Device.Services.FAPService.{i}.CellConfig.LTE.RAN.NeighborList.InterRATCell.GSM.{i}.PLMNID | D22: PLMNID | E22: PLMN ID | F22: A | H22: AdjacentCellId | I22: RW | J22: string(6) | K22: 由MCC和MNC组成 | L22: TR系列规范(TR098/TR181/TR196)/NRM数据配置要求
B23: InternetGatewayDevice.Services.FAPService.{i}.CellConfig.LTE.RAN.NeighborList.InterRATCell.GSM.{i}.LAC | C23: Device.Services.FAPService.{i}.CellConfig.LTE.RAN.NeighborList.InterRATCell.GSM.{i}.LAC | D23: LAC | E23: LAC | F23: A | H23: AdjacentCellId | I23: RW | J23: unsignedInt[0:65535] | K23: 位置区代码 | L23: TR系列规范(TR098/TR181/TR196)/NRM数据配置要求
B24: InternetGatewayDevice.Services.FAPService.{i}.CellConfig.LTE.RAN.NeighborList.InterRATCell.GSM.{i}.BSIC | C24: Device.Services.FAPService.{i}.CellConfig.LTE.RAN.NeighborList.InterRATCell.GSM.{i}.BSIC | D24: BSIC | E24: BSIC | F24: A | H24: / | I24: RW | J24: unsignedInt[0:255] | K24: 小区的BSIC | L24: TR系列规范(TR098/TR181/TR196)
B25: InternetGatewayDevice.Services.FAPService.{i}.CellConfig.LTE.RAN.NeighborList.InterRATCell.GSM.{i}.CI | C25: Device.Services.FAPService.{i}.CellConfig.LTE.RAN.NeighborList.InterRATCell.GSM.{i}.CI | D25: CI | E25: CI | F25: A | H25: AdjacentCellId | I25: RW | J25: unsignedInt[0:65535] | K25: 小区ID | L25: TR系列规范(TR098/TR181/TR196)/NRM数据配置要求
B26: InternetGatewayDevice.Services.FAPService.{i}.CellConfig.LTE.RAN.NeighborList.InterRATCell.GSM.{i}.BandIndicator | C26: Device.Services.FAPService.{i}.CellConfig.LTE.RAN.NeighborList.InterRATCell.GSM.{i}.BandIndicator | D26: BandIndicator | E26: 频段指示 | F26: A | H26: / | I26: RW | J26: string | K26: 指示频段是DCS1800还是PCS1900 0=DCS 1800 1=PCS 1900 | L26: TR系列规范(TR098/TR181/TR196)
B27: InternetGatewayDevice.Services.FAPService.{i}.CellConfig.LTE.RAN.NeighborList.InterRATCell.GSM.{i}.BCCHARFCN | C27: Device.Services.FAPService.{i}.CellConfig.LTE.RAN.NeighborList.InterRATCell.GSM.{i}.BCCHARFCN | D27: BCCHARFCN | E27: BCCH ARFCN | F27: A | H27: BcchFrequency | I27: RW | J27: unsignedInt[0:1023] | K27: BCCH载频的ARFCN | L27: TR系列规范(TR098/TR181/TR196)/NRM数据配置要求
B28: InternetGatewayDevice.Services.FAPService.{i}.CellConfig.LTE.RAN.NeighborList.InterRATCell.GSM.{i}.RAC | C28: Device.Services.FAPService.{i}.CellConfig.LTE.RAN.NeighborList.InterRATCell.GSM.{i}.RAC | D28: RAC | E28: RAC | F28: A | H28: RAC | I28: RW | J28: unsignedInt[0:255] | K28: / | L28: NRM数据配置要求

Sheet SJ
A1: 类型 | B1: 网管数据模型(TR098) | C1: 网管数据模型(TR181) | D1: 参数名称 | E1: 中文名 | F1: 重要性 | G1: 北向Index | H1: 北向NRM参数映射 | I1: 网管读写权限 | J1: 类型 | K1: 描述 | L1: 来源 | M1: 备注 | N1: 修改说明
A2: 切换公共参数 | B2: InternetGatewayDevice.Services.FAPService.{i}.CellConfig.LTE.RAN.Mobility.ConnMode.IRAT.QoffsetGERAN | C2: Device.Services.FAPService.{i}.CellConfig.LTE.RAN.Mobility.ConnMode.IRAT.QoffsetGERAN | D2: QoffsetGERAN | E2: GERAN频点偏移量 | F2: A | H2: OffsetFreqGeran | I2: RW | J2: string(128) | K2: GERAN小区频点偏移量 | L2: NRM数据配置要求 | N2: 修正参数类型
B3: InternetGatewayDevice.Services.FAPService.{i}.CellConfig.LTE.RAN.Mobility.ConnMode.IRAT.MeasQuantityUTRAFDD | C3: Device.Services.FAPService.{i}.CellConfig.LTE.RAN.Mobility.ConnMode.IRAT.MeasQuantityUTRAFDD | D3: MeasQuantityUTRAFDD | E3: UTRA测量量 | F3: A | I3: RW | J3: string | K3: CPICH-RSCP CPICH-EcN0 | N3: 定义B1、B2事件中3G系统测量量：答复ZTE 20
B4: InternetGatewayDevice.Services.FAPService.{i}.CellConfig.LTE.RAN.Mobility.ConnMode.IRAT.MeasQuantityGERAN | C4: Device.Services.FAPService.{i}.CellConfig.LTE.RAN.Mobility.ConnMode.IRAT.MeasQuantityGERAN | D4: MeasQuantityGERAN | E4: GERAN测量量 | F4: A | I4: RW | J4: string | K4: rrsi | N4: 定义B1、B2事件中2G系统测量量：答复ZTE 20
B5: InternetGatewayDevice.Services.FAPService.{i}.CellConfig.LTE.RAN.Mobility.ConnMode.IRAT.QoffsetUTRA | C5: Device.Services.FAPService.{i}.CellConfig.LTE.RAN.Mobility.ConnMode.IRAT.QoffsetUTRA | D5: QoffsetUTRA | E5: UTRA频点偏移量 | F5: A | H5: OffsetFreqUtra | I5: RW | J5: string(128) | K5: UTRA小区频点偏移量 | N5: 修正参数类型
B6: InternetGatewayDevice.Services.FAPService.{i}.CellConfig.LTE.RAN.Mobility.ConnMode.EUTRA.MeasureCtrl.Smeasure | C6: Device.Services.FAPService.{i}.CellConfig.LTE.RAN.Mobility.ConnMode.EUTRA.MeasureCtrl.Smeasure | D6: Smeasure | E6: 测量启动门限 | F6: A | H6: Smeasure | I6: RW | J6: unsignedInt[0:97] | K6: 测量启动门限 | N6: 修正参数类型
A7: A1事件测量控制参数 | B7: InternetGatewayDevice.Services.FAPService.{i}.CellConfig.LTE.RAN.Mobility.ConnMode.EUTRA.A1MeasureCtrl.1.Enable | C7: Device.Services.FAPService.{i}.CellConfig.LTE.RAN.Mobility.ConnMode.EUTRA.A1MeasureCtrl.1.Enable | D7: Enable | E7: 使能开关 | F7: B | I7: RW | J7: boolean | K7: 是否启用该表项 | L7: / | M7: 参数路径中最后一个多实例节点（{i}）序号1～10为系统保留段，若厂商对A1测量事件有其它用途，则从A1MeasureCtrl.11.开始定义 | N7: 新增使能开关
B8: InternetGatewayDevice.Services.FAPService.{i}.CellConfig.LTE.RAN.Mobility.ConnMode.EUTRA.A1MeasureCtrl.1.A1ThresholdRSRP | C8: Device.Services.FAPService.{i}.CellConfig.LTE.RAN.Mobility.ConnMode.EUTRA.A1MeasureCtrl.1.A1ThresholdRSRP | D8: A1ThresholdRSRP | E8: A1事件RSRP门限 | F8: B | G8: AT | H8: A1ThresholdInterFCo | I8: RW | J8: unsignedInt[0:97] | K8: 用于EUTRA测量中,触发量为RSRP时,A1事件触发条件的绝对门限 | L8: NRM数据配置要求
B9: InternetGatewayDevice.Services.FAPService.{i}.CellConfig.LTE.RAN.Mobility.ConnMode.EUTRA.A1MeasureCtrl.1.A1ThresholdRSRQ | C9: Device.Services.FAPService.{i}.CellConfig.LTE.RAN.Mobility.ConnMode.EUTRA.A1MeasureCtrl.1.A1ThresholdRSRQ | D9: A1ThresholdRSRQ | E9: A1事件RSRQ门限 | F9: B | H9: A1ThresholdInterFCov | I9: RW | J9: unsignedInt[0:34] | K9: 用于EUTRA测量中,触发量为RSRQ时,A1事件触发条件的绝对门限
B10: InternetGatewayDevice.Services.FAPService.{i}.CellConfig.LTE.RAN.Mobility.ConnMode.EUTRA.A1MeasureCtrl.1.Hysteresis | C10: Device.Services.FAPService.{i}.CellConfig.LTE.RAN.Mobility.ConnMode.EUTRA.A1MeasureCtrl.1.Hysteresis | D10: Hysteresis | E10: 迟滞值 | F10: B | H10: A1HysteresisInterFCov | I10: RW | J10: unsignedInt[0:30] | K10: 进入和离开上报触发事件条件的滞后值
B11: InternetGatewayDevice.Services.FAPService.{i}.CellConfig.LTE.RAN.Mobility.ConnMode.EUTRA.A1MeasureCtrl.1.MaxReportCells | C11: Device.Services.FAPService.{i}.CellConfig.LTE.RAN.Mobility.ConnMode.EUTRA.A1MeasureCtrl.1.MaxReportCells | D11: MaxReportCells | E11: 最大上报小区数 | F11: B | H11: / | I11: RW | J11: unsignedInt[1:8] | K11: 测量报告中包含小区的最大数目
B12: InternetGatewayDevice.Services.FAPService.{i}.CellConfig.LTE.RAN.Mobility.ConnMode.EUTRA.A1MeasureCtrl.1.MeasurePurpose | C12: Device.Services.FAPService.{i}.CellConfig.LTE.RAN.Mobility.ConnMode.EUTRA.A1MeasureCtrl.1.MeasurePurpose | D12: MeasurePurpose | E12: 测量目的 | F12: B | H12: / | I12: R | J12: unsignedInt[1:100] | K12: 用于表明当前配置事件的使用目的，本字段取值固定为： (1=异频测量) | N12: 对测量目的增加描述
B13: InternetGatewayDevice.Services.FAPService.{i}.CellConfig.LTE.RAN.Mobility.ConnMode.EUTRA.A1MeasureCtrl.1.ReportAmount | C13: Device.Services.FAPService.{i}.CellConfig.LTE.RAN.Mobility.ConnMode.EUTRA.A1MeasureCtrl.1.ReportAmount | D13: ReportAmount | E13: 上报次数 | F13: B | H13: / | I13: RW | J13: unsignedInt[0:2, 4, 8, 16, 32, 64] | K13: 测量报告发送的次数，0表示无限次
B14: InternetGatewayDevice.Services.FAPService.{i}.CellConfig.LTE.RAN.Mobility.ConnMode.EUTRA.A1MeasureCtrl.1.ReportInterval | C14: Device.Services.FAPService.{i}.CellConfig.LTE.RAN.Mobility.ConnMode.EUTRA.A1MeasureCtrl.1.ReportInterval | D14: ReportInterval | E14: 上报间隔 | F14: B | H14: / | I14: RW | J14: unsignedInt[120, 240, 480, 640, 1024, 2048, 5120, 10240, 60000, 360000, 720000, 1800000, 3600000] | K14: 连续测量报告之间的间隔，单位ms
B15: InternetGatewayDevice.Services.FAPService.{i}.CellConfig.LTE.RAN.Mobility.ConnMode.EUTRA.A1MeasureCtrl.1.ReportQuantity | C15: Device.Services.FAPService.{i}.CellConfig.LTE.RAN.Mobility.ConnMode.EUTRA.A1MeasureCtrl.1.ReportQuantity | D15: ReportQuantity | E15: 上报量 | F15: B | H15: A1ReportQuantityInterFCov | I15: RW | J15: string | K15: 测量报告中的上报量(sameAsTriggerQuantity, both)
B16: InternetGatewayDevice.Services.FAPService.{i}.CellConfig.LTE.RAN.Mobility.ConnMode.EUTRA.A1MeasureCtrl.1.TimeToTrigger | C16: Device.Services.FAPService.{i}.CellConfig.LTE.RAN.Mobility.ConnMode.EUTRA.A1MeasureCtrl.1.TimeToTrigger | D16: TimeToTrigger | E16: 触发时间 | F16: B | H16: / | I16: RW | J16: unsignedInt[0,40, 64, 80,100,128, 160,256,320, 480, 512, 640, 1024,1280,2560,5120] | K16: 为了满足触发RAT测量报告,触发条件持续的时间，单位ms
B17: InternetGatewayDevice.Services.FAPService.{i}.CellConfig.LTE.RAN.Mobility.ConnMode.EUTRA.A1MeasureCtrl.1.TriggerQuantity | C17: Device.Services.FAPService.{i}.CellConfig.LTE.RAN.Mobility.ConnMode.EUTRA.A1MeasureCtrl.1.TriggerQuantity | D17: TriggerQuantity | E17: 触发量 | F17: B | H17: A1TriggerQuantityInterFCov | I17: RW | J17: string | K17: 用来评估触发条件的事件触发量(RSRP, RSRQ)
B18: InternetGatewayDevice.Services.FAPService.{i}.CellConfig.LTE.RAN.Mobility.ConnMode.EUTRA.A1MeasureCtrl.2.Enable | C18: Device.Services.FAPService.{i}.CellConfig.LTE.RAN.Mobility.ConnMode.EUTRA.A1MeasureCtrl.2.Enable | D18: Enable | E18: 使能开关 | F18: B | I18: RW | J18: boolean | K18: 是否启用该表项 | N18: 新增使能开关
B19: InternetGatewayDevice.Services.FAPService.{i}.CellConfig.LTE.RAN.Mobility.ConnMode.EUTRA.A1MeasureCtrl.2.A1ThresholdRSRP | C19: Device.Services.FAPService.{i}.CellConfig.LTE.RAN.Mobility.ConnMode.EUTRA.A1MeasureCtrl.2.A1ThresholdRSRP | D19: A1ThresholdRSRP | E19: A1事件RSRP门限 | F19: B | H19: A1ThresholdUtraCov | I19: RW | J19: unsignedInt[0:97] | K19: 用于EUTRA测量中,触发量为RSRP时,A1事件触发条件的绝对门限
B20: InternetGatewayDevice.Services.FAPService.{i}.CellConfig.LTE.RAN.Mobility.ConnMode.EUTRA.A1MeasureCtrl.2.A1ThresholdRSRQ | C20: Device.Services.FAPService.{i}.CellConfig.LTE.RAN.Mobility.ConnMode.EUTRA.A1MeasureCtrl.2.A1ThresholdRSRQ | D20: A1ThresholdRSRQ | E20: A1事件RSRQ门限 | F20: B | H20: A1ThresholdUtraCov | I20: RW | J20: unsignedInt[0:34] | K20: 用于EUTRA测量中,触发量为RSRQ时,A1事件触发条件的绝对门限
B21: InternetGatewayDevice.Services.FAPService.{i}.CellConfig.LTE.RAN.Mobility.ConnMode.EUTRA.A1MeasureCtrl.2.Hysteresis | C21: Device.Services.FAPService.{i}.CellConfig.LTE.RAN.Mobility.ConnMode.EUTRA.A1MeasureCtrl.2.Hysteresis | D21: Hysteresis | E21: 迟滞值 | F21: B | H21: A1HysteresisUtraCov | I21: RW | J21: unsignedInt[0:30] | K21: 进入和离开上报触发事件条件的滞后值
B22: InternetGatewayDevice.Services.FAPService.{i}.CellConfig.LTE.RAN.Mobility.ConnMode.EUTRA.A1MeasureCtrl.2.MaxReportCells | C22: Device.Services.FAPService.{i}.CellConfig.LTE.RAN.Mobility.ConnMode.EUTRA.A1MeasureCtrl.2.MaxReportCells | D22: MaxReportCells | E22: 最大上报小区数 | F22: B | H22: / | I22: RW | J22: unsignedInt[1:8] | K22: 测量报告中包含小区的最大数目
B23: InternetGatewayDevice.Services.FAPService.{i}.CellConfig.LTE.RAN.Mobility.ConnMode.EUTRA.A1MeasureCtrl.2.MeasurePurpose | C23: Device.Services.FAPService.{i}.CellConfig.LTE.RAN.Mobility.ConnMode.EUTRA.A1MeasureCtrl.2.MeasurePurpose | D23: MeasurePurpose | E23: 测量目的 | F23: B | H23: / | I23: R | J23: unsignedInt[1:100] | K23: 用于表明当前配置事件的使用目的，本字段取值固定为： (2=异系统UTRA测量) | N23: 对测量目的增加描述
B24: InternetGatewayDevice.Services.FAPService.{i}.CellConfig.LTE.RAN.Mobility.ConnMode.EUTRA.A1MeasureCtrl.2.ReportAmount | C24: Device.Services.FAPService.{i}.CellConfig.LTE.RAN.Mobility.ConnMode.EUTRA.A1MeasureCtrl.2.ReportAmount | D24: ReportAmount | E24: 上报次数 | F24: B | H24: / | I24: RW | J24: unsignedInt[0:2, 4, 8, 16, 32, 64] | K24: 测量报告发送的次数，0表示无限次
B25: InternetGatewayDevice.Services.FAPService.{i}.CellConfig.LTE.RAN.Mobility.ConnMode.EUTRA.A1MeasureCtrl.2.ReportInterval | C25: Device.Services.FAPService.{i}.CellConfig.LTE.RAN.Mobility.ConnMode.EUTRA.A1MeasureCtrl.2.ReportInterval | D25: ReportInterval | E25: 上报间隔 | F25: B | H25: / | I25: RW | J25: unsignedInt[120, 240, 480, 640, 1024, 2048, 5120, 10240, 60000, 360000, 720000, 1800000, 3600000] | K25: 连续测量报告之间的间隔，单位ms
B26: InternetGatewayDevice.Services.FAPService.{i}.CellConfig.LTE.RAN.Mobility.ConnMode.EUTRA.A1MeasureCtrl.2.ReportQuantity | C26: Device.Services.FAPService.{i}.CellConfig.LTE.RAN.Mobility.ConnMode.EUTRA.A1MeasureCtrl.2.ReportQuantity | D26: ReportQuantity | E26: 上报量 | F26: B | H26: A1ReportQuantityUtraCov | I26: RW | J26: string | K26: 测量报告中的上报量(sameAsTriggerQuantity, both)
B27: InternetGatewayDevice.Services.FAPService.{i}.CellConfig.LTE.RAN.Mobility.ConnMode.EUTRA.A1MeasureCtrl.2.TimeToTrigger | C27: Device.Services.FAPService.{i}.CellConfig.LTE.RAN.Mobility.ConnMode.EUTRA.A1MeasureCtrl.2.TimeToTrigger | D27: TimeToTrigger | E27: 触发时间 | F27: B | H27: / | I27: RW | J27: unsignedInt[0,40, 64, 80,100,128, 160,256,320, 480, 512, 640, 1024,1280,2560,5120] | K27: 为了满足触发RAT测量报告,触发条件持续的时间，单位ms
B28: InternetGatewayDevice.Services.FAPService.{i}.CellConfig.LTE.RAN.Mobility.ConnMode.EUTRA.A1MeasureCtrl.2.TriggerQuantity | C28: Device.Services.FAPService.{i}.CellConfig.LTE.RAN.Mobility.ConnMode.EUTRA.A1MeasureCtrl.2.TriggerQuantity | D28: TriggerQuantity | E28: 触发量 | F28: B | H28: A1TriggerQuantityUtraCov | I28: RW | J28: string | K28: 用来评估触发条件的事件触发量(RSRP,RSRQ)
B29: InternetGatewayDevice.Services.FAPService.{i}.CellConfig.LTE.RAN.Mobility.ConnMode.EUTRA.A1MeasureCtrl.3.Enable | C29: Device.Services.FAPService.{i}.CellConfig.LTE.RAN.Mobility.ConnMode.EUTRA.A1MeasureCtrl.3.Enable | D29: Enable | E29: 使能开关 | F29: B | I29: RW | J29: boolean | K29: 是否启用该表项 | N29: 新增使能开关
B30: InternetGatewayDevice.Services.FAPService.{i}.CellConfig.LTE.RAN.Mobility.ConnMode.EUTRA.A1MeasureCtrl.3.A1ThresholdRSRP | C30: Device.Services.FAPService.{i}.CellConfig.LTE.RAN.Mobility.ConnMode.EUTRA.A1MeasureCtrl.3.A1ThresholdRSRP | D30: A1ThresholdRSRP | E30: A1事件RSRP门限 | F30: B | H30: A1ThresholdGeranCov | I30: RW | J30: unsignedInt[0:97] | K30: 用于EUTRA测量中,触发量为RSRP时,A1事件触发条件的绝对门限
B31: InternetGatewayDevice.Services.FAPService.{i}.CellConfig.LTE.RAN.Mobility.ConnMode.EUTRA.A1MeasureCtrl.3.A1ThresholdRSRQ | C31: Device.Services.FAPService.{i}.CellConfig.LTE.RAN.Mobility.ConnMode.EUTRA.A1MeasureCtrl.3.A1ThresholdRSRQ | D31: A1ThresholdRSRQ | E31: A1事件RSRQ门限 | F31: B | H31: A1ThresholdGeranCov | I31: RW | J31: unsignedInt[0:34] | K31: 用于EUTRA测量中,触发量为RSRQ时,A1事件触发条件的绝对门限
B32: InternetGatewayDevice.Services.FAPService.{i}.CellConfig.LTE.RAN.Mobility.ConnMode.EUTRA.A1MeasureCtrl.3.Hysteresis | C32: Device.Services.FAPService.{i}.CellConfig.LTE.RAN.Mobility.ConnMode.EUTRA.A1MeasureCtrl.3.Hysteresis | D32: Hysteresis | E32: 迟滞值 | F32: B | H32: A1HysteresisGeranCov | I32: RW | J32: unsignedInt[0:30] | K32: 进入和离开上报触发事件条件的滞后值
B33: InternetGatewayDevice.Services.FAPService.{i}.CellConfig.LTE.RAN.Mobility.ConnMode.EUTRA.A1MeasureCtrl.3.MaxReportCells | C33: Device.Services.FAPService.{i}.CellConfig.LTE.RAN.Mobility.ConnMode.EUTRA.A1MeasureCtrl.3.MaxReportCells | D33: MaxReportCells | E33: 最大上报小区数 | F33: B | H33: / | I33: RW | J33: unsignedInt[1:8] | K33: 测量报告中包含小区的最大数目
B34: InternetGatewayDevice.Services.FAPService.{i}.CellConfig.LTE.RAN.Mobility.ConnMode.EUTRA.A1MeasureCtrl.3.MeasurePurpose | C34: Device.Services.FAPService.{i}.CellConfig.LTE.RAN.Mobility.ConnMode.EUTRA.A1MeasureCtrl.3.MeasurePurpose | D34: MeasurePurpose | E34: 测量目的 | F34: B | H34: / | I34: R | J34: unsignedInt[1:100] | K34: 用于表明当前配置事件的使用目的，本字段取值固定为： (3=异系统GERAN) | N34: 对测量目的增加描述
B35: InternetGatewayDevice.Services.FAPService.{i}.CellConfig.LTE.RAN.Mobility.ConnMode.EUTRA.A1MeasureCtrl.3.ReportAmount | C35: Device.Services.FAPService.{i}.CellConfig.LTE.RAN.Mobility.ConnMode.EUTRA.A1MeasureCtrl.3.ReportAmount | D35: ReportAmount | E35: 上报次数 | F35: B | H35: / | I35: RW | J35: unsignedInt[0:2, 4, 8, 16, 32, 64] | K35: 测量报告发送的次数，0表示无限次
B36: InternetGatewayDevice.Services.FAPService.{i}.CellConfig.LTE.RAN.Mobility.ConnMode.EUTRA.A1MeasureCtrl.3.ReportInterval | C36: Device.Services.FAPService.{i}.CellConfig.LTE.RAN.Mobility.ConnMode.EUTRA.A1MeasureCtrl.3.ReportInterval | D36: ReportInterval | E36: 上报间隔 | F36: B | H36: / | I36: RW | J36: unsignedInt[120, 240, 480, 640, 1024, 2048, 5120, 10240, 60000, 360000, 720000, 1800000, 3600000] | K36: 连续测量报告之间的间隔
B37: InternetGatewayDevice.Services.FAPService.{i}.CellConfig.LTE.RAN.Mobility.ConnMode.EUTRA.A1MeasureCtrl.3.ReportQuantity | C37: Device.Services.FAPService.{i}.CellConfig.LTE.RAN.Mobility.ConnMode.EUTRA.A1MeasureCtrl.3.ReportQuantity | D37: ReportQuantity | E37: 上报量 | F37: B | H37: A1ReportQuantityGeranCov | I37: RW | J37: string | K37: 测量报告中的上报量(sameAsTriggerQuantity, both)
B38: InternetGatewayDevice.Services.FAPService.{i}.CellConfig.LTE.RAN.Mobility.ConnMode.EUTRA.A1MeasureCtrl.3.TimeToTrigger | C38: Device.Services.FAPService.{i}.CellConfig.LTE.RAN.Mobility.ConnMode.EUTRA.A1MeasureCtrl.3.TimeToTrigger | D38: TimeToTrigger | E38: 触发时间 | F38: B | H38: / | I38: RW | J38: unsignedInt[0,40, 64, 80,100,128, 160,256,320, 480, 512, 640, 1024,1280,2560,5120] | K38: 为了满足触发RAT测量报告,触发条件持续的时间
B39: InternetGatewayDevice.Services.FAPService.{i}.CellConfig.LTE.RAN.Mobility.ConnMode.EUTRA.A1MeasureCtrl.3.TriggerQuantity | C39: Device.Services.FAPService.{i}.CellConfig.LTE.RAN.Mobility.ConnMode.EUTRA.A1MeasureCtrl.3.TriggerQuantity | D39: TriggerQuantity | E39: 触发量 | F39: B | H39: A1TriggerQuantityGeranCov | I39: RW | J39: string | K39: 用来评估触发条件的事件触发量(RSRP,RSRQ)
B40: InternetGatewayDevice.Services.FAPService.{i}.CellConfig.LTE.RAN.Mobility.ConnMode.EUTRA.A1MeasureCtrl.{i}.Enable | C40: Device.Services.FAPService.{i}.CellConfig.LTE.RAN.Mobility.ConnMode.EUTRA.A1MeasureCtrl.{i}.Enable | D40: Enable | E40: 使能开关 | F40: CB | I40: RW | J40: boolean | K40: 是否启用该表项 | N40: 新增使能开关
B41: InternetGatewayDevice.Services.FAPService.{i}.CellConfig.LTE.RAN.Mobility.ConnMode.EUTRA.A1MeasureCtrl.{i}.A1ThresholdRSRP | C41: Device.Services.FAPService.{i}.CellConfig.LTE.RAN.Mobility.ConnMode.EUTRA.A1MeasureCtrl.{i}.A1ThresholdRSRP | D41: A1ThresholdRSRP | E41: A1事件RSRP门限 | F41: CB | I41: RW | J41: unsignedInt[0:97] | K41: 用于EUTRA测量中,触发量为RSRP时,A1事件触发条件的绝对门限
B42: InternetGatewayDevice.Services.FAPService.{i}.CellConfig.LTE.RAN.Mobility.ConnMode.EUTRA.A1MeasureCtrl.{i}.A1ThresholdRSRQ | C42: Device.Services.FAPService.{i}.CellConfig.LTE.RAN.Mobility.ConnMode.EUTRA.A1MeasureCtrl.{i}.A1ThresholdRSRQ | D42: A1ThresholdRSRQ | E42: A1事件RSRQ门限 | F42: CB | I42: RW | J42: unsignedInt[0:34] | K42: 用于EUTRA测量中,触发量为RSRQ时,A1事件触发条件的绝对门限
B43: InternetGatewayDevice.Services.FAPService.{i}.CellConfig.LTE.RAN.Mobility.ConnMode.EUTRA.A1MeasureCtrl.{i}.Hysteresis | C43: Device.Services.FAPService.{i}.CellConfig.LTE.RAN.Mobility.ConnMode.EUTRA.A1MeasureCtrl.{i}.Hysteresis | D43: Hysteresis | E43: 迟滞值 | F43: CB | I43: RW | J43: unsignedInt[0:30] | K43: 进入和离开上报触发事件条件的滞后值
B44: InternetGatewayDevice.Services.FAPService.{i}.CellConfig.LTE.RAN.Mobility.ConnMode.EUTRA.A1MeasureCtrl.{i}.MaxReportCells | C44: Device.Services.FAPService.{i}.CellConfig.LTE.RAN.Mobility.ConnMode.EUTRA.A1MeasureCtrl.{i}.MaxReportCells | D44: MaxReportCells | E44: 最大上报小区数 | F44: CB | I44: RW | J44: unsignedInt[1:8] | K44: 测量报告中包含小区的最大数目
B45: InternetGatewayDevice.Services.FAPService.{i}.CellConfig.LTE.RAN.Mobility.ConnMode.EUTRA.A1MeasureCtrl.{i}.MeasurePurpose | C45: Device.Services.FAPService.{i}.CellConfig.LTE.RAN.Mobility.ConnMode.EUTRA.A1MeasureCtrl.{i}.MeasurePurpose | D45: MeasurePurpose | E45: 测量目的 | F45: CB | I45: R | J45: unsignedInt[1:100] | K45: 用于表明当前配置事件的使用目的，厂家自定义测量事件从10开始定义 | N45: 对测量目的增加描述，属性改为只读
B46: InternetGatewayDevice.Services.FAPService.{i}.CellConfig.LTE.RAN.Mobility.ConnMode.EUTRA.A1MeasureCtrl.{i}.ReportAmount | C46: Device.Services.FAPService.{i}.CellConfig.LTE.RAN.Mobility.ConnMode.EUTRA.A1MeasureCtrl.{i}.ReportAmount | D46: ReportAmount | E46: 上报次数 | F46: CB | I46: RW | J46: unsignedInt[0:2, 4, 8, 16, 32, 64] | K46: 测量报告发送的次数，0表示无限次
B47: InternetGatewayDevice.Services.FAPService.{i}.CellConfig.LTE.RAN.Mobility.ConnMode.EUTRA.A1MeasureCtrl.{i}.ReportInterval | C47: Device.Services.FAPService.{i}.CellConfig.LTE.RAN.Mobility.ConnMode.EUTRA.A1MeasureCtrl.{i}.ReportInterval | D47: ReportInterval | E47: 上报间隔 | F47: CB | I47: RW | J47: unsignedInt[120, 240, 480, 640, 1024, 2048, 5120, 10240, 60000, 360000, 720000, 1800000, 3600000] | K47: 连续测量报告之间的间隔，单位ms
B48: InternetGatewayDevice.Services.FAPService.{i}.CellConfig.LTE.RAN.Mobility.ConnMode.EUTRA.A1MeasureCtrl.{i}.ReportQuantity | C48: Device.Services.FAPService.{i}.CellConfig.LTE.RAN.Mobility.ConnMode.EUTRA.A1MeasureCtrl.{i}.ReportQuantity | D48: ReportQuantity | E48: 上报量 | F48: CB | I48: RW | J48: string | K48: 测量报告中的上报量(sameAsTriggerQuantity, both)
B49: InternetGatewayDevice.Services.FAPService.{i}.CellConfig.LTE.RAN.Mobility.ConnMode.EUTRA.A1MeasureCtrl.{i}.TimeToTrigger | C49: Device.Services.FAPService.{i}.CellConfig.LTE.RAN.Mobility.ConnMode.EUTRA.A1MeasureCtrl.{i}.TimeToTrigger | D49: TimeToTrigger | E49: 触发时间 | F49: CB | I49: RW | J49: unsignedInt[0,40, 64, 80,100,128, 160,256,320, 480, 512, 640, 1024,1280,2560,5120] | K49: 为了满足触发RAT测量报告,触发条件持续的时间，单位ms
B50: InternetGatewayDevice.Services.FAPService.{i}.CellConfig.LTE.RAN.Mobility.ConnMode.EUTRA.A1MeasureCtrl.{i}.TriggerQuantity | C50: Device.Services.FAPService.{i}.CellConfig.LTE.RAN.Mobility.ConnMode.EUTRA.A1MeasureCtrl.{i}.TriggerQuantity | D50: TriggerQuantity | E50: 触发量 | F50: CB | I50: RW | J50: string | K50: 用来评估触发条件的事件触发量(RSRP, RSRQ)
A51: A2事件测量控制参数 | B51: InternetGatewayDevice.Services.FAPService.{i}.CellConfig.LTE.RAN.Mobility.ConnMode.EUTRA.A2MeasureCtrl.1.Enable | C51: Device.Services.FAPService.{i}.CellConfig.LTE.RAN.Mobility.ConnMode.EUTRA.A2MeasureCtrl.1.Enable | D51: Enable | E51: 使能开关 | F51: A | I51: RW | J51: boolean | K51: 是否启用该表项 | M51: 参数路径中最后一个多实例节点（{i}）序号1～10为系统保留段，若厂商对A2测量事件有其它用途，则从A2MeasureCtrl.11.开始定义 | N51: 新增使能开关
B52: InternetGatewayDevice.Services.FAPService.{i}.CellConfig.LTE.RAN.Mobility.ConnMode.EUTRA.A2MeasureCtrl.1.A2ThresholdRSRP | C52: Device.Services.FAPService.{i}.CellConfig.LTE.RAN.Mobility.ConnMode.EUTRA.A2MeasureCtrl.1.A2ThresholdRSRP | D52: A2ThresholdRSRP | E52: A2事件RSRP门限 | F52: A | H52: A2ThresholdInterFCov | I52: RW | J52: unsignedInt[0:97] | K52: 用于EUTRA测量中,触发量为RSRP时,A2事件触发条件的绝对门限 | L52: NRM数据配置要求
B53: InternetGatewayDevice.Services.FAPService.{i}.CellConfig.LTE.RAN.Mobility.ConnMode.EUTRA.A2MeasureCtrl.1.A2ThresholdRSRQ | C53: Device.Services.FAPService.{i}.CellConfig.LTE.RAN.Mobility.ConnMode.EUTRA.A2MeasureCtrl.1.A2ThresholdRSRQ | D53: A2ThresholdRSRQ | E53: A2事件RSRQ门限 | F53: A | H53: A2ThresholdInterFCov | I53: RW | J53: unsignedInt[0:34] | K53: 用于EUTRA测量中,触发量为RSRQ时,A2事件触发条件的绝对门限
B54: InternetGatewayDevice.Services.FAPService.{i}.CellConfig.LTE.RAN.Mobility.ConnMode.EUTRA.A2MeasureCtrl.1.Hysteresis | C54: Device.Services.FAPService.{i}.CellConfig.LTE.RAN.Mobility.ConnMode.EUTRA.A2MeasureCtrl.1.Hysteresis | D54: Hysteresis | E54: 迟滞值 | F54: A | H54: A2HysteresisInterFCov | I54: RW | J54: unsignedInt[0:30] | K54: 进入和离开上报触发事件条件的滞后值
B55: InternetGatewayDevice.Services.FAPService.{i}.CellConfig.LTE.RAN.Mobility.ConnMode.EUTRA.A2MeasureCtrl.1.MaxReportCells | C55: Device.Services.FAPService.{i}.CellConfig.LTE.RAN.Mobility.ConnMode.EUTRA.A2MeasureCtrl.1.MaxReportCells | D55: MaxReportCells | E55: 最大上报小区数 | F55: A | H55: / | I55: RW | J55: unsignedInt[1:8] | K55: 测量报告中包含小区的最大数目
B56: InternetGatewayDevice.Services.FAPService.{i}.CellConfig.LTE.RAN.Mobility.ConnMode.EUTRA.A2MeasureCtrl.1.MeasurePurpose | C56: Device.Services.FAPService.{i}.CellConfig.LTE.RAN.Mobility.ConnMode.EUTRA.A2MeasureCtrl.1.MeasurePurpose | D56: MeasurePurpose | E56: 测量目的 | F56: A | H56: / | I56: R | J56: unsignedInt[1:100] | K56: 用于表明当前配置事件的使用目的，本字段取值固定为： (1=异频测量) | N56: 对测量目的增加描述
B57: InternetGatewayDevice.Services.FAPService.{i}.CellConfig.LTE.RAN.Mobility.ConnMode.EUTRA.A2MeasureCtrl.1.ReportAmount | C57: Device.Services.FAPService.{i}.CellConfig.LTE.RAN.Mobility.ConnMode.EUTRA.A2MeasureCtrl.1.ReportAmount | D57: ReportAmount | E57: 上报次数 | F57: A | H57: / | I57: RW | J57: unsignedInt[0:2, 4, 8, 16, 32, 64] | K57: 测量报告发送的次数，0表示无限次
B58: InternetGatewayDevice.Services.FAPService.{i}.CellConfig.LTE.RAN.Mobility.ConnMode.EUTRA.A2MeasureCtrl.1.ReportInterval | C58: Device.Services.FAPService.{i}.CellConfig.LTE.RAN.Mobility.ConnMode.EUTRA.A2MeasureCtrl.1.ReportInterval | D58: ReportInterval | E58: 上报间隔 | F58: A | H58: / | I58: RW | J58: unsignedInt[120, 240, 480, 640, 1024, 2048, 5120, 10240, 60000, 360000, 720000, 1800000, 3600000] | K58: 连续测量报告之间的上报间隔
B59: InternetGatewayDevice.Services.FAPService.{i}.CellConfig.LTE.RAN.Mobility.ConnMode.EUTRA.A2MeasureCtrl.1.ReportQuantity | C59: Device.Services.FAPService.{i}.CellConfig.LTE.RAN.Mobility.ConnMode.EUTRA.A2MeasureCtrl.1.ReportQuantity | D59: ReportQuantity | E59: 上报量 | F59: A | H59: A2ReportQuantityInterFCov | I59: RW | J59: string | K59: 测量报告中的上报量(sameAsTriggerQuantity, both)
B60: InternetGatewayDevice.Services.FAPService.{i}.CellConfig.LTE.RAN.Mobility.ConnMode.EUTRA.A2MeasureCtrl.1.TimeToTrigger | C60: Device.Services.FAPService.{i}.CellConfig.LTE.RAN.Mobility.ConnMode.EUTRA.A2MeasureCtrl.1.TimeToTrigger | D60: TimeToTrigger | E60: 触发时间 | F60: A | H60: A2TimeToTriggerInterFCov | I60: RW | J60: unsignedInt[0,40, 64, 80,100,128, 160,256,320, 480, 512, 640, 1024,1280,2560,5120] | K60: 为了满足触发RAT测量报告触发条件持续的时间，单位ms
B61: InternetGatewayDevice.Services.FAPService.{i}.CellConfig.LTE.RAN.Mobility.ConnMode.EUTRA.A2MeasureCtrl.1.TriggerQuantity | C61: Device.Services.FAPService.{i}.CellConfig.LTE.RAN.Mobility.ConnMode.EUTRA.A2MeasureCtrl.1.TriggerQuantity | D61: TriggerQuantity | E61: 触发量 | F61: A | H61: A2TriggerQuantityInterFCov | I61: RW | J61: string | K61: 用来评估触发条件测量报告的数量
B62: InternetGatewayDevice.Services.FAPService.{i}.CellConfig.LTE.RAN.Mobility.ConnMode.EUTRA.A2MeasureCtrl.2.Enable | C62: Device.Services.FAPService.{i}.CellConfig.LTE.RAN.Mobility.ConnMode.EUTRA.A2MeasureCtrl.2.Enable | D62: Enable | E62: 使能开关 | F62: A | I62: RW | J62: boolean | K62: 是否启用该表项 | N62: 新增使能开关
B63: InternetGatewayDevice.Services.FAPService.{i}.CellConfig.LTE.RAN.Mobility.ConnMode.EUTRA.A2MeasureCtrl.2.A2ThresholdRSRP | C63: Device.Services.FAPService.{i}.CellConfig.LTE.RAN.Mobility.ConnMode.EUTRA.A2MeasureCtrl.2.A2ThresholdRSRP | D63: A2ThresholdRSRP | E63: A2事件RSRP门限 | F63: A | H63: A2ThresholdUtraCov | I63: RW | J63: unsignedInt[0:97] | K63: 用于EUTRA测量中,触发量为RSRP时,A2事件触发条件的绝对门限
B64: InternetGatewayDevice.Services.FAPService.{i}.CellConfig.LTE.RAN.Mobility.ConnMode.EUTRA.A2MeasureCtrl.2.A2ThresholdRSRQ | C64: Device.Services.FAPService.{i}.CellConfig.LTE.RAN.Mobility.ConnMode.EUTRA.A2MeasureCtrl.2.A2ThresholdRSRQ | D64: A2ThresholdRSRQ | E64: A2事件RSRQ门限 | F64: A | H64: A2ThresholdUtraCov | I64: RW | J64: unsignedInt[0:34] | K64: 用于EUTRA测量中,触发量为RSRQ时,A2事件触发条件的绝对门限
B65: InternetGatewayDevice.Services.FAPService.{i}.CellConfig.LTE.RAN.Mobility.ConnMode.EUTRA.A2MeasureCtrl.2.Hysteresis | C65: Device.Services.FAPService.{i}.CellConfig.LTE.RAN.Mobility.ConnMode.EUTRA.A2MeasureCtrl.2.Hysteresis | D65: Hysteresis | E65: 迟滞值 | F65: A | H65: A2HysteresisUtraCov | I65: RW | J65: unsignedInt[0:30] | K65: 进入和离开上报触发事件条件的滞后值
B66: InternetGatewayDevice.Services.FAPService.{i}.CellConfig.LTE.RAN.Mobility.ConnMode.EUTRA.A2MeasureCtrl.2.MaxReportCells | C66: Device.Services.FAPService.{i}.CellConfig.LTE.RAN.Mobility.ConnMode.EUTRA.A2MeasureCtrl.2.MaxReportCells | D66: MaxReportCells | E66: 最大上报小区数 | F66: A | H66: / | I66: RW | J66: unsignedInt[1:8] | K66: 测量报告中包含小区的最大数目
B67: InternetGatewayDevice.Services.FAPService.{i}.CellConfig.LTE.RAN.Mobility.ConnMode.EUTRA.A2MeasureCtrl.2.MeasurePurpose | C67: Device.Services.FAPService.{i}.CellConfig.LTE.RAN.Mobility.ConnMode.EUTRA.A2MeasureCtrl.2.MeasurePurpose | D67: MeasurePurpose | E67: 测量目的 | F67: A | H67: / | I67: R | J67: unsignedInt[1:100] | K67: 用于表明当前配置事件的使用目的，本字段取值固定为： (2=异系统UTRA测量) | N67: 对测量目的增加描述
B68: InternetGatewayDevice.Services.FAPService.{i}.CellConfig.LTE.RAN.Mobility.ConnMode.EUTRA.A2MeasureCtrl.2.ReportAmount | C68: Device.Services.FAPService.{i}.CellConfig.LTE.RAN.Mobility.ConnMode.EUTRA.A2MeasureCtrl.2.ReportAmount | D68: ReportAmount | E68: 上报次数 | F68: A | H68: / | I68: RW | J68: unsignedInt[0:2, 4, 8, 16, 32, 64] | K68: 测量报告发送的次数，0表示无限次
B69: InternetGatewayDevice.Services.FAPService.{i}.CellConfig.LTE.RAN.Mobility.ConnMode.EUTRA.A2MeasureCtrl.2.ReportInterval | C69: Device.Services.FAPService.{i}.CellConfig.LTE.RAN.Mobility.ConnMode.EUTRA.A2MeasureCtrl.2.ReportInterval | D69: ReportInterval | E69: 上报间隔 | F69: A | H69: / | I69: RW | J69: unsignedInt[120, 240, 480, 640, 1024, 2048, 5120, 10240, 60000, 360000, 720000, 1800000, 3600000] | K69: 连续测量报告之间的上报间隔
B70: InternetGatewayDevice.Services.FAPService.{i}.CellConfig.LTE.RAN.Mobility.ConnMode.EUTRA.A2MeasureCtrl.2.ReportQuantity | C70: Device.Services.FAPService.{i}.CellConfig.LTE.RAN.Mobility.ConnMode.EUTRA.A2MeasureCtrl.2.ReportQuantity | D70: ReportQuantity | E70: 上报量 | F70: A | H70: A2ReportQuantityUtraCov | I70: RW | J70: string | K70: 测量报告中的上报量（sameAsTriggerQuantity,both）
B71: InternetGatewayDevice.Services.FAPService.{i}.CellConfig.LTE.RAN.Mobility.ConnMode.EUTRA.A2MeasureCtrl.2.TimeToTrigger | C71: Device.Services.FAPService.{i}.CellConfig.LTE.RAN.Mobility.ConnMode.EUTRA.A2MeasureCtrl.2.TimeToTrigger | D71: TimeToTrigger | E71: 触发时间 | F71: A | H71: A2TimeToTriggerUtraCov | I71: RW | J71: unsignedInt[0,40, 64, 80,100,128, 160,256,320, 480, 512, 640, 1024,1280,2560,5120] | K71: 为了满足触发RAT测量报告触发条件持续的时间，单位ms
B72: InternetGatewayDevice.Services.FAPService.{i}.CellConfig.LTE.RAN.Mobility.ConnMode.EUTRA.A2MeasureCtrl.2.TriggerQuantity | C72: Device.Services.FAPService.{i}.CellConfig.LTE.RAN.Mobility.ConnMode.EUTRA.A2MeasureCtrl.2.TriggerQuantity | D72: TriggerQuantity | E72: 触发量 | F72: A | H72: A2TriggerQuantityUtraCov | I72: RW | J72: string | K72: 用来评估触发条件测量报告的数量（RSRP, RSRQ）
B73: InternetGatewayDevice.Services.FAPService.{i}.CellConfig.LTE.RAN.Mobility.ConnMode.EUTRA.A2MeasureCtrl.3.Enable | C73: Device.Services.FAPService.{i}.CellConfig.LTE.RAN.Mobility.ConnMode.EUTRA.A2MeasureCtrl.3.Enable | D73: Enable | E73: 使能开关 | F73: A | I73: RW | J73: boolean | K73: 是否启用该表项 | N73: 新增使能开关
B74: InternetGatewayDevice.Services.FAPService.{i}.CellConfig.LTE.RAN.Mobility.ConnMode.EUTRA.A2MeasureCtrl.3.A2ThresholdRSRP | C74: Device.Services.FAPService.{i}.CellConfig.LTE.RAN.Mobility.ConnMode.EUTRA.A2MeasureCtrl.3.A2ThresholdRSRP | D74: A2ThresholdRSRP | E74: A2事件RSRP门限 | F74: A | H74: A2ThresholdGeranCov | I74: RW | J74: unsignedInt[0:97] | K74: 用于EUTRA测量中,触发量为RSRP时,A2事件触发条件的绝对门限
B75: InternetGatewayDevice.Services.FAPService.{i}.CellConfig.LTE.RAN.Mobility.ConnMode.EUTRA.A2MeasureCtrl.3.A2ThresholdRSRQ | C75: Device.Services.FAPService.{i}.CellConfig.LTE.RAN.Mobility.ConnMode.EUTRA.A2MeasureCtrl.3.A2ThresholdRSRQ | D75: A2ThresholdRSRQ | E75: A2事件RSRQ门限 | F75: A | H75: A2ThresholdGeranCov | I75: RW | J75: unsignedInt[0:34] | K75: 用于EUTRA测量中,触发量为RSRQ时,A2事件触发条件的绝对门限
B76: InternetGatewayDevice.Services.FAPService.{i}.CellConfig.LTE.RAN.Mobility.ConnMode.EUTRA.A2MeasureCtrl.3.Hysteresis | C76: Device.Services.FAPService.{i}.CellConfig.LTE.RAN.Mobility.ConnMode.EUTRA.A2MeasureCtrl.3.Hysteresis | D76: Hysteresis | E76: 迟滞值 | F76: A | H76: A2HysteresisGeranCov | I76: RW | J76: unsignedInt[0:30] | K76: 进入和离开上报触发事件条件的滞后值
B77: InternetGatewayDevice.Services.FAPService.{i}.CellConfig.LTE.RAN.Mobility.ConnMode.EUTRA.A2MeasureCtrl.3.MaxReportCells | C77: Device.Services.FAPService.{i}.CellConfig.LTE.RAN.Mobility.ConnMode.EUTRA.A2MeasureCtrl.3.MaxReportCells | D77: MaxReportCells | E77: 最大上报小区数 | F77: A | H77: / | I77: RW | J77: unsignedInt[1:8] | K77: 测量报告中包含小区的最大数目
B78: InternetGatewayDevice.Services.FAPService.{i}.CellConfig.LTE.RAN.Mobility.ConnMode.EUTRA.A2MeasureCtrl.3.MeasurePurpose | C78: Device.Services.FAPService.{i}.CellConfig.LTE.RAN.Mobility.ConnMode.EUTRA.A2MeasureCtrl.3.MeasurePurpose | D78: MeasurePurpose | E78: 测量目的 | F78: A | H78: / | I78: R | J78: unsignedInt[1:100] | K78: 用于表明当前配置事件的使用目的，本字段取值固定为： (3=异系统GERAN测量) | N78: 对测量目的增加描述
B79: InternetGatewayDevice.Services.FAPService.{i}.CellConfig.LTE.RAN.Mobility.ConnMode.EUTRA.A2MeasureCtrl.3.ReportAmount | C79: Device.Services.FAPService.{i}.CellConfig.LTE.RAN.Mobility.ConnMode.EUTRA.A2MeasureCtrl.3.ReportAmount | D79: ReportAmount | E79: 上报次数 | F79: A | H79: / | I79: RW | J79: unsignedInt[0:2, 4, 8, 16, 32, 64] | K79: 测量报告发送的次数，0表示无限次
B80: InternetGatewayDevice.Services.FAPService.{i}.CellConfig.LTE.RAN.Mobility.ConnMode.EUTRA.A2MeasureCtrl.3.ReportInterval | C80: Device.Services.FAPService.{i}.CellConfig.LTE.RAN.Mobility.ConnMode.EUTRA.A2MeasureCtrl.3.ReportInterval | D80: ReportInterval | E80: 上报间隔 | F80: A | H80: / | I80: RW | J80: unsignedInt[120, 240, 480, 640, 1024, 2048, 5120, 10240, 60000, 360000, 720000, 1800000, 3600000] | K80: 连续测量报告之间的上报间隔
B81: InternetGatewayDevice.Services.FAPService.{i}.CellConfig.LTE.RAN.Mobility.ConnMode.EUTRA.A2MeasureCtrl.3.ReportQuantity | C81: Device.Services.FAPService.{i}.CellConfig.LTE.RAN.Mobility.ConnMode.EUTRA.A2MeasureCtrl.3.ReportQuantity | D81: ReportQuantity | E81: 上报量 | F81: A | H81: A2ReportQuantityGeranCov | I81: RW | J81: string | K81: 测量报告中的上报量（sameAsTriggerQuantity,both）
B82: InternetGatewayDevice.Services.FAPService.{i}.CellConfig.LTE.RAN.Mobility.ConnMode.EUTRA.A2MeasureCtrl.3.TimeToTrigger | C82: Device.Services.FAPService.{i}.CellConfig.LTE.RAN.Mobility.ConnMode.EUTRA.A2MeasureCtrl.3.TimeToTrigger | D82: TimeToTrigger | E82: 触发时间 | F82: A | H82: A2TimeToTriggerGeranCov | I82: RW | J82: unsignedInt[0,40, 64, 80,100,128, 160,256,320, 480, 512, 640, 1024,1280,2560,5120] | K82: 为了满足触发RAT测量报告触发条件持续的时间，单位ms
B83: InternetGatewayDevice.Services.FAPService.{i}.CellConfig.LTE.RAN.Mobility.ConnMode.EUTRA.A2MeasureCtrl.3.TriggerQuantity | C83: Device.Services.FAPService.{i}.CellConfig.LTE.RAN.Mobility.ConnMode.EUTRA.A2MeasureCtrl.3.TriggerQuantity | D83: TriggerQuantity | E83: 触发量 | F83: A | H83: A2TriggerQuantityGeranCov | I83: RW | J83: string | K83: 用来评估触发条件测量报告的数量（RSRP, RSRQ）
B84: InternetGatewayDevice.Services.FAPService.{i}.CellConfig.LTE.RAN.Mobility.ConnMode.EUTRA.A2MeasureCtrl.4.Enable | C84: Device.Services.FAPService.{i}.CellConfig.LTE.RAN.Mobility.ConnMode.EUTRA.A2MeasureCtrl.4.Enable | D84: Enable | E84: 使能开关 | F84: A | I84: RW | J84: boolean | K84: 是否启用该表项 | N84: 新增使能开关
B85: InternetGatewayDevice.Services.FAPService.{i}.CellConfig.LTE.RAN.Mobility.ConnMode.EUTRA.A2MeasureCtrl.4.A2ThresholdRSRP | C85: Device.Services.FAPService.{i}.CellConfig.LTE.RAN.Mobility.ConnMode.EUTRA.A2MeasureCtrl.4.A2ThresholdRSRP | D85: A2ThresholdRSRP | E85: A2事件RSRP门限 | F85: A | H85: A2ThresholdBlindUtraCov | I85: RW | J85: unsignedInt[0:97] | K85: 用于EUTRA测量中,触发量为RSRP时,A2事件触发条件的绝对门限
B86: InternetGatewayDevice.Services.FAPService.{i}.CellConfig.LTE.RAN.Mobility.ConnMode.EUTRA.A2MeasureCtrl.4.A2ThresholdRSRQ | C86: Device.Services.FAPService.{i}.CellConfig.LTE.RAN.Mobility.ConnMode.EUTRA.A2MeasureCtrl.4.A2ThresholdRSRQ | D86: A2ThresholdRSRQ | E86: A2事件RSRQ门限 | F86: A | H86: A2ThresholdBlindUtraCov | I86: RW | J86: unsignedInt[0:34] | K86: 用于EUTRA测量中,触发量为RSRQ时,A2事件触发条件的绝对门限
B87: InternetGatewayDevice.Services.FAPService.{i}.CellConfig.LTE.RAN.Mobility.ConnMode.EUTRA.A2MeasureCtrl.4.Hysteresis | C87: Device.Services.FAPService.{i}.CellConfig.LTE.RAN.Mobility.ConnMode.EUTRA.A2MeasureCtrl.4.Hysteresis | D87: Hysteresis | E87: 迟滞值 | F87: A | H87: A2HysteresisBlindUtraCov | I87: RW | J87: unsignedInt[0:30] | K87: 进入和离开上报触发事件条件的滞后值
B88: InternetGatewayDevice.Services.FAPService.{i}.CellConfig.LTE.RAN.Mobility.ConnMode.EUTRA.A2MeasureCtrl.4.MaxReportCells | C88: Device.Services.FAPService.{i}.CellConfig.LTE.RAN.Mobility.ConnMode.EUTRA.A2MeasureCtrl.4.MaxReportCells | D88: MaxReportCells | E88: 最大上报小区数 | F88: A | H88: / | I88: RW | J88: unsignedInt[1:8] | K88: 测量报告中包含小区的最大数目 | N88: 对测量目的增加描述
B89: InternetGatewayDevice.Services.FAPService.{i}.CellConfig.LTE.RAN.Mobility.ConnMode.EUTRA.A2MeasureCtrl.4.MeasurePurpose | C89: Device.Services.FAPService.{i}.CellConfig.LTE.RAN.Mobility.ConnMode.EUTRA.A2MeasureCtrl.4.MeasurePurpose | D89: MeasurePurpose | E89: 测量目的 | F89: A | H89: / | I89: R | J89: unsignedInt[1:100] | K89: 用于表明当前配置事件的使用目的，本字段取值固定为： (4=异系统UTRA盲重定向)
B90: InternetGatewayDevice.Services.FAPService.{i}.CellConfig.LTE.RAN.Mobility.ConnMode.EUTRA.A2MeasureCtrl.4.ReportAmount | C90: Device.Services.FAPService.{i}.CellConfig.LTE.RAN.Mobility.ConnMode.EUTRA.A2MeasureCtrl.4.ReportAmount | D90: ReportAmount | E90: 上报次数 | F90: A | H90: / | I90: RW | J90: unsignedInt[0:2, 4, 8, 16, 32, 64] | K90: 测量报告发送的次数，0表示无限次
B91: InternetGatewayDevice.Services.FAPService.{i}.CellConfig.LTE.RAN.Mobility.ConnMode.EUTRA.A2MeasureCtrl.4.ReportInterval | C91: Device.Services.FAPService.{i}.CellConfig.LTE.RAN.Mobility.ConnMode.EUTRA.A2MeasureCtrl.4.ReportInterval | D91: ReportInterval | E91: 上报间隔 | F91: A | H91: / | I91: RW | J91: unsignedInt[120, 240, 480, 640, 1024, 2048, 5120, 10240, 60000, 360000, 720000, 1800000, 3600000] | K91: 连续测量报告之间的上报间隔
B92: InternetGatewayDevice.Services.FAPService.{i}.CellConfig.LTE.RAN.Mobility.ConnMode.EUTRA.A2MeasureCtrl.4.ReportQuantity | C92: Device.Services.FAPService.{i}.CellConfig.LTE.RAN.Mobility.ConnMode.EUTRA.A2MeasureCtrl.4.ReportQuantity | D92: ReportQuantity | E92: 上报量 | F92: A | H92: A2ReportQuantityBlindUtraCov | I92: RW | J92: string | K92: 测量报告中的上报量（sameAsTriggerQuantity,both）
B93: InternetGatewayDevice.Services.FAPService.{i}.CellConfig.LTE.RAN.Mobility.ConnMode.EUTRA.A2MeasureCtrl.4.TimeToTrigger | C93: Device.Services.FAPService.{i}.CellConfig.LTE.RAN.Mobility.ConnMode.EUTRA.A2MeasureCtrl.4.TimeToTrigger | D93: TimeToTrigger | E93: 触发时间 | F93: A | H93: A2TimeToTriggerBlindUtraCov | I93: RW | J93: unsignedInt[0,40, 64, 80,100,128, 160,256,320, 480, 512, 640, 1024,1280,2560,5120] | K93: 为了满足触发RAT测量报告触发条件持续的时间，单位ms
B94: InternetGatewayDevice.Services.FAPService.{i}.CellConfig.LTE.RAN.Mobility.ConnMode.EUTRA.A2MeasureCtrl.4.TriggerQuantity | C94: Device.Services.FAPService.{i}.CellConfig.LTE.RAN.Mobility.ConnMode.EUTRA.A2MeasureCtrl.4.TriggerQuantity | D94: TriggerQuantity | E94: 触发量 | F94: A | H94: A2TriggerQuantityBlindUtraCov | I94: RW | J94: string | K94: 用来评估触发条件测量报告的数量（RSRP, RSRQ）
B95: InternetGatewayDevice.Services.FAPService.{i}.CellConfig.LTE.RAN.Mobility.ConnMode.EUTRA.A2MeasureCtrl.5.Enable | C95: Device.Services.FAPService.{i}.CellConfig.LTE.RAN.Mobility.ConnMode.EUTRA.A2MeasureCtrl.5.Enable | D95: Enable | E95: 使能开关 | F95: A | I95: RW | J95: boolean | K95: 是否启用该表项 | N95: 新增使能开关
B96: InternetGatewayDevice.Services.FAPService.{i}.CellConfig.LTE.RAN.Mobility.ConnMode.EUTRA.A2MeasureCtrl.5.A2ThresholdRSRP | C96: Device.Services.FAPService.{i}.CellConfig.LTE.RAN.Mobility.ConnMode.EUTRA.A2MeasureCtrl.5.A2ThresholdRSRP | D96: A2ThresholdRSRP | E96: A2事件RSRP门限 | F96: A | H96: A2ThresholdBlindGeranCov | I96: RW | J96: unsignedInt[0:97] | K96: 用于EUTRA测量中,触发量为RSRP时,A2事件触发条件的绝对门限
B97: InternetGatewayDevice.Services.FAPService.{i}.CellConfig.LTE.RAN.Mobility.ConnMode.EUTRA.A2MeasureCtrl.5.A2ThresholdRSRQ | C97: Device.Services.FAPService.{i}.CellConfig.LTE.RAN.Mobility.ConnMode.EUTRA.A2MeasureCtrl.5.A2ThresholdRSRQ | D97: A2ThresholdRSRQ | E97: A2事件RSRQ门限 | F97: A | H97: A2ThresholdBlindGeranCov | I97: RW | J97: unsignedInt[0:34] | K97: 用于EUTRA测量中,触发量为RSRQ时,A2事件触发条件的绝对门限
B98: InternetGatewayDevice.Services.FAPService.{i}.CellConfig.LTE.RAN.Mobility.ConnMode.EUTRA.A2MeasureCtrl.5.Hysteresis | C98: Device.Services.FAPService.{i}.CellConfig.LTE.RAN.Mobility.ConnMode.EUTRA.A2MeasureCtrl.5.Hysteresis | D98: Hysteresis | E98: 迟滞值 | F98: A | H98: A2HysteresisBlindGeranCov | I98: RW | J98: unsignedInt[0:30] | K98: 进入和离开上报触发事件条件的滞后值
B99: InternetGatewayDevice.Services.FAPService.{i}.CellConfig.LTE.RAN.Mobility.ConnMode.EUTRA.A2MeasureCtrl.5.MaxReportCells | C99: Device.Services.FAPService.{i}.CellConfig.LTE.RAN.Mobility.ConnMode.EUTRA.A2MeasureCtrl.5.MaxReportCells | D99: MaxReportCells | E99: 最大上报小区数 | F99: A | H99: / | I99: RW | J99: unsignedInt[1:8] | K99: 测量报告中包含小区的最大数目
B100: InternetGatewayDevice.Services.FAPService.{i}.CellConfig.LTE.RAN.Mobility.ConnMode.EUTRA.A2MeasureCtrl.5.MeasurePurpose | C100: Device.Services.FAPService.{i}.CellConfig.LTE.RAN.Mobility.ConnMode.EUTRA.A2MeasureCtrl.5.MeasurePurpose | D100: MeasurePurpose | E100: 测量目的 | F100: A | H100: / | I100: R | J100: unsignedInt[1:100] | K100: 用于表明当前配置事件的使用目的，本字段取值固定为： (5=异系统GERAN盲重定向) | N100: 对测量目的增加描述
...

Sheet SK
A1: 归类 | B1: 网管数据模型(TR098) | C1: 网管数据模型(TR181) | D1: 参数名称 | E1: 中文名称 | F1: 重要性 | G1: 北向Index | H1: 北向NRM参数映射 | I1: 网管读写权限 | J1: 类型 | K1: 描述 | L1: 来源 | M1: 备注
A2: SON参数管理 | B2: InternetGatewayDevice.Services.FAPService.{i}.FAPControl.LTE.SelfConfig.SONConfigParam.SONSysMode | C2: Device.Services.FAPService.{i}.FAPControl.LTE.SelfConfig.SONConfigParam.SONSysMode | D2: SONSysMode | E2: SON系统模式 | F2: A | H2: / | I2: RW | J2: string | K2: SON系统模式（分布式，集中式）,{Distributed，Centralized} | L2: NRM数据配置要求
B3: InternetGatewayDevice.Services.FAPService.{i}.FAPControl.LTE.SelfConfig.SONConfigParam.SONWorkMode | C3: Device.Services.FAPService.{i}.FAPControl.LTE.SelfConfig.SONConfigParam.SONWorkMode | D3: SONWorkMode | E3: SON模式设置 | F3: A | H3: / | I3: RW | J3: string | K3: 自优化模式（自由模式，受控模式）,{Free，Control}，自由模式下系统给出的参数优化建议无需人工确认，可直接执行；受控模式下系统给出的参数优化建议需要人工确认同意才可执行，否则（不同意或超时）不执行优化，保持原参数配置不变。
B4: InternetGatewayDevice.Services.FAPService.{i}.FAPControl.LTE.SelfConfig.SONConfigParam.PCIOptEnable | C4: Device.Services.FAPService.{i}.FAPControl.LTE.SelfConfig.SONConfigParam.PCIOptEnable | D4: PCIOptEnable | E4: PCI自优化算法开关 | F4: A | H4: PCIOptSwitch | I4: RW | J4: boolean | K4: PCI自优化算法开关,(0=false,1=true)
B5: InternetGatewayDevice.Services.FAPService.{i}.FAPControl.LTE.SelfConfig.SONConfigParam.PCIReconfigWaitTime | C5: Device.Services.FAPService.{i}.FAPControl.LTE.SelfConfig.SONConfigParam.PCIReconfigWaitTime | D5: PCIReconfigWaitTime | E5: PCI重配等待定时器 | F5: A | H5: PCIOptControlTimeout | I5: RW | J5: unsignedInt | K5: 表征PCI重配置等待时间，在PCI自优化阶段，该计时器超时后使用新的PCI
B6: InternetGatewayDevice.Services.FAPService.{i}.FAPControl.LTE.SelfConfig.SONConfigParam.CandidateARFCNList | C6: Device.Services.FAPService.{i}.FAPControl.LTE.SelfConfig.SONConfigParam.CandidateARFCNList | D6: CandidateARFCNList | E6: 候选频点列表 | F6: A | H6: / | I6: RW | J6: string(64) | K6: 候选频点列表
B7: InternetGatewayDevice.Services.FAPService.{i}.FAPControl.LTE.SelfConfig.SONConfigParam.CandidatePCIList | C7: Device.Services.FAPService.{i}.FAPControl.LTE.SelfConfig.SONConfigParam.CandidatePCIList | D7: CandidatePCIList | E7: 候选PCI列表 | F7: A | H7: PCICfgRange | I7: RW | J7: string(64) | K7: 候选PCI列表
B8: InternetGatewayDevice.Services.FAPService.{i}.FAPControl.LTE.SelfConfig.SONConfigParam.ANREnable | C8: Device.Services.FAPService.{i}.FAPControl.LTE.SelfConfig.SONConfigParam.ANREnable | D8: ANREnable | E8: ANR算法总开关 | F8: A | H8: ANROptSwitch | I8: RW | J8: boolean | K8: (0=false,1=true)，ANR算法总开关
B9: InternetGatewayDevice.Services.FAPService.{i}.FAPControl.LTE.SelfConfig.SONConfigParam.ANRInterFeqEnable | C9: Device.Services.FAPService.{i}.FAPControl.LTE.SelfConfig.SONConfigParam.ANRInterFeqEnable | D9: ANRInterFeqEnable | E9: E-UTRAN异频ANR算法开关 | F9: A | H9: ANRInterFeqSwitch | I9: RW | J9: boolean | K9: (0=false,1=true)，E-UTRAN异频ANR算法开关
B10: InternetGatewayDevice.Services.FAPService.{i}.FAPControl.LTE.SelfConfig.SONConfigParam.ANRGERANEnable | C10: Device.Services.FAPService.{i}.FAPControl.LTE.SelfConfig.SONConfigParam.ANRGERANEnable | D10: ANRGERANEnable | E10: GERAN异系统ANR算法开关 | F10: A | H10: ANRGERANSwitch | I10: RW | J10: boolean | K10: (0=false,1=true)，GERAN异系统ANR算法开关
B11: InternetGatewayDevice.Services.FAPService.{i}.FAPControl.LTE.SelfConfig.SONConfigParam.ANRUTRANEnable | C11: Device.Services.FAPService.{i}.FAPControl.LTE.SelfConfig.SONConfigParam.ANRUTRANEnable | D11: ANRUTRANEnable | E11: UTRAN异系统ANR算法开关 | F11: CA | H11: ANRUTRANSwitch | I11: RW | J11: boolean | K11: (0=false,1=true)，UTRAN异系统ANR算法开关
B12: InternetGatewayDevice.Services.FAPService.{i}.FAPControl.LTE.SelfConfig.SONConfigParam.ARFCNEnable | C12: Device.Services.FAPService.{i}.FAPControl.LTE.SelfConfig.SONConfigParam.ARFCNEnable | D12: ARFCNEnable | E12: 频点自配置算法开关 | F12: A | I12: RW | J12: boolean | K12: (0=false,1=true)，频点自配置算法开关 | M12: 扩展型一体化皮基站重要性为CB
B13: InternetGatewayDevice.Services.FAPService.{i}.FAPControl.LTE.SelfConfig.SONConfigParam.MaxLTENeighbourCellNum | C13: Device.Services.FAPService.{i}.FAPControl.LTE.SelfConfig.SONConfigParam.MaxLTENeighbourCellNum | D13: MaxLTENeighbourCellNum | E13: 最大LTE邻区数 | F13: A | H13: / | I13: RW | J13: unsignedInt | K13: 最大LTE邻区数
B14: InternetGatewayDevice.Services.FAPService.{i}.FAPControl.LTE.SelfConfig.SONConfigParam.MaxUTRANNeighbourCellNum | C14: Device.Services.FAPService.{i}.FAPControl.LTE.SelfConfig.SONConfigParam.MaxUTRANNeighbourCellNum | D14: MaxUTRANNeighbourCellNum | E14: 最大UTRAN邻区数 | F14: CA | H14: / | I14: RW | J14: unsignedInt | K14: 最大UTRAN邻区数
B15: InternetGatewayDevice.Services.FAPService.{i}.FAPControl.LTE.SelfConfig.SONConfigParam.MaxGRANNeighbourCellNum | C15: Device.Services.FAPService.{i}.FAPControl.LTE.SelfConfig.SONConfigParam.MaxGRANNeighbourCellNum | D15: MaxGERANNeighbourCellNum | E15: 最大GERAN邻区数 | F15: A | H15: / | I15: RW | J15: unsignedInt | K15: 最大GERAN邻区数
B16: InternetGatewayDevice.Services.FAPService.{i}.FAPControl.LTE.SelfConfig.SONConfigParam.ReSynCellEnable | C16: Device.Services.FAPService.{i}.FAPControl.LTE.SelfConfig.SONConfigParam.ReSynCellEnable | D16: ReSynCellEnable | E16: 重新同步小区使能开关 | F16: A | H16: / | I16: RW | J16: boolean | K16: (0=false,1=true),手动触发重新同步小区使能开关，取值为true时立即执行小区重新同步流程
B17: InternetGatewayDevice.Services.FAPService.{i}.FAPControl.LTE.SelfConfig.SONConfigParam.PowerEnable | C17: Device.Services.FAPService.{i}.FAPControl.LTE.SelfConfig.SONConfigParam.PowerEnable | D17: PowerEnable | E17: 功率自配置算法开关 | F17: B | H17: / | I17: RW | J17: boolean | K17: (0=false,1=true),基站发射功率自配值算法开关
B18: InternetGatewayDevice.Services.FAPService.{i}.FAPControl.LTE.SelfConfig.SONConfigParam.LTESnifferFreqBandList | C18: Device.Services.FAPService.{i}.FAPControl.LTE.SelfConfig.SONConfigParam.LTESnifferFreqBandList | D18: LTESnifferFreqBandList | E18: LTE侦听频段列表 | F18: CB | H18: / | I18: RW | J18: string(64) | K18: LTE侦听频段列表(188000..192000,257000..262000,230000..237000)频段随机组合（LTESnifferFreqBandList和LTESnifferChannelList二选一）
B19: InternetGatewayDevice.Services.FAPService.{i}.FAPControl.LTE.SelfConfig.SONConfigParam.LTESnifferChannelList | C19: Device.Services.FAPService.{i}.FAPControl.LTE.SelfConfig.SONConfigParam.LTESnifferChannelList | D19: LTESnifferChannelList | E19: LTE侦听频点列表 | F19: A | H19: / | I19: RW | J19: string(64) | K19: LTE侦听频点列表（ARFCN格式列表）（LTESnifferFreqBandList和LTESnifferChannelList二选一） | M19: 扩展型一体化皮基站重要性为CB
B20: InternetGatewayDevice.Services.FAPService.{i}.FAPControl.LTE.SelfConfig.SONConfigParam.GERANSnifferEnable | C20: Device.Services.FAPService.{i}.FAPControl.LTE.SelfConfig.SONConfigParam.GERANSnifferEnable | D20: GERANSnifferEnable | E20: GERAN侦听使能 | F20: A | H20: / | I20: RW | J20: boolean | K20: GERAN侦听功能开关,(0=false,1=true) | M20: 扩展型一体化皮基站重要性为CB
B21: InternetGatewayDevice.Services.FAPService.{i}.FAPControl.LTE.SelfConfig.SONConfigParam.GERANSnifferChannelList | C21: Device.Services.FAPService.{i}.FAPControl.LTE.SelfConfig.SONConfigParam.GERANSnifferChannelList | D21: GERANSnifferChannelList | E21: GERAN侦听频道号列表 | F21: A | H21: / | I21: RW | J21: string(256) | K21: GERAN侦听频道号列表 | M21: 扩展型一体化皮基站重要性为CB
B22: InternetGatewayDevice.Services.FAPService.{i}.FAPControl.LTE.SelfConfig.SONConfigParam.UTRANSnifferEnable | C22: Device.Services.FAPService.{i}.FAPControl.LTE.SelfConfig.SONConfigParam.UTRANSnifferEnable | D22: UTRANSnifferEnable | E22: UTRAN侦听使能 | F22: CA | H22: / | I22: RW | J22: boolean | K22: UTRAN侦听功能开关,(0=false,1=true) | M22: 扩展型一体化皮基站重要性为CB
B23: InternetGatewayDevice.Services.FAPService.{i}.FAPControl.LTE.SelfConfig.SONConfigParam.UTRANSnifferChannelList | C23: Device.Services.FAPService.{i}.FAPControl.LTE.SelfConfig.SONConfigParam.UTRANSnifferChannelList | D23: UTRANSnifferChannelList | E23: UTRAN侦听频道号列表 | F23: CA | H23: / | I23: RW | J23: string(256) | K23: UTRAN侦听频道号列表 | M23: 扩展型一体化皮基站重要性为CB
B24: InternetGatewayDevice.Services.FAPService.{i}.FAPControl.LTE.SelfConfig.SONConfigParam.MROEnable | C24: Device.Services.FAPService.{i}.FAPControl.LTE.SelfConfig.SONConfigParam.MROEnable | D24: MROEnable | E24: 邻区鲁棒性优化功能开关 | F24: B | H24: / | I24: RW | J24: boolean | K24: 邻区鲁棒性优化功能开关
B25: InternetGatewayDevice.Services.FAPService.{i}.FAPControl.LTE.SelfConfig.SONConfigParam.SHEnable | C25: Device.Services.FAPService.{i}.FAPControl.LTE.SelfConfig.SONConfigParam.SHEnable | D25: SHEnable | E25: 自治愈功能开关 | F25: B | H25: / | I25: RW | J25: boolean | K25: 自治愈功能开关
B26: InternetGatewayDevice.Services.FAPService.{i}.FAPControl.LTE.SelfConfig.SONConfigParam.SyncMode | C26: Device.Services.FAPService.{i}.FAPControl.LTE.SelfConfig.SONConfigParam.SyncMode | D26: SyncMode | E26: 时钟同步模式 | F26: A | G26: / | H26: / | I26: R | J26: string(64) | K26: 时钟同步模式，取值范围： GNSS IEEE1588V2 Sniffer Freedom | L26: 自定义

Sheet SL
A1: 归类 | B1: 网管数据模型(TR098) | C1: 网管数据模型(TR181) | D1: 参数名称 | E1: 中文名 | F1: 重要性 | G1: 北向Index | H1: 北向NRM参数映射 | I1: 网管读写权限 | J1: 类型 | K1: 描述 | L1: 来源 | M1: 备注
A2: WAN口配置参数管理 | B2: InternetGatewayDevice.WANDevice.{i}.WANEthernetInterfaceConfig.UserLabel | C2: Device.Ethernet.Interface.{i}.UserLabel | D2: UserLabel | E2: 用户友好名 | F2: A | G2: AO | H2: UserLabel | I2: RW | J2: string | K2: 字段必须与OMC系统内配置资源名称保持一致。且要求UserLabel与告警、性能数据中同一资源对象使用的网元用户友好名保持一致，即用户有好名在OMC内部以及北向接口交互过程中全局唯一。OMC系统内配置资源命名建议参考《中国移动网络资源命名规范-无线分册》，基站命名要求。默认不填写为空字符串 | L2: 技术规范_NanoCell eNB网元统计数据需求规范-NRM(V2.9.0)
B3: InternetGatewayDevice.WANDevice.{i}.WANEthernetInterfaceConfig.Enable | C3: Device.Ethernet.Interface.{i}.Enable | D3: Enable | E3: 启用或禁用该接 | F3: A | G3: AO、AY | H3: / | I3: RW | J3: boolean | K3: (0,1) | L3: TR系列规范(TR098/TR181)
B4: InternetGatewayDevice.WANDevice.{i}.WANEthernetInterfaceConfig.Status | C4: Device.Ethernet.Interface.{i}.Status | D4: Status | E4: 表明接口的状态 | F4: A | H4: / | I4: R | J4: string | K4: "Up","NoLink","Error","Disabled" | L4: TR系列规范(TR098/TR181)
B5: InternetGatewayDevice.WANDevice.{i}.WANEthernetInterfaceConfig.MACAddress | C5: Device.Ethernet.Interface.{i}.MACAddress | D5: MACAddress | E5: 接口的物理地址 | F5: A | H5: MacAddress | I5: R | J5: string(17) | K5: / | L5: TR系列规范(TR098/TR181)//NRM数据配置要求
B6: InternetGatewayDevice.WANDevice.{i}.WANEthernetInterfaceConfig.MaxBitRate | C6: Device.Ethernet.Interface.{i}.MaxBitRate | D6: MaxBitRate | E6: 该连接可用的最大速率模式 | F6: A | H6: PortRate | I6: RW | J6: string | K6: "10","100","1000","Auto" | L6: TR系列规范(TR098/TR181)/NRM数据配置要求
B7: InternetGatewayDevice.WANDevice.{i}.WANEthernetInterfaceConfig.SignTransMedia | C7: Device.Ethernet.Interface.{i}.SignTransMedia | D7: SignTransMedia | E7: 信号传送介质类型 | F7: A | H7: SignTransMedia | I7: R | J7: string | K7: /
B8: InternetGatewayDevice.WANDevice.{i}.WANEthernetInterfaceConfig.DuplexMode | C8: Device.Ethernet.Interface.{i}.DuplexMode | D8: DuplexMode | E8: 该连接使用的双工模式 | F8: A | H8: / | I8: RW | J8: string | K8: "Half","Full","Auto" | L8: TR系列规范(TR098/TR181)/NRM数据配置要求
B9: InternetGatewayDevice.WANDevice.{i}.WANEthernetInterfaceConfig.PortLocation | C9: Device.Ethernet.Interface.{i}.PortLocation | D9: PortLocation | E9: 端口位置 | F9: B | G9: AO | H9: PortLocation | I9: R | J9: string | K9: 由MU的实例号、端口号组成，例如，MU实例1的端口3表示为“1+3” | L9: 技术规范_NanoCell eNB网元统计数据需求规范-NRM(V2.9.0)
B10: InternetGatewayDevice.WANDevice.{i}.WANConnectionDevice.{i}.WANIPConnection.{i}.ExternalIPAddress | C10: Device.IP.Interface.{i}.IPv4Address.{i}.IPAddress | D10: IPAddress | E10: 外部IP 地址 | F10: A | H10: IpAddressList/LocIpAddrList | I10: RW | J10: string(15) | K10: / | L10: TR系列规范(TR098/TR181)/NRM数据配置要求
B11: InternetGatewayDevice.WANDevice.{i}.WANConnectionDevice.{i}.WANIPConnection.{i}.DefaultGateway | C11: Device.IP.Interface.{i}.IPv4Address.{i}.DefaultGateway | D11: DefaultGateway | E11: WAN 接口的默认网关 | F11: A | H11: / | I11: RW | J11: string(15) | K11: / | L11: TR系列规范(TR098/TR181)/NRM数据配置要求
B12: InternetGatewayDevice.WANDevice.{i}.WANConnectionDevice.{i}.WANIPConnection.{i}.SubnetMask | C12: Device.IP.Interface.{i}.IPv4Address.{i}.SubnetMask | D12: SubnetMask | E12: WAN 接口的子网掩码 | F12: A | H12: IpAddressList | I12: RW | J12: string | K12: / | L12: TR系列规范(TR098/TR181)/NRM数据配置要求
B13: InternetGatewayDevice.WANDevice.{i}.WANConnectionDevice.{i}.WANIPConnection.{i}.AddressingType | C13: Device.IP.Interface.{i}.IPv4Address.{i}.AddressingType | D13: AddressingType | E13: 外部IP 地址方法 | F13: A | H13: / | I13: RW | J13: string | K13: "DHCP","Static" | L13: TR系列规范(TR098/TR181)/NRM数据配置要求
B14: InternetGatewayDevice.WANDevice.{i}.WANConnectionDevice.{i}.WANIPConnection.{i}.PortType | C14: Device.Ethernet.Interface.{i}.PortType | D14: PortType | E14: 端口类型 | F14: A | H14: PortType | I14: R | J14: string | K14: （S1, X2, S1/X2, other） | L14: NRM数据配置要求

Sheet SM
A1: 归类 | B1: 网管数据模型(TR098) | C1: 网管数据模型(TR181) | D1: 参数名称 | E1: 中文名 | F1: 重要性 | G1: 北向Index | H1: 北向NRM参数映射 | I1: 网管读写权限 | J1: 类型 | K1: 描述 | L1: 来源 | M1: 备注
A2: IPsec参数管理 | B2: InternetGatewayDevice.IPsec.Enable | C2: Device.IPsec.Enable | D2: Enable | E2: 开关 | F2: A | G2: AX | H2: / | I2: RW | J2: boolean | L2: TR系列规范(TR181)
B3: InternetGatewayDevice.IPsec.MyKeyMode | C3: Device.IPsec.MyKeyMode | D3: MyKeyMode | E3: 鉴权方式 | F3: A | H3: AuthenticationMethod | I3: RW | J3: string | K3: （PSK，SIM，CERT，OTHER） | L3: NRM数据配置要求
B4: InternetGatewayDevice.IPsec.Status | C4: Device.IPsec.Status | D4: Status | E4: 状态 | F4: A | H4: / | I4: R | J4: string | K4: Disabled Enabled Error (OPTIONAL) | L4: TR系列规范(TR181) | M4: 参考TR系列规范(TR181/TR098)规范修改其读写权限 | N4: 按照修读写权限
B5: InternetGatewayDevice.IPsec.AHSupported | C5: Device.IPsec.AHSupported | D5: AHSupported | E5: AH是否支持 | F5: A | H5: / | I5: R | J5: boolean | L5: TR系列规范(TR181)
B6: InternetGatewayDevice.IPsec.IKEv2SupportedEncryptionAlgorithms | C6: Device.IPsec.IKEv2SupportedEncryptionAlgorithms | D6: IKEv2SupportedEncryptionAlgorithms | E6: IKE2加密算法 | F6: A | H6: / | I6: R | J6: string | L6: TR系列规范(TR181)
B7: InternetGatewayDevice.IPsec.ESPSupportedEncryptionAlgorithms | C7: Device.IPsec.ESPSupportedEncryptionAlgorithms | D7: ESPSupportedEncryptionAlgorithms | E7: ESP加密算法 | F7: A | H7: / | I7: R | J7: string | L7: TR系列规范(TR181)
B8: InternetGatewayDevice.IPsec.IKEv2SupportedPseudoRandomFunctions | C8: Device.IPsec.IKEv2SupportedPseudoRandomFunctions | D8: IKEv2SupportedPseudoRandomFunctions | E8: 随机函数 | F8: A | H8: / | I8: R | J8: string | L8: TR系列规范(TR181)
B9: InternetGatewayDevice.IPsec.SupportedIntegrityAlgorithms | C9: Device.IPsec.SupportedIntegrityAlgorithms | D9: SupportedIntegrityAlgorithms | E9: 完整性算法 | F9: A | H9: / | I9: R | J9: string | L9: TR系列规范(TR181)
B10: InternetGatewayDevice.IPsec.SupportedDiffieHellmanGroupTransforms | C10: Device.IPsec.SupportedDiffieHellmanGroupTransforms | D10: SupportedDiffieHellmanGroupTransforms | E10: Diffie-Hellman交换 | F10: A | H10: / | I10: R | J10: string | L10: TR系列规范(TR181)

Sheet SN
A1: 归类 | B1: 网管数据模型(TR098) | C1: 网管数据模型(TR181) | D1: 参数名称 | E1: 中文名 | F1: 重要性 | G1: 北向Index | H1: 北向NRM参数映射 | I1: 网管读写权限 | J1: 类型 | K1: 描述 | L1: 来源 | M1: 备注
A2: 时间服务器参数管理 | B2: InternetGatewayDevice.Time.Enable | C2: Device.Time.Enable | D2: Enable | E2: NTP使能开关 | F2: A | G2: / | H2: / | I2: RW | J2: boolean | K2: / | L2: TR系列规范(TR098/TR181)
B3: InternetGatewayDevice.Time.NTPServer1 | C3: Device.Time.NTPServer1 | D3: NTPServer1 | E3: NTP服务器1 | F3: A | I3: RW | J3: string(64) | K3: / | L3: TR系列规范(TR098/TR181)
B4: InternetGatewayDevice.Time.NTPServer2 | C4: Device.Time.NTPServer2 | D4: NTPServer2 | E4: NTP服务器2 | F4: A | I4: RW | J4: string(64) | K4: / | L4: TR系列规范(TR098/TR181)
B5: InternetGatewayDevice.Time.NTPServer3 | C5: Device.Time.NTPServer3 | D5: NTPServer3 | E5: NTP服务器3 | F5: CA | I5: RW | J5: string(64) | K5: / | L5: TR系列规范(TR098/TR181)
B6: InternetGatewayDevice.Time.NTPServer4 | C6: Device.Time.NTPServer4 | D6: NTPServer4 | E6: NTP服务器4 | F6: CA | I6: RW | J6: string(64) | K6: / | L6: TR系列规范(TR098/TR181)
B7: InternetGatewayDevice.Time.NTPServer5 | C7: Device.Time.NTPServer5 | D7: NTPServer5 | E7: NTP服务器5 | F7: CA | I7: RW | J7: string(64) | K7: / | L7: TR系列规范(TR098/TR181)
B8: InternetGatewayDevice.Time.CurrentLocalTime | C8: Device.Time.CurrentLocalTime | D8: CurrentLocalTime | E8: 本地时间 | F8: A | I8: R | J8: dateTime | K8: / | L8: TR系列规范(TR098/TR181) | M8: 参考TR系列规范(TR181/TR098)规范修改为只读
B9: InternetGatewayDevice.Time.LocalTimeZone | C9: Device.Time.LocalTimeZone | D9: LocalTimeZone | E9: 本地时区 | F9: A | I9: RW | J9: string(64) | K9: / | L9: TR系列规范(TR098/TR181)

Sheet SO
A1: 归类 | B1: 网管数据模型(TR098) | C1: 网管数据模型(TR181) | D1: 参数名称 | E1: 中文名 | F1: 重要性 | G1: 北向Index | H1: 北向NRM参数映射 | I1: 网管读写权限 | J1: 类型 | K1: 描述 | L1: 来源 | M1: 备注
A2: GPS 经纬度信息 | B2: InternetGatewayDevice.FAP.GPS.LockedLatitude | C2: Device.FAP.GPS.LockedLatitude | D2: LockedLatitude | E2: 纬度 | F2: CB | H2: / | I2: R | J2: int[-90000000:90000000] | K2: / | L2: TR系列规范(TR098/TR181/TR262)
B3: InternetGatewayDevice.FAP.GPS.LockedLongitude | C3: Device.FAP.GPS.LockedLongitude | D3: LockedLongitude | E3: 经度 | F3: CB | G3: / | I3: R | J3: int[-180000000:180000000] | K3: / | L3: TR系列规范(TR098/TR181/TR262)
B4: InternetGatewayDevice.FAP.GPS.NumberOfSatellites | C4: Device.FAP.GPS.NumberOfSatellites | D4: NumberOfSatellites | E4: 星个数 | F4: CB | I4: R | J4: unsignedInt | K4: / | L4: TR系列规范(TR098/TR181/TR262)

Sheet SP
A1: 归类 | B1: 网管数据模型(TR098) | C1: 网管数据模型(TR181) | D1: 参数名称 | E1: 中文名 | F1: 重要性 | G1: 北向index | H1: 北向NRM参数映射 | I1: 网管读写权限 | J1: 类型 | K1: 描述 | L1: 来源 | M1: 备注
A2: MR参数管理 | B2: InternetGatewayDevice.FAP.MRMgmt.Config.{i}.MrEnable | C2: Device.FAP.MRMgmt.Config.{i}.MrEnable | D2: MrEnable | E2: MR开关 | F2: B | G2: / | H2: / | I2: RW | J2: boolean | K2: 开启或关闭NanoCell基站周期性上传MR数据文件到指定文件服务器的能力，(0=false,1=true)。 | L2: 南向接口规范
B3: InternetGatewayDevice.FAP.MRMgmt.Config.{i}.MrUrl | C3: Device.FAP.MRMgmt.Config.{i}.MrUrl | D3: MrUrl | E3: Url地址 | F3: B | I3: RW | J3: string(256) | K3: MRUrl详细说明了目标文件位置。该参数只用于详细描述目标文件位置，不用于指示任何要上载的本地文件的名字和位置。 | M3: 根据《中国移动Nanocell基站设备网络管理南向接口技术规范v1.3.0》修正参数为MrUrl
B4: InternetGatewayDevice.FAP.MRMgmt.Config.{i}.MrUsername | C4: Device.FAP.MRMgmt.Config.{i}.MrUsername | D4: MrUsername | E4: 用户名 | F4: B | I4: RW | J4: string(256) | K4: 用户名用于NanoCell基站到文件服务器的鉴权，如果不需要鉴权，此字符串为空
B5: InternetGatewayDevice.FAP.MRMgmt.Config.{i}.MrPassword | C5: Device.FAP.MRMgmt.Config.{i}.MrPassword | D5: MrPassword | E5: 密码 | F5: B | I5: RW | J5: string(256) | K5: 密码用于 NanoCell基站到文件服务器的鉴权，如果不需要鉴权，此字符串为空当为读时，该参数返回一个空字符串，而不是一个实际的值。
B6: InternetGatewayDevice.FAP.MRMgmt.Config.{i}.MeasureType | C6: Device.FAP.MRMgmt.Config.{i}.MeasureType | D6: MeasureType | E6: MR文件类型 | F6: B | I6: RW | J6: string | K6: MR文件类型，可以选择一种或多种，如开启多种测量类型，需要“,”进行分隔（{MRO,MRE,MRS}）。
B7: InternetGatewayDevice.FAP.MRMgmt.Config.{i}.OmcName | C7: Device.FAP.MRMgmt.Config.{i}.OmcName | D7: OmcName | E7: OMC-R名称 | F7: B | I7: RW | J7: string | K7: OMC-R名称，用与基站生成的MR文件命名 | M7: 根据《中国移动Nanocell基站设备网络管理南向接口技术规范v1.3.0》修正参数为OmcName
B8: InternetGatewayDevice.FAP.MRMgmt.Config.{i}.SamplePeriod | C8: Device.FAP.MRMgmt.Config.{i}.SamplePeriod | D8: SamplePeriod | E8: MR采样周期 | F8: B | I8: RW | J8: unsignedInt | K8: MR采样周期（[2048,5120,10240,60000,360000,720000,1800000,3600000],(单位毫秒)
B9: InternetGatewayDevice.FAP.MRMgmt.Config.{i}.UploadPeriod | C9: Device.FAP.MRMgmt.Config.{i}.UploadPeriod | D9: UploadPeriod | E9: MR采集周期 | F9: B | I9: RW | J9: unsignedInt | K9: MR采集周期[1:] (1及1的倍数，单位分钟)
B10: InternetGatewayDevice.FAP.MRMgmt.Config.{i}.SampleBeginTime | C10: Device.FAP.MRMgmt.Config.{i}.SampleBeginTime | D10: SampleBeginTime | E10: 绝对时间参考 | F10: B | I10: RW | J10: dateTime | K10: 是UTC中的一个绝对时间参考，用于决定NanoCell基站何时开始测量任务，当任务开始后，将周期文件上载;参考时间，或未知的时间，值定义为0001-01-01T00:00:00Z，表明没有指定精确的时间参考。
B11: InternetGatewayDevice.FAP.MRMgmt.Config.{i}.SampleEndTime | C11: Device.FAP.MRMgmt.Config.{i}.SampleEndTime | D11: SampleEndTime | E11: 绝对时间参考 | F11: B | I11: RW | J11: dateTime | K11: 是UTC中的一个绝对时间参考，用于决定NanoCell基站何时结束测量任务，当结束后将不再上载MR文件;参考时间，或未知的时间，值定义为0001-01-01T00:00:00Z，表明没有指定精确的时间参考。
B12: InternetGatewayDevice.FAP.MRMgmt.Config.{i}.PrbNum | C12: Device.FAP.MRMgmt.Config.{i}.PrbNum | D12: PrbNum | E12: 子帧的PRB | F12: B | I12: RW | J12: string | K12: 需要开启接收干扰功率测量的上行子帧的PRB索引。可以选择100个PRB中的任意多个，例如{0..7,50,99}表示选择0号到7号，50号及99号共10个位置上的PRB，其中”..”表示连续区间，“,”表示分隔;{0,1,2,…99 }
B13: InternetGatewayDevice.FAP.MRMgmt.Config.{i}.SubFrameNum | C13: Device.FAP.MRMgmt.Config.{i}.SubFrameNum | D13: SubFrameNum | E13: 子帧数 | F13: B | I13: RW | J13: string | K13: 需要开启接收干扰功率测量的上行子帧。如选择多个，需要用“,”进行分隔；{2,3,4,7,8,9}
B14: InternetGatewayDevice.FAP.MRMgmt.Config.{i}.MRECGIList | C14: Device.FAP.MRMgmt.Config.{i}.MRECGIList | D14: MRECGIList | E14: MR小区列表 | F14: B | I14: RW | J14: string | K14: ECGI列表，表示哪些小区需要执行MR任务 all代表基站下所有小区都采集,NCGI由PLMN和ECI组成，PLMN与ECI之间使用“-”分割，NCGI之间使用“,”分割，例如，“46000-107909121，46000-107909122”
B15: InternetGatewayDevice.FAP.MRMgmt.Config.{i}.MeasureItems | C15: Device.FAP.MRMgmt.Config.{i}.MeasureItems | D15: MeasureItems | E15: 测量项 | F15: B | I15: RW | J15: string | K15: all代表所有测量项都采集，取值范围"MR.RSRP,MR.RSRQ,MR.ReceivedIPower,MR.PowerHeadRoom,MR.SinrUL,MR.RIPPRB,MR.RsrpRsrq,MR.RipRsrp,MR.RipRsrq,MR.SinrULRip,MR.LteScRSRP,MR.LteNcRSRP,MR.LteScRSRQ,MR.LteNcRSRQ,MR.LteScPHR,MR.LteScRIP,MR.LteScSinrUL,MR.LteScEarfcn,MR.LteScPci,MR.LteNcEarfcn,MR.LteNcPci,MR.GsmNcellBcch,MR.GsmNcellCarrierRSSI,MR.GsmNcellNcc,MR.GsmNcellBcc"，多个测量项用","隔开 | M15: 根据《LTE数字蜂窝移动通信网无线操作维护中心（OMC-R）测量报告技术要求-扩展型皮基站分册-V2.1.0》

Sheet SQ
A1: 归类 | B1: 网管数据模型(TR098) | C1: 网管数据模型(TR181) | D1: 参数名称 | E1: 中文名 | F1: 重要性 | G1: 北向Index | H1: 北向PM参数映射 | I1: 网管读写权限 | J1: 类型 | K1: 描述 | L1: 来源 | M1: 备注
A2: 性能参数管理 | B2: InternetGatewayDevice.FAP.PerfMgmt.Config.{i}.Enable | C2: Device.FAP.PerfMgmt.Config.{i}.Enable | D2: Enable | E2: 文件周期上传使能开关 | F2: A | H2: / | I2: RW | J2: boolean | K2: (0=false,1=true) | L2: TR系列规范(TR098/TR181/TR262)
B3: InternetGatewayDevice.FAP.PerfMgmt.Config.{i}.Alias | C3: Device.FAP.PerfMgmt.Config.{i}.Alias | D3: Alias | E3: 别名 | F3: A | I3: RW | J3: string(64) | K3: HeMS用于识别实例 | L3: TR系列规范(TR098/TR181/TR262)
B4: InternetGatewayDevice.FAP.PerfMgmt.Config.{i}.URL | C4: Device.FAP.PerfMgmt.Config.{i}.URL | D4: URL | E4: 文件管理URL | F4: A | I4: RW | J4: string(256) | K4: / | L4: TR系列规范(TR098/TR181/TR262)
B5: InternetGatewayDevice.FAP.PerfMgmt.Config.{i}.Username | C5: Device.FAP.PerfMgmt.Config.{i}.Username | D5: Username | E5: 文件管理用户名 | F5: A | I5: RW | J5: string(256) | K5: / | L5: TR系列规范(TR098/TR181/TR262)
B6: InternetGatewayDevice.FAP.PerfMgmt.Config.{i}.Password | C6: Device.FAP.PerfMgmt.Config.{i}.Password | D6: Password | E6: 文件管理密码 | F6: A | I6: RW | J6: string(256) | K6: / | L6: TR系列规范(TR098/TR181/TR262)
B7: InternetGatewayDevice.FAP.PerfMgmt.Config.{i}.PeriodicUploadInterval | C7: Device.FAP.PerfMgmt.Config.{i}.PeriodicUploadInterval | D7: PeriodicUploadInterval | E7: 文件周期上传时间间隔 | F7: A | I7: RW | J7: unsignedInt[1:65535] | K7: (300,600,900,1800,3600) | L7: TR系列规范(TR098/TR181/TR262)
B8: InternetGatewayDevice.FAP.PerfMgmt.Config.{i}.PeriodicUploadTime | C8: Device.FAP.PerfMgmt.Config.{i}.PeriodicUploadTime | D8: PeriodicUploadTime | E8: 文件上传时间 | F8: A | I8: RW | J8: dateTime | K8: yyyy-mm-ddThh:mm:ss | L8: TR系列规范(TR098/TR181/TR262)
A9: 性能补采参数管理 | B9: InternetGatewayDevice.FAP.PerfMgmt.Config.{i}.ReplenishEnable | C9: Device.FAP.PerfMgmt.Config.{i}.ReplenishEnable | D9: ReplenishEnable | E9: 补采开关 | F9: A | G9: / | H9: / | I9: RW | J9: boolean | K9: (0=false,1=true),若该开关置为true，则设备按照补采开始时间和结束时间进行性能文件重新上报操作。 当重新上报完成之后，该开关置为false
B10: InternetGatewayDevice.FAP.PerfMgmt.Config.{i}.ReplenishStartTime | C10: Device.FAP.PerfMgmt.Config.{i}.ReplenishStartTime | D10: ReplenishStartTime | E10: 补采开始时间 | F10: A | G10: / | I10: RW | J10: dateTime | K10: 本参数指定需要重新上传的性能数据文件的开始采集时间。举例说明：若OMC发现2021-05-01 10:15:00至2021-05-01 10:45:00的性能文件缺失，当前处于+8时区，该参数取值为：“2021-05-01T02:15:00Z”
B11: InternetGatewayDevice.FAP.PerfMgmt.Config.{i}.ReplenishEndTime | C11: Device.FAP.PerfMgmt.Config.{i}.ReplenishEndTime | D11: ReplenishEndTime | E11: 补采结束时间 | F11: A | G11: / | I11: RW | J11: dateTime | K11: 本参数指定需要重新上传的性能数据文件的结束采集时间。举例说明：若OMC发现2021-05-01 10:15:00至2021-05-01 10:45:00的性能文件缺失，当前处于+8时区，该参数取值为：“2021-05-01T02:45:00Z”
A12: 备注： | B12: 1. 根据《中国移动一体化皮基站/扩展型一体化皮基站网络管理南向接口技术规范》7.5.3.1节要求：“基站设备将性能数据以文件的形式定期上传到HeMS上（通过HTTP/HTTPS），当相应的性能数据文件准备好后，HeMS可随时进行解析和计算。”，“性能文件的采集粒度遵循《NanoCell eNB网元统计数据需求规范-PM(V2.9.0)》的要求。” 2. 建议网管南向接口具体性能测量参数的数据模型与《NanoCell eNB网元统计数据需求规范-PM(V2.9.0)》中规定的北向接口性能测量参数数据模型保持一致； 3. 建议南向接口性能测量参数优先级和北向接口保持一致； 4. 网管南向接口性能文件格式（xml）遵循3GPP TS32.435，由网管设备完成南向接口和北向接口性能文件格式的转换。

Sheet SR
A1: 归类 | B1: 网管数据模型(TR098) | C1: 网管数据模型(TR181) | D1: 参数名称 | E1: 中文名 | F1: 重要性 | G1: 北向index | H1: 北向NRM参数映射 | I1: 网管读写权限 | J1: 类型 | K1: 描述 | L1: 来源 | M1: 备注
A2: 扩展型一体化皮站-主单元（MU）参数管理 | B2: InternetGatewayDevice.Services.FAPService.{i}.FAPControl.LTE.SourcedSignalEnable | C2: Device.Services.FAPService.{i}.FAPControl.LTE.SourcedSignalEnable | D2: SourcedSignalEnable | E2: 信源使能开关 | F2: A | G2: / | H2: / | I2: RW | J2: boolean | K2: 扩展型一体化皮基站主单元信源信号使能开关，关闭时主单元及与该主单元连接的全部远端单元无信源信号 0：关闭 1：开启
B3: InternetGatewayDevice.Services.FAPService.{i}.FAPControl.LTE.RUHOControlEnable | C3: Device.Services.FAPService.{i}.FAPControl.LTE.RUHOControlEnable | D3: RUHOControlEnable | E3: 基于远端单元的切换控制使能开关 | F3: B | G3: / | H3: / | I3: RW | J3: boolean | K3: 共小区接入时，主机上配置分别控制每个远端单元覆盖区域内接入终端的允许切换目标邻区列表是否生效 0:无效（终端统一根据主机单元配置邻区列表切换） 1:生效（终端根据所接入远端单元对应配置的允许切换目标邻区ECI切换）
A4: 扩展型一体化皮站-扩展单元（EU）参数管理 | B4: InternetGatewayDevice.DeviceInfo.EU.{i}.RouteIndex | C4: Device.DeviceInfo.EU.{i}.RouteIndex | D4: RouteIndex | E4: 扩展单元路由指示 | F4: A | G4: / | H4: / | I4: R | J4: string(64) | K4: 1.扩展型一体化皮基站主机单元与各扩展单元和远端单元可采用树状组网方式（包含菊花链、星形等）：主机单元为根节点，扩展单元为树枝节点，远端单元为叶节点； 2.本参数指示从主机单元到扩展单元EU.{i}的路由路径，并与每个扩展单元的唯一标识对应，通过本参数和EU.{i}.RU.{i}可呈现整个组网拓扑结构及各单元所处位置； 3.RouteIndex取值规则从左至右根据从主机单元到扩展单元EU.{i}的路由使用的各级设备端口号逐级取值，每级之间以下划线“_”分割，直至到达本节点EU.{i}。例如：“EU.{i}.RouteIndex = 2_1_5_4”代表该路由起始于主机单元（第零级）的端口2，经过第一级扩展单元端口1，第二级扩展单元端口5，第三级扩展单元端口4路由到本扩展单元EU.{i}； 4.通过RouteIndex取值中数值个数还能体现本扩展单元EU.{i}所处级数，例如“EU.{i}.RouteIndex = 2_1_5_4”说明该扩展单元EU.{i}位于第四级（主机单元为第零级）。
B5: InternetGatewayDevice.DeviceInfo.EU.{i}.ModelName | C5: Device.DeviceInfo.EU.{i}.ModelName | D5: ModelName | E5: 设备型号 | F5: A | G5: / | H5: / | I5: R | J5: string(64)
B6: InternetGatewayDevice.DeviceInfo.EU.{i}.SerialNumber | C6: Device.DeviceInfo.EU.{i}.SerialNumber | D6: SerialNumber | E6: 序列号 | F6: A | G6: / | H6: / | I6: R | J6: string(64) | K6: /
B7: InternetGatewayDevice.DeviceInfo.EU.{i}.HardwareVersion | C7: Device.DeviceInfo.EU.{i}.HardwareVersion | D7: HardwareVersion | E7: 硬件版本 | F7: A | G7: / | H7: / | I7: R | J7: string(64)
B8: InternetGatewayDevice.DeviceInfo.EU.{i}.SoftwareVersion | C8: Device.DeviceInfo.EU.{i}.SoftwareVersion | D8: SoftwareVersion | E8: 软件版本 | F8: A | G8: / | H8: / | I8: R | J8: string(64)
B9: InternetGatewayDevice.DeviceInfo.EU.{i}.Status | C9: Device.DeviceInfo.EU.{i}.Status | D9: Status | E9: 状态 | F9: A | G9: / | H9: / | I9: R | J9: unsignedInt[1:4] | K9: 1:正常 2:离线 3:告警 4:升级中
B10: InternetGatewayDevice.DeviceInfo.EU.{i}.Reboot | C10: Device.DeviceInfo.EU.{i}.Reboot | D10: Reboot | E10: 重启开关 | F10: A | G10: / | H10: / | I10: RW | J10: boolean | K10: 0:不重启 1:重启
B11: InternetGatewayDevice.DeviceInfo.EU.{i}.DLCRCSum | C11: Device.DeviceInfo.EU.{i}.DLCRCSum | D11: DLCRCSum | E11: 扩展单元下行误码率 | F11: B | G11: / | H11: / | I11: R | J11: string(64) | K11: 若上一级是主机单元，则是扩展单元与主机单元下行误码率； 若上一级是扩展单元，则是扩展单元与扩展单元下行误码率； 下行误码率都由本级扩展单元统计。
B12: InternetGatewayDevice.DeviceInfo.EU.{i}.ULCRCSum | C12: Device.DeviceInfo.EU.{i}.ULCRCSum | D12: ULCRCSum | E12: 扩展单元上行误码率 | F12: B | G12: / | H12: / | I12: R | J12: string(64) | K12: 若上一级是主机单元，则是扩展单元与主机单元上行误码率，由主机单元统计； 若上一级是扩展单元，则是扩展单元与扩展单元上行误码率，由上一级扩展单元统计。
B13: InternetGatewayDevice.DeviceInfo.EU.{i}.SwUpgrade.Stage | C13: Device.DeviceInfo.EU.{i}.SwUpgrade.Stage | D13: Stage | E13: 升级阶段 | F13: A | G13: / | H13: / | I13: R | J13: unsignedInt[1:5] | K13: 1:初始化 2:下载 3:安装 4:等待激活 5.激活
B14: InternetGatewayDevice.DeviceInfo.EU.{i}.SwUpgrade.Status | C14: Device.DeviceInfo.EU.{i}.SwUpgrade.Status | D14: Status | E14: 状态 | F14: A | G14: / | H14: / | I14: R | J14: unsignedInt[1:3] | K14: 1:成功 2:失败
B15: InternetGatewayDevice.DeviceInfo.EU.{i}.SwUpgrade.FailureCause | C15: Device.DeviceInfo.EU.{i}.SwUpgrade.FailureCause | D15: FailureCause | E15: 升级失败原因 | F15: A | G15: / | H15: / | I15: R | J15: string(512) | K15: 升级失败原因描述
A16: 扩展型一体化皮站-远端单元（RU）参数管理 | B16: InternetGatewayDevice.DeviceInfo.EU.{i}.RU.{i}.ModelName | C16: Device.DeviceInfo.EU.{i}.RU.{i}.ModelName | D16: ModelName | E16: 设备型号 | F16: A | G16: / | H16: / | I16: R | J16: string(64)
B17: InternetGatewayDevice.DeviceInfo.EU.{i}.RU.{i}.SerialNumber | C17: Device.DeviceInfo.EU.{i}.RU.{i}.SerialNumber | D17: SerialNumber | E17: 序列号 | F17: A | G17: / | H17: / | I17: R | J17: string(64) | K17: /
B18: InternetGatewayDevice.DeviceInfo.EU.{i}.RU.{i}.HardwareVersion | C18: Device.DeviceInfo.EU.{i}.RU.{i}.HardwareVersion | D18: HardwareVersion | E18: 硬件版本 | F18: A | G18: / | H18: / | I18: R | J18: string(64)
B19: InternetGatewayDevice.DeviceInfo.EU.{i}.RU.{i}.SoftwareVersion | C19: Device.DeviceInfo.EU.{i}.RU.{i}.SoftwareVersion | D19: SoftwareVersion | E19: 软件版本 | F19: A | G19: / | H19: / | I19: R | J19: string(64)
B20: InternetGatewayDevice.DeviceInfo.EU.{i}.RU.{i}.Status | C20: Device.DeviceInfo.EU.{i}.RU.{i}.Status | D20: Status | E20: 状态 | F20: A | G20: / | H20: / | I20: R | J20: unsignedInt[1:4] | K20: 1:正常 2:离线 3:告警 4:升级中
B21: InternetGatewayDevice.DeviceInfo.EU.{i}.RU.{i}.Reboot | C21: Device.DeviceInfo.EU.{i}.RU.{i}.Reboot | D21: Reboot | E21: 重启开关 | F21: A | G21: / | H21: / | I21: RW | J21: boolean | K21: 0:不重启 1:重启
B22: InternetGatewayDevice.DeviceInfo.EU.{i}.RU.{i}.MaxTxPower | C22: Device.DeviceInfo.EU.{i}.RU.{i}.MaxTxPower | D22: MaxTxPower | E22: 最大发射功率 | F22: A | G22: / | H22: / | I22: RW | J22: unsignedInt | K22: 单位dBm
B23: InternetGatewayDevice.DeviceInfo.EU.{i}.RU.{i}.RFTxStatus | C23: Device.DeviceInfo.EU.{i}.RU.{i}.RFTxStatus | D23: RFTxStatus | E23: 射频状态 | F23: A | G23: / | H23: / | I23: RW | J23: boolean | K23: 0:关闭 1:开启
B24: InternetGatewayDevice.DeviceInfo.EU.{i}.RU.{i}.Distance | C24: Device.DeviceInfo.EU.{i}.RU.{i}.Distance | D24: Distance | E24: 拉远距离 | F24: A | G24: / | H24: / | I24: R | J24: string(64) | K24: 远端拉远距离 单位:米
B25: InternetGatewayDevice.DeviceInfo.EU.{i}.RU.{i}.DLCRCSum | C25: Device.DeviceInfo.EU.{i}.RU.{i}.DLCRCSum | D25: DLCRCSum | E25: 远端单元下行误码率 | F25: B | G25: / | H25: / | I25: R | J25: string(64) | K25: 若上一级是主机单元，则是远端单元与主机单元下行误码率；（EU.0.RU.{i}） 若上一级是扩展单元，则是远端单元与扩展单元下行误码率； 下行误码率都由远端单元统计。
B26: InternetGatewayDevice.DeviceInfo.EU.{i}.RU.{i}.ULCRCSum | C26: Device.DeviceInfo.EU.{i}.RU.{i}.ULCRCSum | D26: ULCRCSum | E26: 远端单元上行误码率 | F26: B | G26: / | H26: / | I26: R | J26: string(64) | K26: 若上一级是主机单元，则是远端单元与主机单元上行误码率，由主机单元统计；（EU.0.RU.{i}） 若上一级是扩展单元，则是远端单元与扩展单元上行误码率，由扩展单元统计。
B27: InternetGatewayDevice.DeviceInfo.EU.{i}.RU.{i}.LTECell.{i}.ECI | C27: Device.DeviceInfo.EU.{i}.RU.{i}.LTECell.{i}.ECI | D27: ECI | E27: 可切换小区ECI | F27: B | G27: / | H27: / | I27: RW | J27: unsignedInt[0:268435455] | K27: 允许切换目标邻区ECI，其中： 1. 对应主机单元RUHOControlEnable=1时生效； 2. 取值范围不超过对应主机单元邻区列表中ECI范围； 3. 当没有任何LTECell.{i}.ECI参数时表示该RU接入终端不允许向任何邻区切换。
B28: InternetGatewayDevice.DeviceInfo.EU.{i}.RU.{i}.SwUpgrade.Stage | C28: Device.DeviceInfo.EU.{i}.RU.{i}.SwUpgrade.Stage | D28: Stage | E28: 升级阶段 | F28: A | G28: / | H28: / | I28: R | J28: unsignedInt[1:5] | K28: 1:初始化 2:下载 3:安装 4:等待激活 5.激活 | M28: 1.Initial：指MU成功获得本次升级升级目标设备且目标设备软件版本和本次升级版本不一致需要升级时，MU进入软件升级initial状态（例如：本次升级Manifest文件解析成功并且数据模型中存在manifest文件中指定的升级目标同时MU获取EU/RU的软件版本和目标版本不一致的情况） 如果MU获取到目标设备软件版本与升级软件版本一致（例如：EU/RU的软件版本与manifest文件一致），则： i 则发送Inform，携带ValueChange，其中的升级状态为initial ii 然后发送Inform，携带ValueChange，其中升级状态为Success 2.DownLoad：指升级的目标单元软件版本下载到本地的状态，成功则进入Install，否则进入Fail状态 3.Install：指目标单元安装软件的状态，成功则进入WaitingActivation或Activation，否则进入Fail状态 4.WaitingActivation：指还未到达指定activate时间的状态 5.Activation：指目标单元激活软件版本的状态，否则进入Fail状态
B29: InternetGatewayDevice.DeviceInfo.EU.{i}.RU.{i}.SwUpgrade.Status | C29: Device.DeviceInfo.EU.{i}.RU.{i}.SwUpgrade.Status | D29: Status | E29: 状态 | F29: A | G29: / | H29: / | I29: R | J29: unsignedInt[1:3] | K29: 1:成功 2:失败 | M29: 成功/失败：指软件升级的最终状态 进行中：指正在执行的Software.stage还未进入成功或失败状态
B30: InternetGatewayDevice.DeviceInfo.EU.{i}.RU.{i}.SwUpgrade.FailureCause | C30: Device.DeviceInfo.EU.{i}.RU.{i}.SwUpgrade.FailureCause | D30: FailureCause | E30: 升级失败原因 | F30: A | G30: / | H30: / | I30: R | J30: string(512) | K30: 升级失败原因描述
A31: 多实例状态变化通知参数 | B31: InternetGatewayDevice.DeviceInfo.AddEndPoint | C31: Device.DeviceInfo.AddEndPoint | D31: AddEndPoint | E31: 多实例新增 | F31: A | G31: / | H31: / | I31: R | J31: string(64) | K31: 多实例新增： 一体化皮基站/扩展型一体化皮基站本地侧增加一个多实例时，需调用此模型通知网管具体增加的多实例节点， 保证两边的数据统一性。 例：远端(汇聚)单元接入时，扩展型一体化皮基站需要用此型路径然后才用《南向接口技术规范》中valuechange事件上报网管。 AddEndPoint=InternetGatewayDevice.DeviceInfo.EU.1.RU.3
B32: InternetGatewayDevice.DeviceInfo.DelEndPonit | C32: Device.DeviceInfo.DelEndPonit | D32: DelEndPonit | E32: 多实例删除 | F32: A | G32: / | H32: / | I32: R | J32: string(64) | K32: 多实例删除： 一体化皮基站/扩展型一体化皮基站本地侧删除一个多实例时，需调用此模型通知网管具体删除的多实例节点， 保证两边的数据统一性。 例：当远端(汇聚)设备部署位置拆除时，扩展型一体化皮基站需要用此模型路径然后才用《南向接口技术规范》中valuechange事件上报网管。 DelEndPoint=InternetGatewayDevice.DeviceInfo.EU.1.RU.3
A33: 备注说明 | B33: EU.{i}：代表每个扩展单元的唯一标识。其中i取值范围为[0:65535]（i=0仅用于远端单元直连主机单元时的多实例节点路径，不用于标识任何扩展单元）； RU.{i}：代表远端单元上联（与扩展单元或主机单元相连）物理端口位置，即星形组网端口物理位置；其中i取值范围为[1:65535]；

Sheet 多实例参数Object个数读写属性
A1: 归类 | B1: 网管数据模型(TR098) | C1: 网管数据模型(TR181) | D1: 中文名称 | E1: 网管读写权限 | F1: 描述 | G1: 来源 | H1: 备注
A2: 多实例Object个数读写属性 | B2: InternetGatewayDevice.Services.FAPService.{i}. | C2: Device.Services.FAPService.{i}. | D2: FAPService实例节点 | E2: R | G2: TR系列规范(TR098/TR181/TR069/TR196)协议
B3: InternetGatewayDevice.Services.FAPService.{i}.CellConfig.LTE.RAN.NeighborList.LTECell.{i}. | C3: Device.Services.FAPService.{i}.CellConfig.LTE.RAN.NeighborList.LTECell.{i}. | D3: LTE邻区实例节点 | E3: RW | G3: TR系列规范(TR098/TR181/TR069/TR196)协议
B4: InternetGatewayDevice.Services.FAPService.{i}.CellConfig.LTE.RAN.NeighborList.InterRATCell.UMTS.{i} | C4: Device.Services.FAPService.{i}.CellConfig.LTE.RAN.NeighborList.InterRATCell.UMTS.{i} | D4: UMTS邻区实例节点 | E4: RW | G4: TR系列规范(TR098/TR181/TR069/TR196)协议
B5: InternetGatewayDevice.Services.FAPService.{i}.CellConfig.LTE.RAN.NeighborList.InterRATCell.GSM.{i}. | C5: Device.Services.FAPService.{i}.CellConfig.LTE.RAN.NeighborList.InterRATCell.GSM.{i}. | D5: GSM邻区实例节点 | E5: RW | G5: TR系列规范(TR098/TR181/TR069/TR196)协议
B6: InternetGatewayDevice.Services.FAPService.{i}.CellConfig.LTE.RAN.Mobility.ConnMode.EUTRA.A1MeasureCtrl.{i}. | C6: Device.Services.FAPService.{i}.CellConfig.LTE.RAN.Mobility.ConnMode.EUTRA.A1MeasureCtrl.{i}. | D6: A1测量实例节点 | E6: RW | G6: TR系列规范(TR098/TR181/TR069/TR196)协议
B7: InternetGatewayDevice.Services.FAPService.{i}.CellConfig.LTE.RAN.Mobility.ConnMode.EUTRA.A2MeasureCtrl.{i}. | C7: Device.Services.FAPService.{i}.CellConfig.LTE.RAN.Mobility.ConnMode.EUTRA.A2MeasureCtrl.{i}. | D7: A2测量实例节点 | E7: RW | G7: TR系列规范(TR098/TR181/TR069/TR196)协议
B8: InternetGatewayDevice.Services.FAPService.{i}.CellConfig.LTE.RAN.Mobility.ConnMode.EUTRA.A3MeasureCtrl.{i}. | C8: Device.Services.FAPService.{i}.CellConfig.LTE.RAN.Mobility.ConnMode.EUTRA.A3MeasureCtrl.{i}. | D8: A3测量实例节点 | E8: RW | G8: TR系列规范(TR098/TR181/TR069/TR196)协议
B9: InternetGatewayDevice.Services.FAPService.{i}.CellConfig.LTE.RAN.Mobility.ConnMode.EUTRA.A4MeasureCtrl.{i}. | C9: Device.Services.FAPService.{i}.CellConfig.LTE.RAN.Mobility.ConnMode.EUTRA.A4MeasureCtrl.{i}. | D9: A4测量实例节点 | E9: RW | G9: TR系列规范(TR098/TR181/TR069/TR196)协议
B10: InternetGatewayDevice.Services.FAPService.{i}.CellConfig.LTE.RAN.Mobility.ConnMode.EUTRA.A5MeasureCtrl.{i}. | C10: Device.Services.FAPService.{i}.CellConfig.LTE.RAN.Mobility.ConnMode.EUTRA.A5MeasureCtrl.{i}. | D10: A5测量实例节点 | E10: RW | G10: TR系列规范(TR098/TR181/TR069/TR196)协议
B11: InternetGatewayDevice.Services.FAPService.{i}.CellConfig.LTE.RAN.Mobility.ConnMode.EUTRA.B1MeasureCtrl.{i}. | C11: Device.Services.FAPService.{i}.CellConfig.LTE.RAN.Mobility.ConnMode.EUTRA.B1MeasureCtrl.{i}. | D11: B1测量实例节点 | E11: RW | G11: TR系列规范(TR098/TR181/TR069/TR196)协议
B12: InternetGatewayDevice.Services.FAPService.{i}.CellConfig.LTE.RAN.Mobility.ConnMode.EUTRA.B2MeasureCtrl.{i}. | C12: Device.Services.FAPService.{i}.CellConfig.LTE.RAN.Mobility.ConnMode.EUTRA.B2MeasureCtrl.{i}. | D12: B2测量实例节点 | E12: RW | G12: TR系列规范(TR098/TR181/TR069/TR196)协议
B13: InternetGatewayDevice.Services.FAPService.{i}.CellConfig.LTE.RAN.Mobility.IdleMode.InterFreq.Carrier.{i}. | C13: Device.Services.FAPService.{i}.CellConfig.LTE.RAN.Mobility.IdleMode.InterFreq.Carrier.{i}. | D13: 异频重选实例节点 | E13: RW | G13: TR系列规范(TR098/TR181/TR069/TR196)协议
B14: InternetGatewayDevice.Services.FAPService.{i}.CellConfig.LTE.RAN.Mobility.IdleMode.IRAT.UTRA.UTRANFDDFreq.{i}. | C14: Device.Services.FAPService.{i}.CellConfig.LTE.RAN.Mobility.IdleMode.IRAT.UTRA.UTRANFDDFreq.{i}. | D14: 异系统重选实例节点 | E14: RW | G14: TR系列规范(TR098/TR181/TR069/TR196)协议
... B35: InternetGatewayDevice.DeviceInfo.EU.{i}.RU.{i}.LTECell.{i}. | C35: Device.DeviceInfo.EU.{i}.RU.{i}.LTECell.{i}. | D35: RU邻区实例节点 | E35: RW | G35: TR系列规范(TR098/TR181/TR069/TR196)协议
A36: 多载波数据模型备注 | B36: InternetGatewayDevice.Services.FAPService.{i}；其中i=1代表载波1相关配置参数，i=2代表载波2相关配置参数，i=3代表载波3相关配置参数
