Workbook
Name _Toc375818453: SA!#REF!
Name _Toc375818454: SA!#REF!
Name _Toc375818456: SA!#REF!

Sheet 设备参数数据表
A1: 分类 | B1: 节点 | C1: 英文名称 | D1: 中文名称 | E1: 取值范围 | F1: 默认值 | G1: 类型 | H1: OAM读写权限 | I1: 网管读写权限 | J1: 前置条件 | K1: 后置影响 | L1: 注意事项 | M1: 规范/厂家定义
A2: OAM/专业/系统 | B2: 专业 | E2: （包括单位） | H2: 专业写 | I2: OAM/系统写 | J2: 专业/算法/系统 | K2: 专业/算法/系统 | L2: 填写参数的功能描述和特殊注意事项
B3: 网管信息参数表 | C3: IuhIpAddr | D3: AU板iuh口IP | G3: String(20) | I3: RW | L3: AU板iuh口IP，IP协议层所使用的IP。
B4: 网管信息参数表 | C4: IuhPort | D4: AU板iuh口port | G4: unsignedInt | I4: RW | L4: AU板iuh口port。
A5: 不在网管上显示 | B5: 网管信息参数表 | C5: SrcIpAddr | D5: AU板上层源ip | G5: String | L5: AU板上层源ip。未有用到。
A6: 不在网管上显示 | B6: 网管信息参数表 | C6: SrcPort | D6: AU板上层源port | G6: unsignedInt | L6: AU板上层源port，未有用到。
B7: 网管信息参数表 | C7: FapAddr1 | D7: GU网关ip | G7: String(20) | I7: RW | L7: GU网关ip 一
B8: 网管信息参数表 | C8: FapAddr2 | D8: GU网关ip | G8: String(20) | I8: RW | L8: GU网关ip 二（未有用到）
A9: 不在网管上显示 | B9: 网管信息参数表 | C9: FapAddr3 | D9: GU网关ip | G9: String | L9: GU网关ip 三（未有用到）
B10: 网管信息参数表 | C10: SecIpAddr1 | D10: 安全网关ip1 | G10: String(20) | I10: RW | L10: 安全网关ip一。
B11: 网管信息参数表 | C11: SecIpAddr2 | D11: 安全网关ip2 | G11: String(20) | I11: RW | L11: 安全网关ip二（未有用到）
A12: 不在网管上显示 | B12: 网管信息参数表 | C12: SecIpAddr3 | D12: 安全网关ip3 | G12: String | L12: 安全网关ip三（未有用到）
B13: 网管信息参数表 | C13: Seckey | D13: 安全网关建立密钥 | G13: String(64) | I13: R | L13: 安全网关建立密钥
B14: 网管信息参数表 | C14: SecUseImsi | D14: 建立安全网关imsi | G14: String(16) | I14: R | L14: 建立安全网关imsi
B15: 网管信息参数表 | C15: FapPort | D15: GU网关port | E15: 0~4294967295 | F15: 29169 | G15: unsignedInt | I15: RW | L15: GU网关port。
B16: 网管信息参数表 | C16: IpSecStartAllowedInd | D16: IPSec是否启动开关 | E16: true、false | F16: true | G16: boolean | I16: RW | L16: IpSec开关。 取值false：关闭Ipsec功能 取值true：打开Ipsec功能
B17: 网管信息参数表 | C17: IpSecRekeyTime | D17: ipSec rekey时间 | E17: 0~4294967295(分钟） | F17: 80000 | G17: unsignedInt | I17: RW | L17: IpSec重协商时间。单位：分钟
B18: 网管信息参数表 | C18: IpSecSaLifetime | D18: IPSec SA的生命周期 | E18: 0~4294967295（秒） | F18: 30 | G18: unsignedInt | I18: RW | L18: IPSec SA的生命周期。单位：秒
B19: 网管信息参数表 | C19: IpSecLivenessTimeInterval | D19: liveness时间间隔 | G19: unsignedInt | I19: RW | L19: liveness时间间隔。
A20: 不在网管上显示 | B20: 网管信息参数表 | C20: FapPcSocketIpAddr | D20: 调试日志放置设备IP | G20: String | L20: 调试日志放置设备IP（调试电脑）
A21: 不在网管上显示 | B21: 网管信息参数表 | C21: FapPcSocketPort | D21: 调试日志放置设备端口 | G21: unsignedInt | L21: 调试日志放置设备端口（调试电脑）
B22: 网管信息参数表 | C22: RealIpAddrToPing | D22: 用于ping功能的真实站点IpAddr | G22: String | I22: R | L22: 用于ping功能的真实站点IpAddr
B23: 网管信息参数表 | C23: GateWaySupported | D23: 指示当前所要连接的网关能力 | G23: unsignedInt | I23: RW | L23: 用于指示当前所要连接的网关能力 取值0：网关支持E1+Surf 取值1：网关支持STM-1+ATCA9100 取值2：网关支持AoIP
B24: 网管信息参数表 | C24: Mode | D24: 认证模式 | E24: 0~2 | G24: int | I24: RW | L24: mode为0,为PSK认证，mode为1为usim卡认证，mode为2为sim卡证（预留），-1为非法值，mode为其它值暂时保留
B25: 公共参数表 | C25: AuId | D25: AU注册是使用的基站Id | E25: 0~65535 | G25: unsignedInt | I25: RW | L25: AU注册是使用的基站Id。 取值范围：0~65535
B26: 公共参数表 | C26: A50 | D26: 是否支持A5_0类型加密 | E26: true、false | F26: true | G26: boolean | I26: RW | L26: 物理层是否支持A5_0类型加密。 取值false：不支持 取值true：支持
B27: 公共参数表 | C27: A51 | D27: 是否支持A5_1类型加密 | E27: true、false | F27: true | G27: boolean | I27: RW | L27: 物理层是否支持A5_1类型加密。 取值false：不支持 取值true：支持
B28: 公共参数表 | C28: A52 | D28: 是否支持A5_2类型加密 | E28: true、false | F28: true | G28: boolean | I28: RW | L28: 物理层是否支持A5_2类型加密。 取值false：不支持 取值true：支持
B29: 公共参数表 | C29: A53 | D29: 是否支持A5_3类型加密 | E29: true、false | F29: true | G29: boolean | I29: RW | L29: 物理层是否支持A5_3类型加密。 取值false：不支持 取值true：支持
B30: 公共参数表 | C30: A54 | D30: 是否支持A5_4类型加密 | E30: true、false | F30: false | G30: boolean | I30: RW | L30: 物理层是否支持A5_4类型加密。 取值false：不支持 取值true：支持
B31: 公共参数表 | C31: A55 | D31: 是否支持A5_5类型加密 | E31: true、false | F31: false | G31: boolean | I31: RW | L31: 物理层是否支持A5_5类型加密。 取值false：不支持 取值true：支持
B32: 公共参数表 | C32: A56 | D32: 是否支持A5_6类型加密 | E32: true、false | F32: false | G32: boolean | I32: RW | L32: 物理层是否支持A5_6类型加密。 取值false：不支持 取值true：支持
B33: 公共参数表 | C33: A57 | D33: 是否支持A5_7类型加密 | E33: true、false | F33: false | G33: boolean | I33: RW | L33: 物理层是否支持A5_7类型加密。 取值false：不支持 取值true：支持
A34: 不在网管上显示 | B34: 公共参数表 | C34: AuUserAccessMax | D34: 户型允许接入的用户数上限 | G34: unsignedInt | L34: 根据户型允许接入的用户数上限。 该参数上层暂时未有使用，保留。
A35: 不在网管上显示 | B35: 公共参数表 | C35: AuAlowPwrMax | D35: 户型允许最大发射功率 | G35: unsignedInt | L35: 根据户型允许最大发射功率 该参数上层暂时未有使用，保留。
B36: 公共参数表 | C36: LogTotalSize | D36: 单个日志文件大小 | E36: 0~4294967295(KByte) | F36: 3*1024 | G36: unsignedInt | I36: RW | L36: 日志文件的总大小，以1k Byte为单位
A37: 不在网管上显示 | B37: 公共参数表 | C37: LogTxtNumberMax | D37: 同类型日志文件存储最大文件个数 | G37: unsignedInt | L37: 同类型日志文件存储最大文件个数。 该参数上层暂时未有使用，保留。
B38: 公共参数表 | C38: LogOutputLevel | D38: 日志输出类型 | E38: 0~4 | F38: 1 | G38: unsignedInt | I38: RW | L38: 日志输出级别。 取值范围：0~4 取值0：DEBUG 取值1：INFO 取值2：TRACE 取值3：WARN 取值4：ERROR
A39: 不在网管上显示 | B39: 公共参数表 | C39: AuProductType | D39: Au产品类型 | L39: Au产品类型,取值范围：0~3 取值0：普通型原型机产品 取值1：企业级大容量产品 取值2：企业级eNB 3+1产品 取值3：普通型降成本产品
A40: 不在网管上显示 | B40: 公共参数表 | C40: AuRfWorkBandCapability | D40: 基站射频支持的工作频段能力 | E40: 0~3 | F40: 0 | G40: unsignedInt | L40: 基站射频支持的工作频段能力，取值范围：0~3 取值0：基站支持1800工作频段 取值1：基站支持900工作频段 取值2：基站支持900E工作频段 取值3：基站支持1900工作频段
A41: 不在网管上显示 | B41: 公共参数表 | C41: auRtpMultiplexInd | D41: 基站是否支持rtp复用 | E41: true、false | F41: false | L41: 基站是否支持rtp复用 取值范围：0和1 0代表不支持 1代表支持
B42: 接入管理 | C42: AccMode | D42: 标识AU接入模式 | E42: 0~2 | F42: 2 | G42: unsignedInt | I42: RW | L42: 标识AU接入模式。 取值范围：0、1、2 取值0：白名单有效； 取值1：是黑名单有效； 取值2：黑白名单都无效
A43: 不在网管上显示 | B43: 接入管理 | C43: NonCSGAccDecision | D43: 判断非CSG模式的UE接入
A44: 不在网管上显示 | B44: 接入管理 | C44: CsgMembershipDeterminedLocally | D44: 判断CSG模式的UE接入
A45: 不在网管上显示 | B45: 接入管理 | C45: HnbIdentifier | D45: 广播HomeNodeBIdentifier
A46: 不在网管上显示 | B46: 接入管理 | C46: HomeZoneName | D46: 运营商定义的ASCII字符串
A47: 不在网管上显示 | B47: 接入管理 | C47: MaxConcurrentCSGUsers | D47: 同时接入FAP的CSG可能用户的最大数
A48: 不在网管上显示 | B48: 接入管理 | C48: CsgId | D48: 封闭用户组的接入控制列表
B49: 接入管理 | C49: AccessControlList | D49: 白名单IMSI列表 | G49: String(1024) | I49: RW | L49: 接入控制表ACL.用逗号分隔的IMSI列表,每个IMSI最多可以有15个数字
A50: 不在网管上显示 | B50: 接入管理 | C50: BlackControlList | D50: 黑名单IMSI列表
A51: 不在网管上显示 | B51: 接入管理 | C51: MaxMemberDetailEntries | D51: maxMemberDetailEntries
A52: 不在网管上显示 | B52: 接入管理 | C52: MemberDetailNumberOfEntries | D52: memberDetailNumberOfEntries
A53: 不在网管上显示 | B53: UE状态管理参数（欢迎短信） | C53: PeriodicUploadEnable | D53: 周期性上传UE注册信息
A54: 不在网管上显示 | B54: UE状态管理参数（欢迎短信） | C54: UploadURL | D54: 周期上传的URL路径
A55: 不在网管上显示 | B55: UE状态管理参数（欢迎短信） | C55: UserName | D55: 周期上传连接的用户名
A56: 不在网管上显示 | B56: UE状态管理参数（欢迎短信） | C56: PassWord | D56: 周期上传连接的密码
A57: 不在网管上显示 | B57: UE状态管理参数（欢迎短信） | C57: PeriodicUploadIntervall | D57: 周期上传的间隔
A58: 不在网管上显示 | B58: UE状态管理参数（欢迎短信） | C58: PeriodicUploadTime | D58: 周期性上传的时间
B59: UE状态管理参数（欢迎短信） | C59: SmsPeriod | D59: 欢迎短信发送间隔周期 | E59: 0~72(小时） | F59: 24 | G59: unsignedInt | I59: RW | L59: 欢迎短信发送间隔周期，以小时为单位。 取值范围：0~72小时
B60: UE状态管理参数（欢迎短信） | C60: SendSMSType | D60: 控制FAP广播短信(是否发送欢迎短信标志) | E60: true、false | F60: true | G60: boolean | I60: RW | L60: 是否发送欢迎短信标志，False不发送欢迎短信，欢迎短信开关。 取值true：发送欢迎短信 取值false：不发送欢迎短信
B61: UE状态管理参数（欢迎短信） | C61: SmsInform | D61: FAP广播短信内容 | G61: String(640) | I61: RW | L61: 欢迎短信内容，最多140字，2条短信内容，如是符号需用转义字符（如短号用\0表示），遇’\0’结束。
B62: UE状态管理参数（欢迎短信） | C62: SmsSenderNumber | D62: 短信发送主叫号码 | G62: String(32) | I62: RW | L62: 欢迎短信所显示的发送方号码，如10086，遇’\0’结束。
A63: 不在网管上显示 | B63: UE状态管理参数（欢迎短信） | C63: HnbIdentifier | D63: 将广播HomeNodeBIdentifier，供UE显示
A64: 不在网管上显示 | B64: UE状态管理参数（欢迎短信） | C64: HomeZoneName | D64: 家庭区域名称.运营商定义的ASCII字符串
A65: 不在网管上显示 | B65: UE状态管理参数（欢迎短信） | C65: MaxConcurrentCSGUsers | D65: 同时接入FAP的CSG可能用户的最大数
A66: 不在网管上显示 | B66: UE状态管理参数（欢迎短信） | C66: MaxMemberDetailEntries | D66: maxMemberDetailEntries
A67: 不在网管上显示 | B67: UE状态管理参数（欢迎短信） | C67: MemberDetailNumberOfEntries | D67: memberDetailNumberOfEntries
A68: 整个结构体都不显示在网管上 | B68: 网关连接状态参数表
A69: 整个结构体都不显示在网管上 | B69: 设备参数表
A70: 整个结构体都不显示在网管上 | B70: 接入控制参数表
A71: 整个结构体都不显示在网管上 | B71: NTP时间同步参数
A72: 整个结构体都不显示在网管上 | B72: 解广播参数

Sheet 修订历史
C2: 中国移动5G扩展型皮基站网管南向接口数据模型规范
A4: 版本 | B4: 日期 | C4: 修订内容 | D4: 修订人
A5: v1.0.0 | B5: 43453 | C5: 创建初稿 | D5: 苏翰、张欢、赫祎诺
A6: v1.1.0.1 | B6: 2020-9-25--2020-11--05 | C6: 修订： SA 页： 1.设备信息参数管理，会议讨论决定Device.DeviceInfo.后增加 MU.{i}.表示机框； 2.设备信息参数管理，会议讨论决定Device.DeviceInfo.后增加 MU.{i}.Slot.{i}.表示槽位板卡； 3.设备信息参数管理，会议讨论决定定义Device.DeviceInfo.MU.{i}.Slot.{i}.EU.{i}.表示 EU，并将SR页 EU设备级 参数融合到该对象中； 4.设备信息参数管理，会议讨论决定定义Device.DeviceInfo.MU.{i}.Slot.{i}.EU.{i}.RU.{i}.表示 RU，并将SR页 RU设备级 参数融合到该对象中； 5.按照机框板卡定义参数 SB 页： 1.增加系统当前版本说明，指gNB整体大版本，MU、EU、RU各自版本号在SA页的软件版本中查询 2.激活备份版本由A改为CB SH 页： 1. 删除小区最大发射功率 ST 页： 1. 扩展型一体化皮站-主单元（MU）参数管理，Device.Services.FAPService.{i}.FAPControl.LTE.SourcedSignalEnable和 Device.Services.FAPService.{i}.FAPControl.LTE.SourcedSignalEnable参数，经会议讨论，京信、锐捷、赛特斯、H3C厂商并没有该参数，建议移除 2. 扩展型一体化皮站-扩展单元（EU）参数管理，经会议讨论EU的参数除Device.DeviceInfo.EU.{i}.Reboot外融合到 SA页设备管理参数中 3. 扩展型一体化皮站-远端单元（RU）参数管理，经会议讨论除Device.DeviceInfo.EU.{i}.RU.{i}.Reboot、Device.DeviceInfo.EU.{i}.RU.{i}.MaxTxPower、Device.DeviceInfo.EU.{i}.RU.{i}.RFTxStatus及 Device.DeviceInfo.EU.{i}.RU.{i}.LTECell.{i}.ECI外，其他参数融合到 SA页 4.修订RW类可配置参数的路径，由Device.DeviceInfo.改为Device.Services.FAPService.{i}.FAPControl. 5.增加本地分流规则模型 v1.1.0.3SF 页： 1.修订Device.Services.FAPService.{i}.CellConfig.NR.5GC.PLMNList{i}.为Device.Services.FAPService.{i}.CellConfig.NR.5GC.PLMNList 2.修订Xn接口，增加NR.级别 3.修订AMF地址，由Cellconfig改为FAPControl 4.Device.Services.FAPService.{i}.Capabilities.MaxTxPower修改为Device.Services.FAPService.{i}.CellConfig.NR.MaxTxPower SE 页： 1.增加日志告警级别 SN 页： 1.增加Interface名称Name 2.修改“外部IP地址”为“IP地址” 3.将Device.IP.Interface.{i}.修改为Device.Ethernet.Interface.{i} SF 页： 1.新加SF页，定义基站级管理参数 SG 页： 1.新加SG页，定义基站级能力参数 ST页： 1.新增软采配置 SK页： 1.修订RNAU周期由Enumerate改为UnsignInt | D6: 苏翰，马键，李响，杨文英
A7: V1.1.1 | B7: 44151 | C7: 形成V1.1.1版本 | D7: 苏瀚，马键，贾辉，李响
A8: V1.1.1.0 | B8: 44162 | C8: 1.目录页修订SL、SM页路径增加多实例{i}.和NR. 2.SA页增加RU的状态信息Device.DeviceInfo.MU.{i}.Slot.{i}.EU.{i}.RU.{i}.Status 3.多实例页增加本地分流节点 | D8: 李响
A9: V1.1.1.0 | B9: 44168 | C9: SF页： 1.Device.Services.FAPService.{i}.FAPControl.NR.AdminState，修订备注，删除“射频"，指对小基站的整体使能开关，当"关闭"时，小基站基带、射频都处于关闭状态 2.Device.Services.FAPService.{i}.FAPControl.NR.AdminState修订为Device.Services.FAPService.{i}.FAPControl.NR.CellEnable.{i}.AdminState，指对每个小区的开关操作 3.Device.Services.FAPService.{i}.FAPControl.NR.OpState取值由“禁止/开启"修改为“可用/不可用” 4.Device.Services.FAPService.{i}.FAPControl.NR.OpState指所有小区都不能提供服务的场景，该值为“不可用” SM页： 1.修订Device.Services.FAPService.{i}.CellConfig.{i}.LTE.RAN.Mobility.IdleMode.InterFreq.Carrier.{i}.ThreshXLowP为Device.Services.FAPService.{i}.CellConfig.{i}.NR.RAN.Mobility.IdleMode.InterFreq.Carrier.{i}.ThreshXLowP SJ页： 1.Device.Services.FAPService.{i}.CellConfig.{i}.SysInfoCtrlParam.MultiBandInfoListSIB1修改为Device.Services.FAPService.{i}.CellConfig.{i}.NR.RAN.SysInfoCtrlParam.MultiBandInfoListSIB1 2.Device.Services.FAPService.{i}.CellConfig.{i}.SysInfoCtrlParam.MultiBandInfoListSIB5修订为Device.Services.FAPService.{i}.CellConfig.{i}.NR.RAN.SysInfoCtrlParam.MultiBandInfoListSIB5 | D9: 李响
A10: V1.1.1.1 | B10: 44175 | C10: SF页： 删除Device.Services.FAPService.{i}.FAPControl.NR.CellEnable.{i}.AdminState SJ页： 增加Device.Services.FAPService.{i}.CellConfig.{i}.NR.RAN.CellEnable.AdminState | D10: 李响
A11: V1.1.1.2 | B11: 44182 | C11: SA页： 增加MU reboot SK页： 17&23：Device.Services.FAPService.{i}.CellConfig.{i}.NR.RAN.PHY.TddULDLConfigurationCommon.pattern1.DlULTransmissionPeriodicity删除空格 | D11: 李响
A12: V1.1.1.3 | B12: 44194 | C12: SK页： 1.Device.Services.FAPService.{i}.CellConfig.{i}.NR.RAN.PHY.PDCCH.CommonControlResourceSet.CceRegMappingType.RegBundleSize，大写CommonControlResourceSet SF页： 1.AmfPoolConfigParam.{i}修改为AMFPoolConfigParam.{i}，子节点由AMF改为Amf 2.增加GUAMI.{i}.到AmfRegionID&AmfSetID&AmfPointer，并将此三个参数修改为只读 SK页： 1.RACH-ConfigGeneric修改为RACHConfigGeneric SH页： 1.Rulelist修改为RuleList 其他： 1.取值范围增加“无效值” SJ页： 1.删除Device.Services.FAPService.{i}.CellConfig.{i}.NR.5GC.TAC 2.删除Device.Services.FAPService.{i}.CellConfig.{i}.NR.5GC.PLMNList.{i}.PLMNID | D12: 李响
A13: V1.1.1.4 | B13: 44200 | C13: SI页： 删除Capability相关参数 SJ页： 将Capability补充道Cell级别 NR.RAN.CellEnable.AdminState修改为小区管理状态 SA页： 增加Device.DeviceInfo.MU.{i}.Slot.{i}.DataModelSpecVersion SH页： 增加Device.Services.FAPService.{i}.FAPControl.LocalBreakout.IpRules.RuleList.{i}.MeasurementPeriod 增加Device.Services.FAPService.{i}.FAPControl.LocalBreakout.IpRules.RuleList.{i}.Thoughput ST页： 增加Device.FAP.SCMgmt.Config.{i}.SCIPAddress 增加Device.FAP.SCMgmt.Config.{i}.SCPort 增加Device.FAP.SCMgmt.Config.{i}.SCLoginID | D13: 李响
A14: V1.1.1.5 | B14: 44203 | C14: SJ页： Device.Services.FAPService.{i}.CellConfig.{i}.NR.RAN.CellRestriction.CellBarred修订类型（0：解闭塞，1闭塞） SA页： 增加Device.DeviceInfo.MU.{i}.Slot.{i}.EU.{i}.SwUpgrade.FailureCause说明升级失败原因 | D14: 李响
A15: V1.1.1.6 | B15: 2021-1-13，19，20，21 | C15: SA页： 增加Device.DeviceInfo.MU.{i}.Slot.{i}.EU.{i}.RU.{i}.SwUpgrade.Stage和Device.DeviceInfo.MU.{i}.Slot.{i}.EU.{i}.RU.{i}.SwUpgrade.Status备注说明 修订Device.DeviceInfo.AddEndPoint和Device.DeviceInfo.DelEndPoint描述，修订DelEndPonit为DelEndPoint 增加Device.DeviceInfo.MU.{i}.Slot.{i}.SwUpgrade.failureCause,Device.DeviceInfo.MU.{i}.Slot.{i}.EU.{i}.SwUpgrade.failureCause，Device.DeviceInfo.MU.{i}.Slot.{i}.EU.{i}.RU.{i}.SwUpgrade.FailureCause 修改Device.DeviceInfo.MU.{i}.Slot.{i}.EU.{i}.RU.{i}.RouteIndex的中文名称为“射频单元路由指示” 增加Device.DeviceInfo.MU.{i}.Slot.{i}.EU.{i}.RU.{i}.RouteIndex备注：“MU、EU和RU的端口从1开始” 增加Device.DeviceInfo.MU.{i}.Slot.{i}.EU.{i}.{i}.RouteIndex备注：“MU、EU和RU的端口从1开始” SK页： 修订RACH-ConfigGeneric为RACHConfigGeneric 修订NR.RAN.PHY.RACHConfigCommon.Msg1Subcarrier Spacing为NR.RAN.PHY.RACHConfigCommon.Msg1SubcarrierSpacing 删除OffsetToPointA、Msg3DeltaPreamble、RootType、TotalNumberOfRAPreambles、RaMsg3SizeGroupA、MessagePowerOffsetGroupB、RsrpThresholdSSB末尾空格 增加Device.Services.FAPService.{i}.CellConfig.{i}.NR.RAN.PHY.Antenna.NumOfTxAntenna和Device.Services.FAPService.{i}.CellConfig.{i}.NR.RAN.PHY.Antenna.NumOfRxAntenna SM页： 删除IntraFreqReselection、ThresholdRSRP、ThreshXHighP、ThreshXHighQ末尾空格 SS页： 删除PerfMgmt.Config.{i}.Enable、URL、Username、Password、PeriodicUploadInterval末尾空格 ST页： XnETRIEVEUECONTEXTREQUESTEnable修订为XnRETRIEVEUECONTEXTREQUESTEnable Device.FAP.SCMgmt.Config.{i}.XnDATAFORWARDINGADDRESSINDICATIONEnable改为：Device.FAP.SCMgmt.Config.{i}.XnUADDRESSINDICATIONEnable 3.将Device.FAP.SCMgmt.Config.{i}.XnE-UTRA–NRCELLRESOURCECOORDINATIONREQUESTEnable 改为Device.FAP.SCMgmt.Config.{i}.XnE-UTRA-NRCELLRESOURCECOORDINATIONREQUESTEnable（3和4是破折号采用了中文类型的破折号，应改为英文类型的） 4.将 Device.FAP.SCMgmt.Config.{i}.XnE-UTRA–NRCELLRESOURCECOORDINATIONRESPONSEEnable改为Device.FAP.SCMgmt.Config.{i}.XnE-UTRA-NRCELLRESOURCECOORDINATIONRESPONSEEnable 5.增加Device.FAP.SCMgmt.Config.{i}.SCGID只读属性 SO： 增加Ipv6，VLAN接口信息 SJ： 增加Device.Services.FAPService.{i}.CellConfig.{i}.NR.RAN.Common.gNBIdLength | D15: 李响
A16: V1.1.2 | B16: 44267 | C16: SH页： 增加IPv6参数 SO页： 增加IPv6 ST页： 修改SCAIP为string64 | D16: 李响
A17: V1.1.2 | B17: 44274 | C17: SF页： Device.Services.FAPService.{i}.FAPControl.NR.AMFPoolConfigParam.{i}.AmfName参数类型修订为string（150）； Device.Services.FAPService.{i}.FAPControl.NR.XnIpAddrMapInfo.{i}.remoteaddress修改为Device.Services.FAPService.{i}.FAPControl.NR.XnIpAddrMapInfo.{i}.RemoteAddress； Device.Services.FAPService.{i}.FAPControl.NR.XnIpAddrMapInfo.{i}.SubnetMask修改为只读属性； Device.Services.FAPService.{i}.FAPControl.NR.XnIpAddrMapInfo.{i}.localaddress修改为Device.Services.FAPService.{i}.FAPControl.NR.XnIpAddrMapInfo.{i}.LocalAddress，属性修改为只读； SH页： 修订标题为本地分流策略管理 SJ页： 增加Device.Services.FAPService.{i}.CellConfig.{i}.NR.RAN.RF.SsbFrequency Device.Services.FAPService.{i}.CellConfig.{i}.NR.RAN.RF.NRARFCNUL和Device.Services.FAPService.{i}.CellConfig.{i}.NR.RAN.RF.NRARFCNDL数据类型修订为unsignInt[1:3279165]; Device.Services.FAPService.{i}.CellConfig.{i}.NR.RAN.SysInfoCtrlParam.MultiBandInfoListSIB5修订为Device.Services.FAPService.{i}.CellConfig.{i}.NR.RAN.SysInfoCtrlParam.IdleModeRATMobile.{i}.MultiBandInfoListSIB5； Device.Services.FAPService.{i}.CellConfig.{i}.NR.Capabilities.UeInactiveTimer修改取值范围为[0:7200] | D17: 李响
A18: V1.1.2 | B18: 44284 | C18: SF页： 1.Device.Services.FAPService.{i}.FAPControl.NR.XnIpAddrMapInfo.{i}.TAC修订为TAISupportList.{i}.TAC 2.增加Device.Services.FAPService.{i}.FAPControl.NR.XnIpAddrMapInfo.{i}.BoardcastPLMNs.PLMNID 3.删除Device.Services.FAPService.{i}.FAPControl.NR.XnIpAddrMapInfo.{i}.PLMNID SK页： 1.Device.Services.FAPService.{i}.CellConfig.{i}.NR.RAN.PHY.FrequencyInfoDLSIB.OffsetToPointA修订为只读 2.删除Device.Services.FAPService.{i}.CellConfig.{i}.NR.RAN.PHY.FrequencyInfoULSIB.AbsoluteFrequencyPointA计算得到不需要配置，删除 3.删除Device.Services.FAPService.{i}.CellConfig.{i}.NR.RAN.PHY.SSB.SsPBCHBlockPower重复配置SJ 4.Device.Services.FAPService.{i}.CellConfig.{i}.NR.RAN.PHY.SSB.SsbSubcarrierOffset修改只读 5.增加BWP及对应信道参数修改 | D18: 李响
A19: V1.1.2 | B19: 44285 | C19: SJ页： 1.增加VoNRSupport SK页： 1.DlULTransmissionPeriodicity增加无效值0x0000FFFF SA页： 增加RU的底噪测量NoisePwdBm SJ页： 增加小区底噪测量NoisePwdBm | D19: 李响
A20: V1.1.2 | B20: 44294 | C20: SA页： 修订EU和RU的RouteIndex描述 SJ页： PyhicalCellId取值修订为[0:1007] 修订DLBandwidth和ULBandwidth取值为整型 修订NrCellIdentity的数值类型从unsignedInt修改为unsignedLong | D20: 李响
A21: V1.1.2 | B21: 44299 | C21: SK页: 1. 修订BWO以及对应信道参数修改，按3GPP协议调整节点顺序； | D21: 李响
A22: V1.1.2 | B22: 44308 | C22: SS页： 根据接口规范删除600 | D22: 李响
A23: V1.1.2 | B23: 44329 | C23: SO页： 增加本地路由配置 | D23: 李响
A24: V1.1.2 | B24: 44329 | C24: SA页： 1.增修改FailureCause长度为String512 2.增删Object中string(64)改为string(128) SH页： 1.删除IP五元组测量周期和吞吐量，增加流量限制规则和吞吐量统计 SJ页： 1.修订gNBIDLength为unsignedint[22:32] 2.删除gNBID、Name、Length 3.增加共享小区配置模型 SF页： 1.增加gNBID、Name、Length SK页： 1.修订BWPID由[1:5]改为[0:4] SM页： 1.InterFreq.SNonIntraSearchQ&InterFreq.SNonIntraSearchP修改为IntraFreq.SNonIntraSearchQ&IntraFreq.SNonIntraSearchP SC页： 1.UDPConnectionRequestAddress修改为只读属性 | D24: 李响
A25: V1.1.2 | B25: 44334 | C25: SG页： 增加自动开站参数模型 SA页： 删除RU MaxTxPower 增加RU下RFChannel的TxPower 修订RU.{i}.NoisePwdBm为RU.{i}.RF.{i}.NoisePwdBm 增加节能管理参数 SJ页： 增加RU和小区关联关系 增加小区最大发射功率 增加节能管理参数 增加IPv6的默认网关 SO页： 删除路由配置表的接口interface{i} SH页： 修改DNS优先级 修改流量统计规则IP、DNS、PLMN、SNSSAI为只读属性，取值根据本地分流规则自动产生 SC页： STUN改为CB类 SR页： 增加NCGI小区列表 | D25: 李响
A26: V1.1.2 | B26: 44340 | C26: SJ页： 增加节能策略 VoNR不需要List多实例，删除，增加VoNR开关 SA页： 删除RU下的节能参数 修改RU TxPower为TxGain SK页： 增加PCCH寻呼参数配置 SM页： 修改Smeasure在NR下 SG页： 增加PCI冲突混淆检测开关 | D26: 李响
A27: V1.2 | B27: 44356 | C27: MU&Slot,SerialNumber增加描述“设备序列号，以“-NR”结尾” | D27: 李响
... A32: V1.6 | B32: 44385 | C32: SD页，增加alarmLocation | D32: 李响
A33: V1.7 | B33: 44398 | C33: SD页，History增加alarmLocation

Sheet 封面
B3: TD-LTE NanoCell南向数据配置模型规范(推荐版)
B5: 概述（详细问题请查阅正文内容）：
B6: TD-LTE NanoCell南向数据配置模型规范(推荐版)
B7: 文档适应的产品 | D7: 移动 NanoCell
B10: 文档详细信息 | D10: 版本 | E10: 作者 | F10: 时间 | G10: 来源 | H10: 注释
B11: TD-LTE NanoCell网管数据模型规范(初稿) | D11: 首发 | E11: 京信团队 | F11: 42535
G15: 京信通信系统（广州）有限公司

Sheet 目录
A1: 索引 | B1: 参数管理类别 | C1: 参数管理说明 | D1: A类属性数 | E1: B类属性数 | F1: CA类属性数 | G1: CB类属性数 | H1: 小计
A2: SA | B2: DeviceInfo | C2: 设备信息参数管理 | D2: =COUNTIF(SA!$E:$E,"A") -> 83 | E2: =COUNTIF(SA!$E:$E,"B") -> 2 | F2: =COUNTIF(SA!$E:$E,"CA") -> 0 | G2: =COUNTIF(SA!$E:$E,"CB") -> 0 | H2: =SUM($D2:$G2) -> 85
A3: SB | B3: SoftwareCtrl | C3: 软件版本参数管理 | D3: =COUNTIF(SB!$E:$E,"A") -> 3 | E3: =COUNTIF(SB!$E:$E,"B") -> 0 | F3: =COUNTIF(SB!$E:$E,"CA") -> 0 | G3: =COUNTIF(SB!$E:$E,"CB") -> 2 | H3: =SUM($D3:$G3) -> 5
A4: SC | B4: ManagementServer | C4: 基站网管参数管理 | D4: =COUNTIF(SC!$E:$E,"A") -> 12 | E4: =COUNTIF(SC!$E:$E,"B") -> 0 | F4: =COUNTIF(SC!$E:$E,"CA") -> 0 | G4: =COUNTIF(SC!$E:$E,"CB") -> 7 | H4: =SUM($D4:$G4) -> 19
A5: SD | B5: FaultMgmt | C5: 告警参数管理 | D5: =COUNTIF(SD!$E:$E,"A") -> 55 | E5: =COUNTIF(SD!$E:$E,"B") -> 0 | F5: =COUNTIF(SD!$E:$E,"CA") -> 0 | G5: =COUNTIF(SD!$E:$E,"CB") -> 0 | H5: =SUM($D5:$G5) -> 55
A6: SE | B6: DeviceLogMgmt | C6: 日志参数管理 | D6: =COUNTIF(SE!$E:$E,"A") -> 6 | E6: =COUNTIF(SE!$E:$E,"B") -> 0 | F6: =COUNTIF(SE!$E:$E,"CA") -> 0 | G6: =COUNTIF(SE!$E:$E,"CB") -> 0 | H6: =SUM($D6:$G6) -> 6
A7: SF | B7: Services.FAPService.{i}.FAPControl.NR | C7: 基站配置参数管理 | D7: 18 | E7: 0 | F7: 0 | G7: 0 | H7: 18
A8: SG | B8: Services.FAPService.{i}.FAPControl.SelfConfig.SONConfigParam | C8: SON参数管理 | D8: =COUNTIF(SG!$E:$E,"A") -> 19 | E8: =COUNTIF(SG!$E:$E,"B") -> 0 | F8: =COUNTIF(SG!$E:$E,"CA") -> 0 | G8: =COUNTIF(SG!$E:$E,"CB") -> 18 | H8: =SUM($D8:$G8) -> 37
A9: SH | B9: Services.FAPService.{i}.FAPControl.LocalBreakout | C9: 本地分流规则 | D9: 0 | E9: 0 | F9: 0 | G9: 36 | H9: 36
A10: SI | B10: Services.FAPService.{i}.Capabilities.NR | C10: 基站能力参数管理 | D10: 1 | E10: 0 | F10: 0 | G10: 0 | H10: 1
A11: SJ | B11: Services.FAPService.{i}.CellConfig.{i}.NR | C11: 小区服务参数管理（总体） | D11: =COUNTIF(SJ!$E:$E,"A") -> 48 | E11: =COUNTIF(SJ!$E:$E,"B") -> 9 | F11: =COUNTIF(SJ!$E:$E,"CA") -> 5 | G11: =COUNTIF(SJ!$E:$E,"CB") -> 2 | H11: =SUM($D11:$G11) -> 64
A12: SK | B12: Services.FAPService.{i}.CellConfig.{i}.NR.RAN | C12: RAN协议栈参数 | D12: =COUNTIF(SK!$E:$E,"A") -> 123 | E12: =COUNTIF(SK!$E:$E,"B") -> 10 | F12: =COUNTIF(SK!$E:$E,"CA") -> 4 | G12: =COUNTIF(SK!$E:$E,"CB") -> 5 | H12: =SUM($D12:$G12) -> 142
A13: SL | B13: Services.FAPService.{i}.CellConfig.{i}.NR.RAN.NeighborList | C13: 邻区参数管理 | D13: =COUNTIF(SL!$E:$E,"A") -> 28 | E13: =COUNTIF(SL!$E:$E,"B") -> 1 | F13: =COUNTIF(SL!$E:$E,"CA") -> 0 | G13: =COUNTIF(SL!$E:$E,"CB") -> 0 | H13: =SUM($D13:$G13) -> 29
A14: SM | B14: Services.FAPService.{i}.CellConfig.{i}.NR.RAN.Mobility | C14: 移动性参数管理 | D14: =COUNTIF(SM!$E:$E,"A") -> 207 | E14: =COUNTIF(SM!$E:$E,"B") -> 65 | F14: =COUNTIF(SM!$E:$E,"CA") -> 59 | G14: =COUNTIF(SM!$E:$E,"CB") -> 13 | H14: =SUM($D14:$G14) -> 344
A15: SN | B15: Services.FAPService.{i}.Transport.SCTP | C15: SCTP参数管理 | D15: =COUNTIF(SN!$E:$E,"A") -> 9 | E15: =COUNTIF(SN!$E:$E,"B") -> 0 | F15: =COUNTIF(SN!$E:$E,"CA") -> 0 | G15: =COUNTIF(SN!$E:$E,"CB") -> 0 | H15: =SUM($D15:$G15) -> 9
A16: SO | B16: WANDevice | C16: WAN口配置参数管理 | D16: =COUNTIF(SO!$E:$E,"A") -> 31 | E16: =COUNTIF(SO!$E:$E,"B") -> 6 | F16: =COUNTIF(SO!$E:$E,"CA") -> 0 | G16: =COUNTIF(SO!$E:$E,"CB") -> 0 | H16: =SUM($D16:$G16) -> 37
A17: SP | B17: Time | C17: 时间服务器参数管理 | D17: =COUNTIF(SP!$E:$E,"A") -> 5 | E17: =COUNTIF(SP!$E:$E,"B") -> 0 | F17: =COUNTIF(SP!$E:$E,"CA") -> 3 | G17: =COUNTIF(SP!$E:$E,"CB") -> 0 | H17: =SUM($D17:$G17) -> 8
A18: SQ | B18: FAP.GPS | C18: GPS信息参数管理 | D18: 0 | E18: =COUNTIF(SQ!$E:$E,"B") -> 0 | F18: =COUNTIF(SQ!$E:$E,"CA") -> 0 | G18: =COUNTIF(SQ!$E:$E,"CB") -> 3 | H18: =SUM($D18:$G18) -> 3
A19: SR | B19: FAP.MRMgmt | C19: MR参数管理 | D19: =COUNTIF(SR!$E:$E,"A") -> 1 | E19: =COUNTIF(SR!$E:$E,"B") -> 14 | F19: =COUNTIF(SR!$E:$E,"CA") -> 0 | G19: =COUNTIF(SR!$E:$E,"CB") -> 0 | H19: =SUM($D19:$G19) -> 15
A20: SS | B20: FAP.Config.{i}.PerfMgmt | C20: 性能参数管理 | D20: =COUNTIF(SS!$E:$E,"A") -> 10 | E20: =COUNTIF(SS!$E:$E,"B") -> 0 | F20: =COUNTIF(SS!$E:$E,"CA") -> 0 | G20: =COUNTIF(SS!$E:$E,"CB") -> 0 | H20: =SUM($D20:$G20) -> 10
A21: ST | B21: FAP.SCMgmt | C21: 软采规则 | D21: 148 | E21: =COUNTIF(SH!$E:$E,"B") -> 0 | F21: 0 | G21: =COUNTIF(SS!$E:$E,"CB") -> 0 | H21: =SUM($D21:$G21) -> 148
A22: 合计 | D22: =SUM(D2:D21) -> 807 | E22: =SUM(E2:E21) -> 107 | F22: =SUM(F2:F21) -> 71 | G22: =SUM(G2:G21) -> 86 | H22: =SUM($D22:$G22) -> 1071
B23: 说明： 1.LDN的组成方式，按照《中国移动室分系统OMC南向接口要求 第2部分：皮基站技术要求_0611_clean》规范中附录B3.2的样例： i. gNB的LDN的组成如：localDn="ManagedElement=SN,Type=gNB",其中，ManagedElement的SN取SA页Device.DeviceInfo.MU.{i}.SerialNumber ii. CU的LDN组成如：localDn="ManagedElement=SN,Type=CU,gNBID=123,CUId=123，其中CUId取值为gNBID的值 iii. DU的LDN组成如：localDn="ManagedElement=SN,Type=DU,gNBID=123,DUId=22"，其中DUId取值为NrcellIdentity iv. 对于CU小区的LDN，其组成如localDn="Type=Cell,Mode=SA,gNBID=123,NrCI=22,CUId=123" v. 对于DU小区的LDN，其组成如localDn="Type=Cell,Mode=SA,gNBID=123,NrCI=22,DUId=22" vi. EU的LDN组成如：localDn="ManagedElement=SN,Type=EU,EU=EUSN",其中，EUSN取SA页Device.DeviceInfo.MU.{i}.Slot.{i}.EU.{i}.SerialNumber vii. RU的LDN组成如：localDn="ManagedElement=SN,Type=RU,RU=RUSN",其中，RUSN取SA页Device.DeviceInfo.MU.{i}.Slot.{i}.EU.{i}.RU.{i}.SerialNumber viii. 网卡的LDN组成如：localDn="ManagedElement=SN,Type=NIC,PortLocation=..." 2.SD页告警ManagedObjectInstance须填写DN，DN后以"|"结尾，并可以携带其他辅助信息，信息以"|"分割 样例(Device.DeviceInfo.MU.{i}.SerialNumber=1234567,告警源CU的SN=7654321，告警源DU的SN=123456789)： 1. MU产生告警，则MOI中信息如： "DN='DC=BJ,SubNetwork=1,ManagedElement=1234567,Type=gNB'|......" 2. MU.1.Slot.1产生CU告警，则MOI中信息如："DN='DC=BJ,SubNetwork=1,ManagedElement=1234567,Type=CU,gNBID=123,CUId=123'|......" 3. MU.1.Slot.1产生DU告警, 则MOI中信息如："DN='DC=BJ,SubNetwork=1,ManagedElement=1234567,Type=DU,gNBID=123,DUId=22'|......" 4. MU.1.Slot.1产生CU小区告警，则MOI中信息如："DN='DC=BJ,SubNetwork=1,ManagedElement=1234567,Type=Cell,Mode=SA,gNBID=123,NrCI=22,CUId=123|......" 5. MU.1.Slot.1产生DU小区告警, 则MOI中信息如："DN='DC=BJ,SubNetwork=1,ManagedElement=1234567,Type=Cell,Mode=SA,gNBID=123,NrCI=22,DUId=22|......" 6. MU.1.Slot.1产生网卡告警，则MOI中信息如："DN='DC=BJ,SubNetwork=1,ManagedElement=1234567,Type=NIC,PortLocation=...|......"

Sheet SA
A1: 归类 | B1: 网管数据模型(TR181) | C1: 参数名称 | D1: 中文名 | E1: 重要性 | F1: 北向Index | G1: 北向NRM参数映射 | H1: 网管读写权限 | I1: 类型 | J1: 描述 | K1: 来源 | L1: 备注
A2: 主机单元（MU）设备信息参数管理 | B2: Device.DeviceInfo.MU.{i}.UserLabel | C2: UserLabel | D2: 用户友好名 | E2: A | F2: AA | G2: UserLabel | H2: RW | I2: string | J2: 字段必须与OMC系统内配置资源名称保持一致。且要求UserLabel与告警、性能数据中同一资源对象使用的网元用户友好名保持一致，即用户有好名在OMC内部以及北向接口交互过程中全局唯一。OMC系统内配置资源命名建议参考《中国移动网络资源命名规范-无线分册》，基站命名要求。默认不填写为空字符串 | K2: 5G SA gNB网元统计数据需求规范-NRM(V1.4.2)
B3: Device.DeviceInfo.MU.{i}.DnPrefix | C3: DnPrefix | D3: DN前缀 | E3: A | F3: / | G3: / | H3: RW | I3: string | J3: 默认不填写为空字符串 | K3: 中国移动室分系统OMC南向接口要求 第2部分：皮基站技术要求_0611_clean
B4: Device.DeviceInfo.MU.{i}.ManufacturerOUI | C4: ManufacturerOUI | D4: 制造商OUI | E4: A | F4: / | G4: / | H4: R | I4: string(6) | J4: / | K4: TR系列规范(TR098/TR181)/NRM数据配置要求
B5: Device.DeviceInfo.MU.{i}.Manufacturer | C5: Manufacturer | D5: 制造商 | E5: A | F5: / | G5: / | H5: R | I5: string(64) | J5: / | K5: TR系列规范(TR098/TR181)/NRM数据配置要求
B6: Device.DeviceInfo.MU.{i}.ModelName | C6: ModelName | D6: 设备型号 | E6: A | F6: AA | G6: NeType | H6: R | I6: string(64) | J6: / | K6: TR系列规范(TR098/TR181)/NRM数据配置要求
B7: Device.DeviceInfo.MU.{i}.VendorUnitFamilyType | C7: VendorUnitFamilyType | D7: 归属类型 | E7: A | F7: AE | G7: VendorUnitFamilyType | H7: R | I7: string | J7: 由供应商提供的便于记忆的资产单元的归属类型 | K7: 5G SA gNB网元统计数据需求规范-NRM(V1.4.2)
B8: Device.DeviceInfo.MU.{i}.VendorUnitTypeNumber | C8: VendorUnitTypeNumber | D8: 资产单元类型版本号 | E8: A | F8: AE | G8: VendorUnitTypeNumber | H8: R | I8: string | J8: 由供应商提供的可唯一识别资产单元类型及版本的号码 | K8: 5G SA gNB网元统计数据需求规范-NRM(V1.4.2)
B9: Device.DeviceInfo.MU.{i}.SerialNumber | C9: SerialNumber | D9: 序列号 | E9: A | F9: AB AC | G9: SerialNumber | H9: R | I9: string(64) | J9: 设备序列号，以“-NR”结尾 | K9: TR系列规范(TR098/TR181)/NRM数据配置要求
B10: Device.DeviceInfo.MU.{i}.HardwareVersion | C10: HardwareVersion | D10: 硬件版本 | E10: A | F10: AA | G10: Version | H10: R | I10: string(64) | J10: / | K10: TR系列规范(TR098/TR181)/NRM数据配置要求
B11: Device.DeviceInfo.MU.{i}.SoftwareVersion | C11: SoftwareVersion | D11: 软件版本 | E11: A | F11: AA | G11: SwVersion | H11: R | I11: string(64) | J11: / | K11: TR系列规范(TR098/TR181)/NRM数据配置要求
B12: Device.DeviceInfo.MU.{i}.HardwarePlatform | C12: HardwarePlatform | D12: 硬件平台 | E12: A | F12: AA | G12: HardwarePlatform | H12: R | I12: string(64) | J12: / | K12: NRM数据配置要求
B13: Device.DeviceInfo.MU.{i}.AdditionalHardwareVersion | C13: AdditionalHardwareVersion | D13: 附加硬件版本 | E13: A | F13: / | G13: / | H13: R | I13: string(64) | J13: / | K13: TR系列规范(TR098/TR181)/NRM数据配置要求
B14: Device.DeviceInfo.MU.{i}.AdditionalSoftwareVersion | C14: AdditionalSoftwareVersion | D14: 附加软件版本 | E14: A | F14: / | G14: / | H14: R | I14: string(64) | J14: / | K14: TR系列规范(TR098/TR181)/NRM数据配置要求
... B17: Device.DeviceInfo.MU.{i}.Status | C17: Status | D17: 机框/服务器状态 | E17: A | F17: / | G17: / | H17: R | I17: unsignedInt[1:3] | J17: 1:正常 2:离线 3:告警 | K17: TR系列规范(TR098/TR182)/NRM数据配置要求
B18: Device.DeviceInfo.MU.{i}.Reboot | C18: Reboot | D18: 重启开关 | E18: A | F18: / | G18: / | H18: RW | I18: boolean | J18: 0:不重启 1:重启
B19: Device.DeviceInfo.MU.{i}.UpTime | C19: UpTime | D19: 运行时间 | E19: A | F19: / | G19: / | H19: R | I19: unsignedInt | J19: / | K19: TR系列规范(TR098/TR181)/NRM数据配置要求
B20: Device.DeviceInfo.MU.{i}.FirstUseDate | C20: FirstUseDate | D20: 首次使用日期 | E20: A | F20: / | G20: / | H20: R | I20: dateTime | J20: / | K20: TR系列规范(TR098/TR181)/NRM数据配置要求
B21: Device.DeviceInfo.MU.{i}.ClockSource | C21: ClockSource | D21: 时钟源类型 | E21: A | F21: AA | G21: ClockSource | H21: R | I21: unsignedInt[1:11} | J21: Enumerate{ GPS, GLONASS, BDS, 1588v2, GPS/GLONASS, // GPS 为主，GLONASS 为从 BDS/GPS， GPS/BDS， GALILEO， GPS/GALILEO， // GPS/GALILEO/GLONASS, GPS/GALILEO/BDS } | K21: 《5G SA gNB网元统计数据需求规范-NRM(V1.4.2)》
B22: Device.DeviceInfo.MU.{i}.SwUpgrade.Stage | C22: Stage | D22: 升级阶段 | E22: A | F22: / | G22: / | H22: R | I22: unsignedInt[1:5] | J22: 1:初始化 2:下载 3:安装 4:等待激活 5.激活
B23: Device.DeviceInfo.MU.{i}.SwUpgrade.FailureCause | C23: FailureCause | D23: 升级失败原因 | E23: A | F23: / | G23: / | H23: R | I23: string(512) | J23: 升级失败原因描述
B24: Device.DeviceInfo.MU.{i}.SwUpgrade.Status | C24: Status | D24: 状态 | E24: A | F24: / | G24: / | H24: R | I24: unsignedInt[1:3] | J24: 1:成功 2:失败
B25: Device.DeviceInfo.MU.{i}.DateOfLastService | C25: DateOfLastService | D25: 最近服务的日期（最近一次恢复工作正常状态的时间） | E25: A | F25: AE | G25: DateOfLastService | H25: R | I25: dateTime | J25: 生产日期 | K25: 5G SA gNB网元统计数据需求规范-NRM(V1.5.0)
B26: Device.DeviceInfo.MU.{i}.DateOfManufacture | C26: DateOfManufacture | D26: 生产日期 | E26: A | F26: AE | G26: DateOfManufacture | H26: R | I26: dateTime | J26: 最近服务的日期（最近一次恢复工作正常状态的时间） | K26: 5G SA gNB网元统计数据需求规范-NRM(V1.5.0)
B27: Device.DeviceInfo.MU.{i}.ManufacturerData | C27: ManufacturerData | D27: 特殊信息 | E27: A | F27: AE | G27: ManufacturerData | H27: R | I27: string | J27: 设备商填写的特殊信息 | K27: 5G SA gNB网元统计数据需求规范-NRM(V1.5.0)
B28: Device.DeviceInfo.MU.{i}.SlotsInformation | C28: SlotsInformation | D28: 插槽信息 | E28: A | F28: AC | G28: SlotsInformation | H28: R | I28: string | J28: 框内所有插槽、描述及占用状态。List of Struct{槽位号（字符串），描述(字符串)，占用状态（枚举)}。其中其中描述信息由厂家自行决定，占用状态为枚举{Unused,Used} | K28: 5G SA gNB网元统计数据需求规范-NRM(V1.5.0)
B29: Device.DeviceInfo.MU.{i}.Slot.{i}.PackPosition | C29: PackPosition | D29: 板卡位置 | E29: A | F29: AD | G29: PackPosition | H29: R | I29: string(64) | J29: 板卡在机框内的相对位置，通常用编号表示。数据格式定义为“机柜-机框-槽号”
B30: Device.DeviceInfo.MU.{i}.Slot.{i}.SlotsOccupied | C30: SlotsOccupied | D30: 占用槽位 | E30: A | F30: AD | G30: SlotsOccupied | H30: R | I30: string(64) | J30: 应表示板卡占用的槽位号列表。（注：一些板卡较宽，可能会占用两个或以上槽位）
B31: Device.DeviceInfo.MU.{i}.Slot.{i}.ManufacturerOUI | C31: ManufacturerOUI | D31: 制造商OUI | E31: A | F31: / | G31: / | H31: R | I31: string(6) | J31: / | K31: TR系列规范(TR098/TR181)/NRM数据配置要求
B32: Device.DeviceInfo.MU.{i}.Slot.{i}.Manufacturer | C32: Manufacturer | D32: 制造商 | E32: A | F32: / | G32: / | H32: R | I32: string(64) | J32: / | K32: TR系列规范(TR098/TR181)/NRM数据配置要求
B33: Device.DeviceInfo.MU.{i}.Slot.{i}.ModelName | C33: ModelName | D33: 设备型号 | E33: A | F33: / | G33: / | H33: R | I33: string(64) | J33: /
B34: Device.DeviceInfo.MU.{i}.Slot.{i}.SerialNumber | C34: SerialNumber | D34: 序列号 | E34: A | F34: AD | G34: SerialNumber | H34: R | I34: string(64) | J34: /
B35: Device.DeviceInfo.MU.{i}.Slot.{i}.HardwareVersion | C35: HardwareVersion | D35: 硬件版本 | E35: A | F35: / | G35: / | H35: R | I35: string(64) | J35: /
B36: Device.DeviceInfo.MU.{i}.Slot.{i}.SoftwareVersion | C36: SoftwareVersion | D36: 软件版本 | E36: A | F36: / | G36: / | H36: R | I36: string(64) | J36: /
B37: Device.DeviceInfo.MU.{i}.Slot.{i}.ProvisioningCode | C37: ProvisioningCode | D37: 供应商代号 | E37: A | F37: / | G37: / | H37: R | I37: string(64) | J37: / | K37: TR系列规范(TR098/TR181)/NRM数据配置要求
B38: Device.DeviceInfo.MU.{i}.Slot.{i}.VendorUnitFamilyType | C38: VendorUnitFamilyType | D38: 板卡类型 | E38: A | F38: AD | G38: VendorUnitFamilyType | H38: R | I38: string(64) | J38: 描述板卡功能类型。List of Enum{ 板卡类型（枚举）}。其中板卡类型的为Enumerate{MainControl，Carrier，Trans，Other}，分别表示主控板、载频板、传输板、其他板卡类型。对跨类型的板卡，列表中应包括该板卡的全部功能类型。（必须上报）
B39: Device.DeviceInfo.MU.{i}.Slot.{i}.UpTime | C39: UpTime | D39: 运行时间 | E39: A | F39: / | G39: / | H39: R | I39: unsignedInt | J39: / | K39: TR系列规范(TR098/TR181)/NRM数据配置要求
B40: Device.DeviceInfo.MU.{i}.Slot.{i}.DataModelSpecVersion | C40: DataModelSpecVersion | D40: 数据模型版本 | E40: A | F40: / | G40: / | H40: R | I40: string | J40: 描述中国移动技术规范发布的小基站南向数据模型版本号
B41: Device.DeviceInfo.MU.{i}.Slot.{i}.3GPPSpecVersion | C41: 3GPPSpecVersion | D41: 3GPP协议版本 | E41: A | F41: / | G41: / | H41: R | I41: string | J41: / | K41: TR系列规范(TR098/TR181)/NRM数据配置要求
B42: Device.DeviceInfo.MU.{i}.Slot.{i}.FirstUseDate | C42: FirstUseDate | D42: 首次使用日期 | E42: A | F42: / | G42: / | H42: R | I42: dateTime | J42: / | K42: TR系列规范(TR098/TR181)/NRM数据配置要求
B43: Device.DeviceInfo.MU.{i}.Slot.{i}.Status | C43: Status | D43: 板卡状态 | E43: A | F43: / | G43: / | H43: R | I43: unsignedInt[1:3] | J43: 1:正常 2:离线 3:告警
B44: Device.DeviceInfo.MU.{i}.Slot.{i}.Reboot | C44: Reboot | D44: 重启开关 | E44: A | F44: / | G44: / | H44: RW | I44: boolean | J44: 0:不重启 1:重启
B45: Device.DeviceInfo.MU.{i}.Slot.{i}.SwUpgrade.Stage | C45: Stage | D45: 升级阶段 | E45: A | F45: / | G45: / | H45: R | I45: unsignedInt[1:5] | J45: 1:初始化 2:下载 3:安装 4:等待激活 5.激活
B46: Device.DeviceInfo.MU.{i}.Slot.{i}.SwUpgrade.FailureCause | C46: FailureCause | D46: 升级失败原因 | E46: A | F46: / | G46: / | H46: R | I46: string(512) | J46: 升级失败原因描述
B47: Device.DeviceInfo.MU.{i}.Slot.{i}.SwUpgrade.Status | C47: Status | D47: 状态 | E47: A | F47: / | G47: / | H47: R | I47: unsignedInt[1:3] | J47: 1:成功 2:失败
A48: 扩展型皮站-扩展单元（EU）参数管理 | B48: Device.DeviceInfo.MU.{i}.Slot.{i}.EU.{i}.UserLabel | C48: UserLabel | D48: 用户友好名 | E48: A | F48: AA | G48: UserLabel | H48: RW | I48: string | J48: 字段必须与OMC系统内配置资源名称保持一致。且要求UserLabel与告警、性能数据中同一资源对象使用的网元用户友好名保持一致，即用户有好名在OMC内部以及北向接口交互过程中全局唯一。OMC系统内配置资源命名建议参考《中国移动网络资源命名规范-无线分册》，基站命名要求。默认不填写为空字符串 | K48: 5G SA gNB网元统计数据需求规范-NRM(V1.4.2)
B49: Device.DeviceInfo.MU.{i}.Slot.{i}.EU.{i}.RouteIndex | C49: RouteIndex | D49: 扩展单元路由指示 | E49: A | F49: / | G49: / | H49: R | I49: string(64) | J49: 1.扩展型皮基站主机单元与各扩展单元和远端单元可采用树状组网方式（包含菊花链、星形等）：主机单元为根节点，扩展单元为树枝节点，远端单元为叶节点； 2.本参数指示从扩展型主机单元某一板卡的某一端口或非板卡形态的主机单元的某一端口到扩展单元EU.{i}的路由路径，并与每个扩展单元的唯一标识对应，通过本参数和EU.{i}.RU.{i}可呈现整个组网拓扑结构及各单元所处位置； 3.RouteIndex取值规则为使用上一级单元的下联端口作为本级单元的路由标识，从左至右根据主机单元，当某一板卡的某一端口(板卡与端口间以“.”分割。非板卡结构MU直接使用端口号)到扩展单元EU.{i}的路由使用的各级设备端口号逐级取值，每级之间以下划线“_”分割，直至到达本节点EU.{i}。例如：“EU.{i}.RouteIndex = 3.2” 代表起始于主机单元（第零级）占用第3槽位的板卡的端口2相连接的EU。“EU.{i}.RouteIndex = 3.2_1_5_4”代表该路由起始于主机单元（第零级）占用第3槽位的板卡的端口2，经过第一级扩展单元南向级联端口1，第二级扩展单元南向向级联端口5，第三级扩展单元南向端口4路由到本扩展单元EU.{i}；非板卡类型主机单元，路由表示为2_1_5_4，2表示该路由起始于主机单元（第零级）的端口2。 4.通过RouteIndex取值中数值个数还能体现本扩展单元EU.{i}所处级数，例如“EU.{i}.RouteIndex = 3.2_1_5_4”说明该扩展单元EU.{i}位于第四级（主机单元为第零级）。 | L49: MU、EU和RU的端口从1开始
B50: Device.DeviceInfo.MU.{i}.Slot.{i}.EU.{i}.ManufacturerOUI | C50: ManufacturerOUI | D50: 制造商OUI | E50: A | F50: / | G50: / | H50: R | I50: string(6) | J50: / | K50: TR系列规范(TR098/TR181)/NRM数据配置要求
B51: Device.DeviceInfo.MU.{i}.Slot.{i}.EU.{i}.Manufacturer | C51: Manufacturer | D51: 制造商 | E51: A | F51: / | G51: / | H51: R | I51: string(64) | J51: / | K51: TR系列规范(TR098/TR181)/NRM数据配置要求
B52: Device.DeviceInfo.MU.{i}.Slot.{i}.EU.{i}.ModelName | C52: ModelName | D52: 设备型号 | E52: A | F52: / | G52: / | H52: R | I52: string(64)
B53: Device.DeviceInfo.MU.{i}.Slot.{i}.EU.{i}.SerialNumber | C53: SerialNumber | D53: 序列号 | E53: A | F53: / | G53: / | H53: R | I53: string(64) | J53: /
B54: Device.DeviceInfo.MU.{i}.Slot.{i}.EU.{i}.HardwareVersion | C54: HardwareVersion | D54: 硬件版本 | E54: A | F54: / | G54: / | H54: R | I54: string(64)
B55: Device.DeviceInfo.MU.{i}.Slot.{i}.EU.{i}.SoftwareVersion | C55: SoftwareVersion | D55: 软件版本 | E55: A | F55: / | G55: / | H55: R | I55: string(64)
B56: Device.DeviceInfo.MU.{i}.Slot.{i}.EU.{i}.ProvisioningCode | C56: ProvisioningCode | D56: 供应商代号 | E56: A | F56: / | G56: / | H56: R | I56: string(64) | J56: / | K56: TR系列规范(TR098/TR181)/NRM数据配置要求
B57: Device.DeviceInfo.MU.{i}.Slot.{i}.EU.{i}.Status | C57: Status | D57: 状态 | E57: A | F57: / | G57: / | H57: R | I57: unsignedInt[1:3] | J57: 1:正常 2:离线 3:告警
B58: Device.DeviceInfo.MU.{i}.Slot.{i}.EU.{i}.DLCRCSum | C58: DLCRCSum | D58: 扩展单元下行误码率 | E58: B | F58: / | G58: / | H58: R | I58: string(64) | J58: 若上一级是主机单元，则是扩展单元与主机单元下行误码率； 若上一级是扩展单元，则是扩展单元与扩展单元下行误码率； 下行误码率都由本级扩展单元统计。
B59: Device.DeviceInfo.MU.{i}.Slot.{i}.EU.{i}.ULCRCSum | C59: ULCRCSum | D59: 扩展单元上行误码率 | E59: B | F59: / | G59: / | H59: R | I59: string(64) | J59: 若上一级是主机单元，则是扩展单元与主机单元上行误码率，由主机单元统计； 若上一级是扩展单元，则是扩展单元与扩展单元上行误码率，由上一级扩展单元统计。
B60: Device.DeviceInfo.MU.{i}.Slot.{i}.EU.{i}.Reboot | C60: Reboot | D60: 重启开关 | E60: A | F60: / | G60: / | H60: RW | I60: boolean | J60: 0:不重启 1:重启
B61: Device.DeviceInfo.MU.{i}.Slot.{i}.EU.{i}.SwUpgrade.Stage | C61: Stage | D61: 升级阶段 | E61: A | F61: / | G61: / | H61: R | I61: unsignedInt[1:5] | J61: 1:初始化 2:下载 3:安装 4:等待激活 5.激活
B62: Device.DeviceInfo.MU.{i}.Slot.{i}.EU.{i}.SwUpgrade.Status | C62: Status | D62: 状态 | E62: A | F62: / | G62: / | H62: R | I62: unsignedInt[1:3] | J62: 1:成功 2:失败
B63: Device.DeviceInfo.MU.{i}.Slot.{i}.EU.{i}.SwUpgrade.FailureCause | C63: FailureCause | D63: 升级失败原因 | E63: A | F63: / | G63: / | H63: R | I63: string(512) | J63: 升级失败原因描述
A64: 扩展型皮站-远端单元（RU）参数管理 | B64: Device.DeviceInfo.MU.{i}.Slot.{i}.EU.{i}.RU.{i}.UserLabel | C64: UserLabel | D64: 用户友好名 | E64: A | F64: AA | G64: UserLabel | H64: RW | I64: string | J64: 字段必须与OMC系统内配置资源名称保持一致。且要求UserLabel与告警、性能数据中同一资源对象使用的网元用户友好名保持一致，即用户有好名在OMC内部以及北向接口交互过程中全局唯一。OMC系统内配置资源命名建议参考《中国移动网络资源命名规范-无线分册》，基站命名要求。默认不填写为空字符串 | K64: 5G SA gNB网元统计数据需求规范-NRM(V1.4.2)
B65: Device.DeviceInfo.MU.{i}.Slot.{i}.EU.{i}.RU.{i}.VendorUnitFamilyType | C65: VendorUnitFamilyType | D65: 归属类型 | E65: A | F65: AE | G65: VendorUnitFamilyType | H65: R | I65: string | J65: 由供应商提供的便于记忆的资产单元的归属类型 | K65: 5G SA gNB网元统计数据需求规范-NRM(V1.4.2)
B66: Device.DeviceInfo.MU.{i}.Slot.{i}.EU.{i}.RU.{i}.VendorUnitTypeNumber | C66: VendorUnitTypeNumber | D66: 资产单元类型版本号 | E66: A | F66: AE | G66: VendorUnitTypeNumber | H66: R | I66: string | J66: 由供应商提供的可唯一识别资产单元类型及版本的号码 | K66: 5G SA gNB网元统计数据需求规范-NRM(V1.4.2)
B67: Device.DeviceInfo.MU.{i}.Slot.{i}.EU.{i}.RU.{i}.RouteIndex | C67: RouteIndex | D67: 射频单元路由指示 | E67: A | F67: / | G67: / | H67: R | I67: string(64) | J67: 1.扩展型皮基站主机单元与各扩展单元和远端单元可采用树状组网方式（包含菊花链、星形等）：主机单元为根节点，扩展单元为树枝节点，远端单元为叶节点； 2.本参数指示从主机单元的某一板卡的某一端口或非板卡形态的主机单元的某一端口到射频单元RU.{i}的路由路径，并与每个扩展单元的唯一标识对应，通过本参数和EU.{i}.RU.{i}可呈现整个组网拓扑结构及各单元所处位置； 3.RouteIndex取值规则从左至右根据从主机单元某一板卡的某一端口(板卡与端口间以“.”分割)到射频单元RU.{i}的路由使用的各级扩展单元级联端口号逐级取值，每级之间以下划线“_”分割，直至到达本节点EU.{i}，EU.{i}与RU链接的下联端口用“+”表示。例如：“EU.{i}.RU.{i}.RouteIndex = 3.2_1_5+4”代表该路由起始于主机单元（第零级）第3板卡的南向级联端口2，经过第一级扩展单元南向级联端口1，第二级扩展单元南向级联端口5、第三级扩展单元下联端口4路由到本RU.{i}；非板卡类型主机单元，路由表示为2_1_5+4，2表示该路由起始于主机单元（第零级）的端口2。 4.通过RouteIndex取值中数值个数还能体现本射频单元RU.{i}所处级数，例如“EU.{i}.RouteIndex = 3.2_1_5+4”说明该射频单元RU.{i}位于第四级（主机单元为第零级）。 | L67: MU、EU和RU的端口从1开始
B68: Device.DeviceInfo.MU.{i}.Slot.{i}.EU.{i}.RU.{i}.Status | C68: Status | D68: 状态 | E68: A | F68: / | G68: / | H68: R | I68: unsignedInt[1:3] | J68: 1:正常 2:离线 3:告警
B69: Device.DeviceInfo.MU.{i}.Slot.{i}.EU.{i}.RU.{i}.ManufacturerOUI | C69: ManufacturerOUI | D69: 制造商OUI | E69: A | F69: / | G69: / | H69: R | I69: string(6) | J69: / | K69: TR系列规范(TR098/TR181)/NRM数据配置要求
B70: Device.DeviceInfo.MU.{i}.Slot.{i}.EU.{i}.RU.{i}.Manufacturer | C70: Manufacturer | D70: 制造商 | E70: A | F70: / | G70: / | H70: R | I70: string(64) | J70: / | K70: TR系列规范(TR098/TR181)/NRM数据配置要求
B71: Device.DeviceInfo.MU.{i}.Slot.{i}.EU.{i}.RU.{i}.ModelName | C71: ModelName | D71: 设备型号 | E71: A | F71: / | G71: / | H71: R | I71: string(64)
B72: Device.DeviceInfo.MU.{i}.Slot.{i}.EU.{i}.RU.{i}.SerialNumber | C72: SerialNumber | D72: 序列号 | E72: A | F72: AE | G72: SerialNumber | H72: R | I72: string(64) | J72: /
B73: Device.DeviceInfo.MU.{i}.Slot.{i}.EU.{i}.RU.{i}.HardwareVersion | C73: HardwareVersion | D73: 硬件版本 | E73: A | F73: / | G73: / | H73: R | I73: string(64)
B74: Device.DeviceInfo.MU.{i}.Slot.{i}.EU.{i}.RU.{i}.SoftwareVersion | C74: SoftwareVersion | D74: 软件版本 | E74: A | F74: / | G74: / | H74: R | I74: string(64)
B75: Device.DeviceInfo.MU.{i}.Slot.{i}.EU.{i}.RU.{i}.ProvisioningCode | C75: ProvisioningCode | D75: 供应商代号 | E75: A | F75: / | G75: / | H75: R | I75: string(64) | J75: / | K75: TR系列规范(TR098/TR181)/NRM数据配置要求
B76: Device.DeviceInfo.MU.{i}.Slot.{i}.EU.{i}.RU.{i}.Reboot | C76: Reboot | D76: 重启开关 | E76: A | F76: / | G76: / | H76: RW | I76: boolean | J76: 0:不重启 1:重启
B77: Device.DeviceInfo.MU.{i}.Slot.{i}.EU.{i}.RU.{i}.FrequencyBand | C77: FrequencyBand | D77: 支持频段 | E77: A | F77: AE | G77: FrequencyBand | H77: RW | I77: string | J77: 指RRU支持的工作频段，如n1、n2等频段。例如若支持n1、n2频段，则取值为{"n1","n2"}，具体取值参见38.104 5.4.2.3 | K77: 5G SA gNB网元统计数据需求规范-NRM(V1.5.0)
B78: Device.DeviceInfo.MU.{i}.Slot.{i}.EU.{i}.RU.{i}.RFChannel.{i}.TxGain | C78: TxGain | D78: 下行发射功率增益 | E78: A | F78: / | G78: / | H78: RW | I78: string | J78: 单位dB 指小基站某个发射通道发射增益， | L78: 可以为小数，例如3.2或-6.3
B79: Device.DeviceInfo.MU.{i}.Slot.{i}.EU.{i}.RU.{i}.RFTxStatus | C79: RFTxStatus | D79: 射频状态 | E79: A | F79: / | G79: / | H79: RW | I79: boolean | J79: 0:关闭 1:开启 指RU所有通道的射频开关
B80: Device.DeviceInfo.MU.{i}.Slot.{i}.EU.{i}.RU.{i}.SwUpgrade.Stage | C80: Stage | D80: 升级阶段 | E80: A | F80: / | G80: / | H80: R | I80: unsignedInt[1:5] | J80: 1:初始化 2:下载 3:安装 4:等待激活 5.激活 | L80: 1.Initial：指MU成功获得本次升级升级目标设备且目标设备软件版本和本次升级版本不一致需要升级时，MU进入软件升级initial状态（例如：本次升级Manifest文件解析成功并且数据模型中存在manifest文件中指定的升级目标同时MU获取EU/RU的软件版本和目标版本不一致的情况） 如果MU获取到目标设备软件版本与升级软件版本一致（例如：EU/RU的软件版本与manifest文件一致），则： i 则发送Inform，携带ValueChange，其中的升级状态为initial ii 然后发送Inform，携带ValueChange，其中升级状态为Success 2.DownLoad：指升级的目标单元软件版本下载到本地的状态，成功则进入Install，否则进入Fail状态 3.Install：指目标单元安装软件的状态，成功则进入WaitingActivation或Activation，否则进入Fail状态 4.WaitingActivation：指还未到达指定activate时间的状态 5.Activation：指目标单元激活软件版本的状态，否则进入Fail状态
B81: Device.DeviceInfo.MU.{i}.Slot.{i}.EU.{i}.RU.{i}.SwUpgrade.Status | C81: Status | D81: 状态 | E81: A | F81: / | G81: / | H81: R | I81: unsignedInt[1:3] | J81: 1:成功 2:失败 | L81: 成功/失败：指软件升级的最终状态 进行中：指正在执行的Software.stage还未进入成功或失败状态
B82: Device.DeviceInfo.MU.{i}.Slot.{i}.EU.{i}.RU.{i}.SwUpgrade.FailureCause | C82: FailureCause | D82: 升级失败原因 | E82: A | F82: / | G82: / | H82: R | I82: string(512) | J82: 升级失败原因描述
B83: Device.DeviceInfo.MU.{i}.Slot.{i}.EU.{i}.RU.{i}.RFChannel.{i}.NoisePwdBm | C83: NoisePwdBm | D83: 底噪 | E83: A | F83: / | G83: / | H83: R | I83: string | J83: / | L83: 《硬件测试规范》-4扩展单元测试-4.1组网能力
B84: Device.DeviceInfo.MU.{i}.Slot.{i}.EU.{i}.RU.{i}.DateOfManufacture | C84: DateOfManufacture | D84: 生产日期 | E84: A | F84: AE | G84: DateOfManufacture | H84: R | I84: dateTime | J84: 生产日期 | K84: 5G SA gNB网元统计数据需求规范-NRM(V1.4.2)
A85: 多实例状态变化通知参数 | B85: Device.DeviceInfo.AddEndPoint | C85: AddEndPoint | D85: 多实例新增 | E85: A | F85: / | G85: / | H85: R | I85: string(128) | J85: 多实例新增： 扩展型皮基站本地侧增加一个多实例时，需调用此模型通知网管具体增加的多实例节点， 保证两边的数据统一性。 例：远端(汇聚)单元接入时，扩展型皮基站需要用此型路径然后才用《南向接口技术规范》中valuechange事件上报网管。 AddEndPoint=Device.DeviceInfo.MU.1.Slot.1.EU.1.RU.3，同时当存在多个新增实例时使用","进行分割
B86: Device.DeviceInfo.DelEndPoint | C86: DelEndPoint | D86: 多实例删除 | E86: A | F86: / | G86: / | H86: R | I86: string(128) | J86: 多实例删除： 扩展型皮基站本地侧删除一个多实例时，需调用此模型通知网管具体删除的多实例节点， 保证两边的数据统一性。 例：当远端(汇聚)设备部署位置拆除时，扩展型皮基站需要用此模型路径然后才用《南向接口技术规范》中valuechange事件上报网管。 DelEndPoint=Device.DeviceInfo.MU.1.Slot.1.EU.1.RU.3，同时当存在多个新增实例时使用","进行分割

Sheet SB
A1: 归类 | B1: 网管数据模型(TR181) | C1: 参数名称 | D1: 中文名 | E1: 重要性 | F1: 北向Index | G1: 北向NRM参数映射 | H1: 网管读写权限 | I1: 类型 | J1: 描述 | K1: 来源 | L1: 备注
A2: 版本参数管理 | B2: Device.SoftwareCtrl.AutoActivateEnable | C2: AutoActivateEnable | D2: 立即激活目标升级版本使能开关 | E2: A | F2: / | G2: / | H2: RW | I2: boolean | J2: (0=false,1=true)，立即激活目标升级版本使能开关，当为true时，设备下载成功目标升级版本后立即激活版本，当为flase时，需要和ActivateTime这两个参数一起使用。 | K2: 自定义
B3: Device.SoftwareCtrl.ActivateTime | C3: ActivateTime | D3: 软件激活时间 | E3: A | H3: RW | I3: dateTime | J3: 激活时间，格式如：2012-12-11T19:15:00Z，下发命令后设备只要在大于等于激活时间里开启，就会激活系统备份版本。
B4: Device.SoftwareCtrl.ActivateEnable | C4: ActivateEnable | D4: 激活备份版本使能开关 | E4: CB | H4: RW | I4: boolean | J4: (0=false,1=true)激活备份版本使能开关，当为true时立即激活备份版本。
B5: Device.SoftwareCtrl.SystemCurrentVersion | C5: SystemCurrentVersion | D5: 系统当前版本 | E5: A | H5: R | I5: string(64) | J5: 系统正在使用的版本。表示gNB整体版本。
B6: Device.SoftwareCtrl.SystemBackupVersion | C6: SystemBackupVersion | D6: 系统备份版本 | E6: CB | H6: R | I6: string(64) | J6: 系统备份版本，新下载的或以前使用的版本。

Sheet SC
A1: 归类 | B1: 网管数据模型(TR181) | C1: 参数名称 | D1: 中文名 | E1: 重要性 | F1: 北向Index | G1: 北向NRM参数映射 | H1: 网管读写权限 | I1: 类型 | J1: 描述 | K1: 来源 | L1: 备注
A2: 网管参数管理 | B2: Device.ManagementServer.URL | C2: URL | D2: 网管服务器URL | E2: A | F2: / | G2: / | H2: RW | I2: string(256) | J2: ACS使用CWMP连接ACS的URL。格式必须为合法的HTTP/HTTPS的形式。 | K2: TR系列规范(TR098/TR181)
B3: Device.ManagementServer.Username | C3: Username | D3: 连接用户名 | E3: A | F3: / | G3: / | H3: RW | I3: string(256) | J3: ACS使用CWMP连接基站时使用的认证用户名。仅用于基站的基于HTTP的认证。 | K3: TR系列规范(TR098/TR181)
B4: Device.ManagementServer.Password | C4: Password | D4: 连接密码 | E4: A | F4: / | G4: / | H4: RW | I4: string(256) | J4: 基站使用CWMP连接ACS时使用的认证密码。仅用于基站的基于HTTP的认证。读取时返回一个空字符串. | K4: TR系列规范(TR098/TR181)
B5: Device.ManagementServer.PeriodicInformEnable | C5: PeriodicInformEnable | D5: 连接使能开关 | E5: A | F5: / | G5: / | H5: RW | I5: boolean | J5: 基站是否必须利用Inform方法调用定时向服务器端发送基站信息。当PeriodicInformEnable=true时，PeriodicInformInterval才起作用 | K5: TR系列规范(TR098/TR181)
B6: Device.ManagementServer.PeriodicInformTime | C6: PeriodicInformTime | D6: 上报周期 | E6: A | F6: / | G6: / | H6: RW | I6: dateTime | J6: 2012-12-11T19:15:00Z | K6: TR系列规范(TR098/TR181)
B7: Device.ManagementServer.PeriodicInformInterval | C7: PeriodicInformInterval | D7: 周期上报时间间隔 | E7: A | F7: / | G7: / | H7: RW | I7: unsignedInt[1:] | J7: 在PeriodicInformEnable为真时，基站必须尝试连接ACS并调用Inform方法的时间间隔。当PeriodicInformEnable=true才生效 | K7: TR系列规范(TR098/TR181)
B8: Device.ManagementServer.ParameterKey | C8: ParameterKey | D8: 键值 | E8: A | F8: / | G8: / | H8: R | I8: string(32) | J8: 来自于服务器的最新的 SetParameterValues，AddObject 或 DeleteObject 方法调用的 ParameterKey 自变量数值。如果没有此类调用，此数值为空。 | K8: TR系列规范(TR098/TR181)
B9: Device.ManagementServer.ConnectionRequestURL | C9: ConnectionRequestURL | D9: 连接请求URL | E9: A | F9: AA | G9: ManagementIpAddress | H9: R | I9: string(256) | J9: ACS向基站发起连接请求通知时所使用的HTTPURL。其形式如下：http://host:port/SOAP/HNBServlet?a=1的"主机"部分可以是基站管理接口的IP地址，用以替代域名。 | K9: TR系列规范(TR098/TR181)
B10: Device.ManagementServer.ConnectionRequestUsername | C10: ConnectionRequestUsername | D10: 连接请求用户名 | E10: A | F10: / | G10: / | H10: RW | I10: string(256) | J10: ACS向基站发起连接请求时，鉴权过程使用的用户名。 | K10: TR系列规范(TR098/TR181)
B11: Device.ManagementServer.ConnectionRequestPassword | C11: ConnectionRequestPassword | D11: 连接请求密码 | E11: A | F11: / | G11: / | H11: RW | I11: string(256) | J11: ACS向基站发起连接请求时，鉴权过程使用的密码。在被读取时，该参数会忽略实际值而返回一个空字符串。 | K11: TR系列规范(TR098/TR181)
B12: Device.ManagementServer.UDPConnectionRequestAddress | C12: UDPConnectionRequestAddress | D12: UDP连接请求地址 | E12: A | F12: / | G12: / | H12: R | I12: string(256) | J12: / | K12: TR系列规范(TR098/TR181)
B13: Device.ManagementServer.STUNEnable | C13: STUNEnable | D13: STUN使能开关 | E13: CB | F13: / | G13: / | H13: RW | I13: boolean | J13: (0=false,1=true) | K13: TR系列规范(TR098/TR181)
B14: Device.ManagementServer.STUNServerAddress | C14: STUNServerAddress | D14: STUN服务器地址 | E14: CB | F14: / | G14: / | H14: RW | I14: string(256) | J14: / | K14: TR系列规范(TR098/TR181)
... B20: Device.ManagementServer.NATDetected | C20: NATDetected | D20: NAT转换地址 | E20: A | F20: / | G20: / | H20: R | I20: boolean | J20: (0=false,1=true) | K20: TR系列规范(TR098/TR181)

Sheet SD
A1: 类型 | B1: 网管数据模型(TR181) | C1: 参数名称 | D1: 中文名 | E1: 重要性 | F1: 北向Index | G1: 北向NRM参数映射 | H1: 网管读写权限 | I1: 类型 | J1: 描述 | K1: 来源 | L1: 备注
A2: 告警管理 | B2: Device.FaultMgmt.SupportedAlarmNumberOfEntries | C2: SupportedAlarmNumberOfEntries | D2: 最大告警实例数量 | E2: A | F2: / | G2: / | H2: R | I2: unsignedInt | J2: / | K2: TR系列规范(TR098/TR181/中国移动Nanocell基站设备网络管理南向接口技术规范v1.3.0)
B3: Device.FaultMgmt.MaxCurrentAlarmEntries | C3: MaxCurrentAlarmEntries | D3: 最大当前告警实例数量 | E3: A | F3: / | G3: / | H3: R | I3: unsignedInt | J3: /
B4: Device.FaultMgmt.CurrentAlarmNumberOfEntries | C4: CurrentAlarmNumberOfEntries | D4: 当前告警实例数量 | E4: A | F4: / | G4: / | H4: R | I4: unsignedInt | J4: /
B5: Device.FaultMgmt.HistoryEventNumberOfEntries | C5: HistoryEventNumberOfEntries | D5: 历史事件实例数量 | E5: A | F5: / | G5: / | H5: R | I5: unsignedInt | J5: /
B6: Device.FaultMgmt.ExpeditedEventNumberOfEntries | C6: ExpeditedEventNumberOfEntries | D6: 紧急事件实例数量 | E6: A | F6: / | G6: / | H6: R | I6: unsignedInt | J6: /
B7: Device.FaultMgmt.QueuedEventNumberOfEntries | C7: QueuedEventNumberOfEntries | D7: 队列事件实例数量 | E7: A | F7: / | G7: / | H7: R | I7: unsignedInt | J7: /
B8: Device.FaultMgmt.SupportedAlarm.{i}.EventType | C8: EventType | D8: 告警类型 | E8: A | F8: / | G8: / | H8: R | I8: string(64) | J8: 设备上报告警消息中的告警类型，包括通讯告警、环境告警、设备告警、处理错误告警、服务质量告警等
B9: Device.FaultMgmt.SupportedAlarm.{i}.ProbableCause | C9: ProbableCause | D9: 告警原因 | E9: A | F9: / | G9: / | H9: R | I9: string(64) | J9: /
B10: Device.FaultMgmt.SupportedAlarm.{i}.SpecificProblem | C10: SpecificProblem | D10: 告警描述 | E10: A | F10: / | G10: / | H10: R | I10: string(128) | J10: /
B11: Device.FaultMgmt.SupportedAlarm.{i}.PerceivedSeverity | C11: PerceivedSeverity | D11: 支持告警级别 | E11: A | F11: / | G11: / | H11: R | I11: string | J11: 设备上报告警消息中的告警级别：Critical,严重；Major,重要；Minor,次要；Warning,警告；
B12: Device.FaultMgmt.SupportedAlarm.{i}.ReportingMechanism | C12: ReportingMechanism | D12: 告警上报机制 | E12: A | F12: / | G12: / | H12: RW | I12: string | J12: / | L12: 修改网管读写权限
B13: Device.FaultMgmt.CurrentAlarm.{i}.AlarmIdentifier | C13: AlarmIdentifier | D13: 该告警的唯一序列号 | E13: A | F13: / | G13: / | H13: R | I13: string(20) | J13: /
B14: Device.FaultMgmt.CurrentAlarm.{i}.AlarmRaisedTime | C14: AlarmRaisedTime | D14: 告警发生时间 | E14: A | F14: / | G14: / | H14: R | I14: dateTime | J14: /
B15: Device.FaultMgmt.CurrentAlarm.{i}.AlarmChangedTime | C15: AlarmChangedTime | D15: 告警改变时间 | E15: A | F15: / | G15: / | H15: R | I15: dateTime | J15: /
B16: Device.FaultMgmt.CurrentAlarm.{i}.FaultLocation | C16: FaultLocation | D16: 告警源定位信息 | E16: A | F16: / | G16: / | H16: R | I16: string(512) | J16: 表示故障源对应的资源对象信息，通常用管理对象实例（MOI）的DN表示。其中对于MOI的DN定义，5G皮基站参考《中国移动5G扩展型皮基站网管南向接口数据模型规范》相关说明，4G皮基站参考《中国移动一体化皮站_飞站基站设备网络管理南向接口数据配置模型规范》相关说明 | L16: 《中国移动无线三方设备综合OMC南向接口要求 第2部分：皮基站技术要求_0629》
B17: Device.FaultMgmt.CurrentAlarm.{i}.ManagedObjectInstance | C17: ManagedObjectInstance | D17: 管理对象实例 | E17: A | F17: / | G17: / | H17: R | I17: string(512) | J17: 定义了承载该对象实例DN时发生的基站告警的信息对象等级的实例 | L17: 手动同步告警采用该模型节点上报
B18: Device.FaultMgmt.CurrentAlarm.{i}.EventType | C18: EventType | D18: 告警类型 | E18: A | F18: / | G18: / | H18: R | I18: string(64) | J18: 设备上报告警消息中的告警类型，包括通讯告警、环境告警、设备告警、处理错误告警、服务质量告警等
B19: Device.FaultMgmt.CurrentAlarm.{i}.ProbableCause | C19: ProbableCause | D19: 告警原因 | E19: A | F19: / | G19: / | H19: R | I19: string(64) | J19: /
B20: Device.FaultMgmt.CurrentAlarm.{i}.SpecificProblem | C20: SpecificProblem | D20: 告警描述 | E20: A | F20: / | G20: / | H20: R | I20: string(128) | J20: /
B21: Device.FaultMgmt.CurrentAlarm.{i}.PerceivedSeverity | C21: PerceivedSeverity | D21: 当前告警级别 | E21: A | F21: / | G21: / | H21: R | I21: string | J21: 设备上报告警消息中的告警级别：Critical,严重；Major,重要；Minor,次要；Warning,警告；
B22: Device.FaultMgmt.CurrentAlarm.{i}.AdditionalText | C22: AdditionalText | D22: 告警附加文本 | E22: A | F22: / | G22: / | H22: R | I22: string(256) | J22: 本规范规定内容为厂家告警编码
B23: Device.FaultMgmt.CurrentAlarm.{i}.AdditionalInformation | C23: AdditionalInformation | D23: 告警附加信息 | E23: A | F23: / | G23: / | H23: R | I23: string(256) | J23: （格式：英文）统一采用此参数作为告警附加信息，映射到北向的AlarmText字段
B24: Device.FaultMgmt.HistoryEvent.{i}.EventTime | C24: EventTime | D24: 告警发生、改变、清除的时间 | E24: A | F24: / | G24: / | H24: R | I24: dateTime | J24: /
B25: Device.FaultMgmt.HistoryEvent.{i}.AlarmIdentifier | C25: AlarmIdentifier | D25: 该告警的唯一序列号 | E25: A | F25: / | G25: / | H25: R | I25: string(20) | J25: /
B26: Device.FaultMgmt.HistoryEvent.{i}.NotificationType | C26: NotificationType | D26: 通知类型 | E26: A | F26: / | G26: / | H26: R | I26: string | J26: /
B27: Device.FaultMgmt.HistoryEvent.{i}.FaultLocation | C27: FaultLocation | D27: 告警源定位信息 | E27: A | F27: / | G27: / | H27: R | I27: string(512) | J27: 表示故障源对应的资源对象信息，通常用管理对象实例（MOI）的DN表示。其中对于MOI的DN定义，5G皮基站参考《中国移动5G扩展型皮基站网管南向接口数据模型规范》相关说明，4G皮基站参考《中国移动一体化皮站_飞站基站设备网络管理南向接口数据配置模型规范》相关说明 | L27: 《中国移动无线三方设备综合OMC南向接口要求 第2部分：皮基站技术要求_0629》
B28: Device.FaultMgmt.HistoryEvent.{i}.ManagedObjectInstance | C28: ManagedObjectInstance | D28: 管理对象实例 | E28: A | F28: / | G28: / | H28: R | I28: string(512) | J28: 定义了承载该对象实例DN时发生的基站告警的信息对象等级的实例
B29: Device.FaultMgmt.HistoryEvent.{i}.EventType | C29: EventType | D29: 告警类型 | E29: A | F29: / | G29: / | H29: R | I29: string(64) | J29: 设备上报告警消息中的告警类型，包括通讯告警、环境告警、设备告警、处理错误告警、服务质量告警等
B30: Device.FaultMgmt.HistoryEvent.{i}.ProbableCause | C30: ProbableCause | D30: 告警原因 | E30: A | F30: / | G30: / | H30: R | I30: string(64) | J30: /
B31: Device.FaultMgmt.HistoryEvent.{i}.SpecificProblem | C31: SpecificProblem | D31: 告警描述 | E31: A | F31: / | G31: / | H31: R | I31: string(128) | J31: /
B32: Device.FaultMgmt.HistoryEvent.{i}.PerceivedSeverity | C32: PerceivedSeverity | D32: 告警级别 | E32: A | F32: / | G32: / | H32: R | I32: string | J32: 设备上报告警消息中的告警级别：Critical,严重；Major,重要；Minor,次要；Warning,警告；
B33: Device.FaultMgmt.HistoryEvent.{i}.AdditionalText | C33: AdditionalText | D33: 告警附加文本 | E33: A | F33: / | G33: / | H33: R | I33: string(256) | J33: 本规范规定内容为厂家告警编码
B34: Device.FaultMgmt.HistoryEvent.{i}.AdditionalInformation | C34: AdditionalInformation | D34: 告警附加信息 | E34: A | F34: / | G34: / | H34: R | I34: string(256) | J34: 格式：英文。统一采用此参数作为告警附加信息，映射到北向的AlarmText字段
B35: Device.FaultMgmt.ExpeditedEvent.{i}.EventTime | C35: EventTime | D35: 告警发生、改变、清除的时间 | E35: A | F35: / | G35: / | H35: R | I35: dateTime | J35: /
B36: Device.FaultMgmt.ExpeditedEvent.{i}.AlarmIdentifier | C36: AlarmIdentifier | D36: 该告警的唯一序列号 | E36: A | F36: / | G36: / | H36: R | I36: string(20) | J36: /
B37: Device.FaultMgmt.ExpeditedEvent.{i}.NotificationType | C37: NotificationType | D37: 通知类型 | E37: A | F37: / | G37: / | H37: R | I37: string | J37: /
B38: Device.FaultMgmt.ExpeditedEvent.{i}.FaultLocation | C38: FaultLocation | D38: 告警源定位信息 | E38: A | F38: / | G38: / | H38: R | I38: string(512) | J38: 表示故障源对应的资源对象信息，通常用管理对象实例（MOI）的DN表示。其中对于MOI的DN定义，5G皮基站参考《中国移动5G扩展型皮基站网管南向接口数据模型规范》相关说明，4G皮基站参考《中国移动一体化皮站_飞站基站设备网络管理南向接口数据配置模型规范》相关说明 | L38: 《中国移动无线三方设备综合OMC南向接口要求 第2部分：皮基站技术要求_0629》
B39: Device.FaultMgmt.ExpeditedEvent.{i}.ManagedObjectInstance | C39: ManagedObjectInstance | D39: 管理对象实例 | E39: A | F39: / | G39: / | H39: R | I39: string(512) | J39: 定义了承载该对象实例DN时发生的基站告警的信息对象等级的实例
B40: Device.FaultMgmt.ExpeditedEvent.{i}.EventType | C40: EventType | D40: 告警类型 | E40: A | F40: / | G40: / | H40: R | I40: string(64) | J40: 设备上报告警消息中的告警类型，包括通讯告警、环境告警、设备告警、处理错误告警、服务质量告警等
B41: Device.FaultMgmt.ExpeditedEvent.{i}.ProbableCause | C41: ProbableCause | D41: 告警原因 | E41: A | F41: / | G41: / | H41: R | I41: string(64) | J41: /
B42: Device.FaultMgmt.ExpeditedEvent.{i}.SpecificProblem | C42: SpecificProblem | D42: 告警描述 | E42: A | F42: / | G42: / | H42: R | I42: string(128) | J42: /
B43: Device.FaultMgmt.ExpeditedEvent.{i}.PerceivedSeverity | C43: PerceivedSeverity | D43: 告警级别 | E43: A | F43: / | G43: / | H43: R | I43: string | J43: 设备上报告警消息中的告警级别：Critical,严重；Major,重要；Minor,次要；Warning,警告；
B44: Device.FaultMgmt.ExpeditedEvent.{i}.AdditionalText | C44: AdditionalText | D44: 告警附加文本 | E44: A | F44: / | G44: / | H44: R | I44: string(256) | J44: 本规范规定内容为厂家告警编码
B45: Device.FaultMgmt.ExpeditedEvent.{i}.AdditionalInformation | C45: AdditionalInformation | D45: 告警附加信息 | E45: A | F45: / | G45: / | H45: R | I45: string(256) | J45: 格式：英文。统一采用此参数作为告警附加信息，映射到北向的AlarmText字段
B46: Device.FaultMgmt.QueuedEvent.{i}.EventTime | C46: EventTime | D46: 告警发生、改变、清除的时间 | E46: A | F46: / | G46: / | H46: R | I46: dateTime | J46: /
B47: Device.FaultMgmt.QueuedEvent.{i}.AlarmIdentifier | C47: AlarmIdentifier | D47: 该告警的唯一序列号 | E47: A | F47: / | G47: / | H47: R | I47: string(20) | J47: /
B48: Device.FaultMgmt.QueuedEvent.{i}.NotificationType | C48: NotificationType | D48: 通知类型 | E48: A | F48: / | G48: / | H48: R | I48: string | J48: /
B49: Device.FaultMgmt.QueuedEvent.{i}.FaultLocation | C49: FaultLocation | D49: 告警源定位信息 | E49: A | F49: / | G49: / | H49: R | I49: string(512) | J49: 表示故障源对应的资源对象信息，通常用管理对象实例（MOI）的DN表示。其中对于MOI的DN定义，5G皮基站参考《中国移动5G扩展型皮基站网管南向接口数据模型规范》相关说明，4G皮基站参考《中国移动一体化皮站_飞站基站设备网络管理南向接口数据配置模型规范》相关说明 | L49: 《中国移动无线三方设备综合OMC南向接口要求 第2部分：皮基站技术要求_0629》
B50: Device.FaultMgmt.QueuedEvent.{i}.ManagedObjectInstance | C50: ManagedObjectInstance | D50: 管理对象实例 | E50: A | F50: / | G50: / | H50: R | I50: string(512) | J50: 定义了承载该对象实例DN时发生的基站告警的信息对象等级的实例
B51: Device.FaultMgmt.QueuedEvent.{i}.EventType | C51: EventType | D51: 告警类型 | E51: A | F51: / | G51: / | H51: R | I51: string(64) | J51: 设备上报告警消息中的告警类型，包括通讯告警、环境告警、设备告警、处理错误告警、服务质量告警等
B52: Device.FaultMgmt.QueuedEvent.{i}.ProbableCause | C52: ProbableCause | D52: 告警原因 | E52: A | F52: / | G52: / | H52: R | I52: string(64) | J52: /
B53: Device.FaultMgmt.QueuedEvent.{i}.SpecificProblem | C53: SpecificProblem | D53: 告警描述 | E53: A | F53: / | G53: / | H53: R | I53: string(128) | J53: /
B54: Device.FaultMgmt.QueuedEvent.{i}.PerceivedSeverity | C54: PerceivedSeverity | D54: 告警级别 | E54: A | F54: / | G54: / | H54: R | I54: string | J54: 设备上报告警消息中的告警级别：Critical,严重；Major,重要；Minor,次要；Warning,警告；
B55: Device.FaultMgmt.QueuedEvent.{i}.AdditionalText | C55: AdditionalText | D55: 告警附加文本 | E55: A | F55: / | G55: / | H55: R | I55: string(256) | J55: 本规范规定内容为厂家告警编码
B56: Device.FaultMgmt.QueuedEvent.{i}.AdditionalInformation | C56: AdditionalInformation | D56: 告警附加信息 | E56: A | F56: / | G56: / | H56: R | I56: string(256) | J56: 格式：英文。统一采用此参数作为告警附加信息，映射到北向的AlarmText字段

Sheet SE
A1: 归类 | B1: 网管数据模型(TR181) | C1: 参数名称 | D1: 中文名 | E1: 重要性 | F1: 北向Index | G1: 北向NRM参数映射 | H1: 网管读写权限 | I1: 类型 | J1: 描述 | K1: 来源 | L1: 备注
A2: 日志参数管理 | B2: Device.LogMgmt.PeriodicUploadEnable | C2: PeriodicUploadEnable | D2: 日志周期上传使能开关 | E2: A | F2: / | G2: / | H2: RW | I2: boolean | J2: (0=false,1=true),禁止或启用将设备日志周期性地发送到指定的文件服务器。在使能开关开启的情况下，如果还未达到上报周期，设备日志文件已达到存储容量上限，则应立即将该时段的增量日志上报到HeMS，并开启一个新的上报周期的要求。 | K2: 中国移动5G一体化皮基站扩展型一体化皮基站网管南向接口技术要求v1.1.1.docx
B3: Device.LogMgmt.URL | C3: URL | D3: 日志上传URL | E3: A | H3: RW | I3: string(256) | J3: 指定了目的日志的位置，没有以任何方式指明需要上传的本地文件的名字和位置
B4: Device.LogMgmt.Username | C4: Username | D4: 日志管理用户名 | E4: A | H4: RW | I4: string(256) | J4: 用户名用于设备到日志服务器的鉴权，如果不需要鉴权，此字符串为空，当PeriodicUploadEnable=true时，才生效。
B5: Device.LogMgmt.Password | C5: Password | D5: 日志管理密码 | E5: A | H5: RW | I5: string(256) | J5: 密码用于设备到日志服务器的鉴权，如果不需要鉴权，此字符串为空 当为读时，该参数返回一个空字符串，而不是一个实际的值，当PeriodicUploadEnable=true时，才生效。
B6: Device.LogMgmt.PeriodicUploadInterval | C6: PeriodicUploadInterval | D6: 日志周期上传时间间隔 | E6: A | H6: RW | I6: unsignedInt[1:65535] | J6: (300,600,900,1800,3600)
B7: Device.LogMgmt.LogLevel | C7: LogLevel | D7: 日志重要等级 | E7: A | H7: RW | I7: string(64) | J7: 日志重要等级： Enumerate{ASSERT_LOG;ERROR;WARN;INFO;DEBUG;VERBOSE}

Sheet SF
A1: 归类 | B1: 网管数据模型(TR181) | C1: 参数名称 | D1: 中文名 | E1: 重要性 | F1: 北向Index | G1: 北向NRM参数映射 | H1: 网管读写权限 | I1: 类型 | J1: 描述 | K1: 来源 | L1: 备注
A2: AMF地址 | B2: Device.Services.FAPService.{i}.FAPControl.NR.AMFPoolConfigParam.{i}.AmfName | C2: AMFName | D2: AMFName | E2: A | F2: / | G2: / | H2: R | I2: string(150) | J2: / | K2: NRM数据配置要求 | L2: 修正参数类型为string(6)
B3: Device.Services.FAPService.{i}.FAPControl.NR.AMFPoolConfigParam.{i}.PLMNID | C3: PLMNID | D3: AMFPLMN标识 | E3: A | F3: / | G3: / | H3: RW | I3: string(6) | J3: 核心网相关参数，初始化网管通过TR069协议报文ParameterList字段下发扩展型皮基站 | K3: NRM数据配置要求 | L3: 修正参数类型为string(6)
B4: Device.Services.FAPService.{i}.FAPControl.NR.AMFPoolConfigParam.{i}.GUAMI.{i}.AmfRegionID | C4: AMFRegionID | D4: AMFRegionID | E4: A | F4: / | G4: / | H4: R | I4: string(8) | J4: 核心网相关参数，初始化网管通过TR069协议报文ParameterList字段下发扩展型皮基站 | K4: NRM数据配置要求
B5: Device.Services.FAPService.{i}.FAPControl.NR.AMFPoolConfigParam.{i}.GUAMI.{i}.AmfSetID | C5: AMFSetID | D5: AMFSetID | E5: A | F5: / | G5: / | H5: R | I5: string(10) | J5: 核心网相关参数，初始化网管通过TR069协议报文ParameterList字段下发扩展型皮基站 | K5: NRM数据配置要求
B6: Device.Services.FAPService.{i}.FAPControl.NR.AMFPoolConfigParam.{i}.GUAMI.{i}.AmfPointer | C6: AMFPointer | D6: AMFPointer | E6: A | F6: / | G6: / | H6: R | I6: string(6) | J6: 核心网相关参数，初始化网管通过TR069协议报文ParameterList字段下发扩展型皮基站
B7: Device.Services.FAPService.{i}.FAPControl.NR.AMFPoolConfigParam.{i}.RelativeAmfCapacity | C7: RelativeAMFCapacity | D7: RelativeAMFCapacity | E7: A | F7: / | G7: / | H7: R | I7: unsignedInt[0:255] | J7: / | K7: NRM数据配置要求
B8: Device.Services.FAPService.{i}.FAPControl.NR.AMFPoolConfigParam.{i}.AmfIP1 | C8: AMFIP1 | D8: AMFIP1 | E8: A | F8: / | G8: / | H8: RW | I8: string(64) | J8: 核心网相关参数，初始化网管通过TR069协议报文ParameterList字段下发扩展型皮基站 | K8: NRM数据配置要求
B9: Device.Services.FAPService.{i}.FAPControl.NR.AMFPoolConfigParam.{i}.AmfIP2 | C9: AMFIP2 | D9: AMFIP2 | E9: A | F9: / | G9: / | H9: RW | I9: string(64) | J9: 核心网相关参数，初始化网管通过TR070协议报文ParameterList字段下发扩展型皮基站 | K9: NRM数据配置要求
A10: Xn链接信息 | B10: Device.Services.FAPService.{i}.FAPControl.NR.XnIpAddrMapInfo.{i}.TAISupportList.{i}.TAC | C10: TAC | D10: 跟踪区编码 | E10: A | F10: / | G10: / | H10: R | I10: string(24) | J10: / | K10: 3GPP,TS38.423,9.2.3.20
B11: Device.Services.FAPService.{i}.FAPControl.NR.XnIpAddrMapInfo.{i}.TAISupportList.{i}.BroadcastPLMNs.{i}.PLMNID | C11: PLMNID | D11: PLMNID | E11: A | F11: / | G11: / | H11: R | I11: string(6) | J11: / | K11: 3GPP,TS38.423,9.2.3.20
B12: Device.Services.FAPService.{i}.FAPControl.NR.XnIpAddrMapInfo.{i}.gNBID | C12: gNBID | D12: gNBID | E12: A | F12: / | G12: / | H12: RW | I12: unsignedInt | J12: /
B13: Device.Services.FAPService.{i}.FAPControl.NR.XnIpAddrMapInfo.{i}.RemoteAddress | C13: RemoteAddress | D13: 对端IP | E13: A | F13: / | G13: / | H13: RW | I13: string(64) | J13: / | K13: NRM数据配置要求
B14: Device.Services.FAPService.{i}.FAPControl.NR.XnIpAddrMapInfo.{i}.SubnetMask | C14: SubnetMask | D14: 子网掩码 | E14: A | F14: / | G14: / | H14: R | I14: string(64) | J14: / | K14: NRM数据配置要求 | L14: 增加子网掩码用于配置Xn连接地址
B15: Device.Services.FAPService.{i}.FAPControl.NR.XnIpAddrMapInfo.{i}.LocalAddress | C15: LocalAddress | D15: 本端地址 | E15: A | F15: / | G15: / | H15: R | I15: string(64) | J15: / | K15: NRM数据配置要求
A16: gNB参数 | B16: Device.Services.FAPService.{i}.FAPControl.NR.RAN.Common.gNBIdLength | C16: gNBIdLength | D16: gNB标识长度 | E16: A | F16: AG | G16: gNBIdLength | H16: RW | I16: unsignedint[22:32] | J16: gNB标识长度 | K16: 3GPP TS38.413 | L16: 根据设备规范，gNBIdLength取值为24
B17: Device.Services.FAPService.{i}.FAPControl.NR.RAN.Common.gNBId | C17: gNBId | D17: gNB标识 | E17: A | F17: AG | G17: gNBId | H17: RW | I17: unsignedInt[0:‭4294967295‬] | J17: 小区gNBiD(32bit) | K17: TR系列规范(TR098/TR181/TR196)/NRM数据配置要求 | L17: This IE is used to globally identify a gNB. Equal to the leftmost bits of the NR Cell Identity IE contained in the NR CGI IE of each cell served by the gNB.
B18: Device.Services.FAPService.{i}.FAPControl.NR.RAN.Common.gNBName | C18: gNBName | D18: gNB名称 | E18: A | F18: AA&AF | G18: UserLabel | H18: RW | I18: string(150) | J18: gNB名称 | K18: 自定义
B19: Device.Services.FAPService.{i}.FAPControl.NR.RAN.Common.AdminState | C19: AdminState | D19: 基站的管理状态 | E19: A | F19: AA | G19: AdministrativeState | H19: RW | I19: unsignedInt[1:3] | J19: 管理的状态，取值范围为{Locked，Unlocked，ShuttingDown}，依据x.731的状态转换来上报。 | K19: 《5G SA gNB网元统计数据需求规范-NRM(V1.4.2)》

Sheet SG
A1: 归类 | B1: 网管数据模型(TR181) | C1: 参数名称 | D1: 中文名称 | E1: 重要性 | F1: 北向Index | G1: 北向NRM参数映射 | H1: 网管读写权限 | I1: 类型 | J1: 描述 | K1: 来源 | L1: 备注
A2: SON参数管理 | B2: Device.Services.FAPService.{i}.FAPControl.NR.SelfConfig.SONConfigParam.SONSysMode | C2: SONSysMode | D2: SON系统模式 | E2: CB | F2: / | G2: / | H2: RW | I2: string | J2: SON系统模式（分布式，集中式）,{Distributed，Centralized} | K2: NRM数据配置要求
B3: Device.Services.FAPService.{i}.FAPControl.NR.SelfConfig.SONConfigParam.SONWorkMode | C3: SONWorkMode | D3: SON模式设置 | E3: CB | F3: / | G3: / | H3: RW | I3: string | J3: 自优化模式（自由模式，受控模式）,{Free，Control}，自由模式下系统给出的参数优化建议无需人工确认，可直接执行；受控模式下系统给出的参数优化建议需要人工确认同意才可执行，否则（不同意或超时）不执行优化，保持原参数配置不变。
B4: Device.Services.FAPService.{i}.FAPControl.NR.SelfConfig.SONConfigParam.PCI.Enable | C4: Enable | D4: PCI冲突和混淆检测功能开关 | E4: A | F4: / | G4: / | H4: RW | I4: boolean | J4: PCI冲突和混淆检测功能开关,(0=false,1=true) | L4: <<5G NR扩展型皮基站设备规范—SON分册>>
B5: Device.Services.FAPService.{i}.FAPControl.NR.SelfConfig.SONConfigParam.PCIOptEnable | C5: PCIOptEnable | D5: PCI自优化算法开关 | E5: CB | F5: / | G5: / | H5: RW | I5: boolean | J5: PCI自优化算法开关,(0=false,1=true)
B6: Device.Services.FAPService.{i}.FAPControl.NR.SelfConfig.SONConfigParam.PCIReconfigWaitTime | C6: PCIReconfigWaitTime | D6: PCI重配等待定时器 | E6: CB | F6: / | G6: / | H6: RW | I6: unsignedInt | J6: 表征PCI重配置等待时间，在PCI自优化阶段，该计时器超时后使用新的PCI
B7: Device.Services.FAPService.{i}.FAPControl.NR.SelfConfig.SONConfigParam.CandidateARFCNList | C7: CandidateARFCNList | D7: 候选频点列表 | E7: CB | F7: / | G7: / | H7: RW | I7: string(64) | J7: 候选频点列表
B8: Device.Services.FAPService.{i}.FAPControl.NR.SelfConfig.SONConfigParam.CandidatePCIList | C8: CandidatePCIList | D8: 候选PCI列表 | E8: CB | F8: / | G8: / | H8: RW | I8: string(64) | J8: 候选PCI列表
B9: Device.Services.FAPService.{i}.FAPControl.NR.SelfConfig.SONConfigParam.ANR.Enable | C9: Enable | D9: ANR算法总开关 | E9: A | F9: / | G9: / | H9: RW | I9: boolean | J9: (0=false,1=true)，ANR算法总开关 | L9: <<5G NR扩展型皮基站设备规范—SON分册>>
B10: Device.Services.FAPService.{i}.FAPControl.NR.SelfConfig.SONConfigParam.ANR.InterFeqEnable | C10: InterFeqEnable | D10: NR异频ANR算法开关 | E10: A | F10: / | G10: / | H10: RW | I10: boolean | J10: (0=false,1=true)，NR异频ANR算法开关 | L10: <<5G NR扩展型皮基站设备规范—SON分册>>
B11: Device.Services.FAPService.{i}.FAPControl.NR.SelfConfig.SONConfigParam.ANR.InterFeqCandidateARFCNList | C11: InterFeqCandidateARFCNList | D11: SSB频点号 | E11: A | H11: RW | I11: string(64) | J11: 小区载频的SSB ARFCN列表，ARFCN间以“,”分割 | L11: <<5G NR扩展型皮基站设备规范—SON分册>>
B12: Device.Services.FAPService.{i}.FAPControl.NR.SelfConfig.SONConfigParam.ANR.EUTRANEnable | C12: EUTRANEnable | D12: E-UTRAN异系统ANR算法开关 | E12: A | F12: / | G12: / | H12: RW | I12: boolean | J12: (0=false,1=true)，E-UTRAN异系统ANR算法开关 | L12: <<5G NR扩展型皮基站设备规范—SON分册>>
B13: Device.Services.FAPService.{i}.FAPControl.NR.SelfConfig.SONConfigParam.ANR.BiNRCellEnable | C13: BiNRCellEnable | D13: ANR双向邻区添加开关 | E13: A | F13: / | G13: / | H13: RW | I13: boolean | J13: (0=false,2=true)，ANR双向邻区添加开关 | L13: <<5G NR扩展型皮基站设备规范—SON分册>>
B14: Device.Services.FAPService.{i}.FAPControl.NR.SelfConfig.SONConfigParam.ANR.RSRPReferenceEnable | C14: RSRPReferenceEnable | D14: 事件性MR添加邻区依照绝对电平开关 | E14: A | F14: / | G14: / | H14: RW | I14: boolean | J14: (0=false,1=true)，该开关打开后，添加邻区需同时考虑绝对电平和相对电平 | L14: <<5G NR扩展型皮基站设备规范—SON分册>>
B15: Device.Services.FAPService.{i}.FAPControl.NR.SelfConfig.SONConfigParam.ANR.A3RSRPOffset | C15: A3RSRPOffset | D15: 邻区添加相对电平强度 | E15: A | F15: / | G15: / | H15: RW | I15: unsignedInt[0:127] | J15: 用于NR测量中,邻区添加相对电平强度，与A3 RSRP的偏移量 | L15: <<5G NR扩展型皮基站设备规范—SON分册>>
B16: Device.Services.FAPService.{i}.FAPControl.NR.SelfConfig.SONConfigParam.ANR.RSRPThreshold | C16: RSRPThreshold | D16: 邻区添加绝对电平强度 | E16: A | F16: / | G16: / | H16: RW | I16: unsignedInt[0:127] | J16: 用于NR测量中,邻区添加绝对电平强度，测量的RSRP | L16: <<5G NR扩展型皮基站设备规范—SON分册>>
B17: Device.Services.FAPService.{i}.FAPControl.NR.SelfConfig.SONConfigParam.ANR.KPIPeriod | C17: KPIPeriod | D17: 邻区优化KPI统计周期 | E17: A | F17: / | G17: / | H17: RW | I17: unsignedInt | J17: 包括邻区邻区添加、删除、属性调整相关的KPI，例如发现次数，切换次数，切换成功率等KPI的统计周期 以分钟为单位，支持按天、小时、分钟为粒度进行设置 | L17: <<5G NR扩展型皮基站设备规范—SON分册>>
B18: Device.Services.FAPService.{i}.FAPControl.NR.SelfConfig.SONConfigParam.ANR.AutoAdjustEnable | C18: AutoAdjustEnable | D18: 邻区属性自动调整的使能开关 | E18: A | F18: / | G18: / | H18: RW | I18: boolean | J18: (0=false,1=true)，开启该开关后，邻区属性自动调整机制生效 | L18: <<5G NR扩展型皮基站设备规范—SON分册>>
B19: Device.Services.FAPService.{i}.FAPControl.NR.SelfConfig.SONConfigParam.ANR.BlackList.NoHOThreshold | C19: NoHOThreshold | D19: 邻区被设为黑名单的切换次数门限 | E19: A | F19: / | G19: / | H19: RW | I19: unsignedInt | J19: 若在统计周期内切换次数高于此门限且成功率低于此门限，则系统自动将邻区设置为“No HO” | L19: <<5G NR扩展型皮基站设备规范—SON分册>>
B20: Device.Services.FAPService.{i}.FAPControl.NR.SelfConfig.SONConfigParam.ANR.BlackList.HOSuccessThreshold | C20: HOSuccessThreshold | D20: 邻区被设为黑名单的切换成功率门限 | E20: A | F20: / | G20: / | H20: RW | I20: unsignedInt[0:100] | J20: 若在统计周期内切换次数高于此门限且成功率低于此门限，则系统自动将邻区设置为“No HO”，指切换成功率百分比，例如：填写为“50”指50%的切换成功率 | L20: <<5G NR扩展型皮基站设备规范—SON分册>>
B21: Device.Services.FAPService.{i}.FAPControl.NR.SelfConfig.SONConfigParam.ANR.AutoRemoveEnable | C21: AutoRemoveEnable | D21: 邻区自动删除的使能开关 | E21: A | F21: / | G21: / | H21: RW | I21: boolean | J21: (0=false,1=true)，开启该开关后，邻区自动删除机制生效 | L21: <<5G NR扩展型皮基站设备规范—SON分册>>
B22: Device.Services.FAPService.{i}.FAPControl.NR.SelfConfig.SONConfigParam.ANR.AutoRemovePeriod | C22: AutoRemovePeriod | D22: 邻区自动删除功能触发周期 | E22: A | F22: / | G22: / | H22: RW | I22: unsignedInt | J22: 以分钟为单位，支持按天、小时、分钟为粒度进行设置 | L22: <<5G NR扩展型皮基站设备规范—SON分册>>
B23: Device.Services.FAPService.{i}.FAPControl.NR.SelfConfig.SONConfigParam.ANR.AutoRemoveMaxCell | C23: AutoRemoveMaxCell | D23: 邻区自动删除功能单周期内可删除最大个数 | E23: A | F23: / | G23: / | H23: RW | I23: unsignedInt | J23: 支持单周期内可删除最大个数可配置 | L23: <<5G NR扩展型皮基站设备规范—SON分册>>
B24: Device.Services.FAPService.{i}.FAPControl.NR.SelfConfig.SONConfigParam.ARFCNEnable | C24: ARFCNEnable | D24: 频点自配置算法开关 | E24: CB | F24: / | G24: / | H24: RW | I24: boolean | J24: (0=false,1=true)，频点自配置算法开关 | L24: 扩展型皮基站重要性为CB
B25: Device.Services.FAPService.{i}.FAPControl.NR.SelfConfig.SONConfigParam.MaxNRNeighbourCellNum | C25: MaxNRNeighbourCellNum | D25: 最大NR邻区数 | E25: CB | F25: / | G25: / | H25: RW | I25: unsignedInt | J25: 最大NR邻区数
B26: Device.Services.FAPService.{i}.FAPControl.NR.SelfConfig.SONConfigParam.MaxLTENeighbourCellNum | C26: MaxLTENeighbourCellNum | D26: 最大LTE邻区数 | E26: CB | F26: / | G26: / | H26: RW | I26: unsignedInt | J26: 最大LTE邻区数
B27: Device.Services.FAPService.{i}.FAPControl.NR.SelfConfig.SONConfigParam.ReSynCellEnable | C27: ReSynCellEnable | D27: 重新同步小区使能开关 | E27: CB | F27: / | G27: / | H27: RW | I27: boolean | J27: (0=false,1=true),手动触发重新同步小区使能开关，取值为true时立即执行小区重新同步流程
B28: Device.Services.FAPService.{i}.FAPControl.NR.SelfConfig.SONConfigParam.PowerEnable | C28: PowerEnable | D28: 功率自配置算法开关 | E28: CB | F28: / | G28: / | H28: RW | I28: boolean | J28: (0=false,1=true),基站发射功率自配值算法开关
B29: Device.Services.FAPService.{i}.FAPControl.NR.SelfConfig.SONConfigParam.NRSnifferFreqBandList | C29: NRSnifferFreqBandList | D29: NR侦听频段列表 | E29: CB | F29: / | G29: / | H29: RW | I29: string(64) | J29: NR侦听频段列表（NRSnifferFreqBandList和NRSnifferChannelList二选一）
B30: Device.Services.FAPService.{i}.FAPControl.NR.SelfConfig.SONConfigParam.NRSnifferChannelList | C30: NRSnifferChannelList | D30: NR侦听频点列表 | E30: CB | F30: / | G30: / | H30: RW | I30: string(64) | J30: NR侦听频点列表（ARFCN格式列表）（NRSnifferFreqBandList和NRSnifferChannelList二选一） | L30: 扩展型皮基站重要性为CB
B31: Device.Services.FAPService.{i}.FAPControl.NR.SelfConfig.SONConfigParam.LTESnifferFreqBandList | C31: LTESnifferFreqBandList | D31: LTE侦听频段列表 | E31: CB | F31: / | G31: / | H31: RW | I31: string(64) | J31: LTE侦听频段列表(188000..192000,257000..262000,230000..237000)频段随机组合（LTESnifferFreqBandList和LTESnifferChannelList二选一）
B32: Device.Services.FAPService.{i}.FAPControl.NR.SelfConfig.SONConfigParam.LTESnifferChannelList | C32: LTESnifferChannelList | D32: LTE侦听频点列表 | E32: CB | F32: / | G32: / | H32: RW | I32: string(64) | J32: LTE侦听频点列表（ARFCN格式列表）（LTESnifferFreqBandList和LTESnifferChannelList二选一） | L32: 扩展型皮基站重要性为CB
B33: Device.Services.FAPService.{i}.FAPControl.NR.SelfConfig.SONConfigParam.MROEnable | C33: MROEnable | D33: 邻区鲁棒性优化功能开关 | E33: CB | F33: / | G33: / | H33: RW | I33: boolean | J33: 邻区鲁棒性优化功能开关
B34: Device.Services.FAPService.{i}.FAPControl.NR.SelfConfig.SONConfigParam.SHEnable | C34: SHEnable | D34: 自治愈功能开关 | E34: CB | F34: / | G34: / | H34: RW | I34: boolean | J34: 自治愈功能开关
B35: Device.Services.FAPService.{i}.FAPControl.NR.SelfConfig.SONConfigParam.SyncMode | C35: SyncMode | D35: 时钟同步模式 | E35: CB | F35: / | G35: / | H35: R | I35: string(64) | J35: 时钟同步模式，取值范围： GNSS IEEE1588V2 Sniffer Freedom | K35: 自定义
A36: 自动开站阶段 | B36: Device.Services.FAPService.{i}.FAPControl.SelfConfig.Startup.Stage | C36: Stage | D36: 开站阶段 | E36: A | F36: / | G36: / | H36: R | I36: unsignedInt[1:3] | J36: 开站阶段取值如下： 1:参数校验 2:参数配置 3:小区激活
A37: 自动开站结果 | B37: Device.Services.FAPService.{i}.FAPControl.SelfConfig.Startup.Status | C37: Status | D37: 开站状态 | E37: A | F37: / | G37: / | H37: R | I37: unsignedInt[1:2] | J37: 1：开站成功（全部小区被激活，即标记为开站成功） 2：开站失败（存在一个小区未激活，即标记为开站失败）
B38: Device.Services.FAPService.{i}.FAPControl.SelfConfig.Startup.FailureCause | C38: FailureCause | D38: 开站失败原因 | E38: A | F38: / | G38: / | H38: R | I38: string(512) | J38: 开站失败原因描述

Sheet SH
A1: 归类 | B1: 网管数据模型(TR181) | C1: 参数名称 | D1: 中文名 | E1: 重要性 | F1: 北向index | G1: 北向NRM参数映射 | H1: 网管读写权限 | I1: 类型 | J1: 描述 | K1: 来源
A2: 本地分流规则开关 | B2: Device.Services.FAPService.{i}.FAPControl.LocalBreakout.Enable | C2: Enable | D2: 本地分流规则总开关 | E2: CB | F2: / | G2: / | H2: RW | I2: boolean | J2: 0:关闭 1:开启
A3: IP五元组分流规则参数管理 | B3: Device.Services.FAPService.{i}.FAPControl.LocalBreakout.IpRules.Enable | C3: Enable | D3: IP五元组规则开关 | E3: CB | F3: / | G3: / | H3: RW | I3: boolean | J3: 0:关闭 1:开启
B4: Device.Services.FAPService.{i}.FAPControl.LocalBreakout.IpRules.RuleList.{i}.IPversion | C4: Ipversion | D4: IP版本 | E4: CB | F4: / | G4: / | H4: RW | I4: unsignedInt[1:2] | J4: 1:IPv4 2:IPv6
B5: Device.Services.FAPService.{i}.FAPControl.LocalBreakout.IpRules.RuleList.{i}.SourceIP | C5: SourceIP | D5: 源端IP地址 | E5: CB | F5: / | G5: / | H5: RW | I5: string(15) | J5: /
B6: Device.Services.FAPService.{i}.FAPControl.LocalBreakout.IpRules.RuleList.{i}.SourceMask | C6: SourceMask | D6: 源端子网掩码 | E6: CB | F6: / | G6: / | H6: RW | I6: string(15) | J6: /
B7: Device.Services.FAPService.{i}.FAPControl.LocalBreakout.IpRules.RuleList.{i}.SourceIPv6 | C7: SourceIPv6 | D7: 源端IPv6地址 | E7: CB | F7: / | G7: / | H7: RW | I7: string(64) | J7: /
B8: Device.Services.FAPService.{i}.FAPControl.LocalBreakout.IpRules.RuleList.{i}.SourcePrefixLength | C8: SourcePrefixLength | D8: 源端前缀长度 | E8: CB | F8: / | G8: / | H8: RW | I8: unsignedInt[1:128] | J8: /
B9: Device.Services.FAPService.{i}.FAPControl.LocalBreakout.IpRules.RuleList.{i}.SourcePort | C9: SourcePort | D9: 源端端口 | E9: CB | F9: / | G9: / | H9: RW | I9: string | J9: /
B10: Device.Services.FAPService.{i}.FAPControl.LocalBreakout.IpRules.RuleList.{i}.TargetIP | C10: TargetIP | D10: 目的端IP地址 | E10: CB | F10: / | G10: / | H10: RW | I10: string(15) | J10: /
B11: Device.Services.FAPService.{i}.FAPControl.LocalBreakout.IpRules.RuleList.{i}.TargetMask | C11: TargetMask | D11: 目的端子网掩码 | E11: CB | F11: / | G11: / | H11: RW | I11: string(15) | J11: /
B12: Device.Services.FAPService.{i}.FAPControl.LocalBreakout.IpRules.RuleList.{i}.TargetIPv6 | C12: TargetIPv6 | D12: 目的端IPv6地址 | E12: CB | F12: / | G12: / | H12: RW | I12: string(64) | J12: /
B13: Device.Services.FAPService.{i}.FAPControl.LocalBreakout.IpRules.RuleList.{i}.TargetPrefixLength | C13: TargetPrefixLength | D13: 目的端前缀长度 | E13: CB | F13: / | G13: / | H13: RW | I13: unsignedInt[1:128] | J13: /
B14: Device.Services.FAPService.{i}.FAPControl.LocalBreakout.IpRules.RuleList.{i}.TargetPort | C14: TargetPort | D14: 目的端端口 | E14: CB | F14: / | G14: / | H14: RW | I14: string | J14: /
B15: Device.Services.FAPService.{i}.FAPControl.LocalBreakout.IpRules.RuleList.{i}.ProtocolType | C15: ProtocolType | D15: 传输协议 | E15: CB | F15: / | G15: / | H15: RW | I15: string | J15: /
A16: DNS分流规则参数管理 | B16: Device.Services.FAPService.{i}.FAPControl.LocalBreakout.DnsRules.Enable | C16: Enable | D16: DNS规则开关 | E16: CB | F16: / | G16: / | H16: RW | I16: boolean | J16: 0:关闭 1:开启
B17: Device.Services.FAPService.{i}.FAPControl.LocalBreakout.DnsRules.RuleList.{i}.DomainName | C17: DomainName | D17: 域名 | E17: CB | F17: / | G17: / | H17: RW | I17: string(128) | J17: /
B18: Device.Services.FAPService.{i}.FAPControl.LocalBreakout.DnsRules.RuleList.{i}.DomainIpList.{i}.DomainIp | C18: DomainIp | D18: IP地址 | E18: CB | F18: / | G18: / | H18: RW | I18: string(40) | J18: /
A19: PLMN分流规则参数管理 | B19: Device.Services.FAPService.{i}.FAPControl.LocalBreakout.PlmnRules.Enable | C19: Enable | D19: PLMN规则开关 | E19: CB | F19: / | G19: / | H19: RW | I19: boolean | J19: 0:关闭 1:开启
B20: Device.Services.FAPService.{i}.FAPControl.LocalBreakout.PlmnRules.RuleList.{i}.PLMNID | C20: PLMNID | D20: 小区PLMNID | E20: CB | F20: / | G20: PlmnIdList | H20: RW | I20: string(6) | J20: 由MCC和MNC组成 | K20: TR系列规范(TR098/TR181/TR196)/NRM数据配置要求
A21: NSSAI分流规则参数管理 | B21: Device.Services.FAPService.{i}.FAPControl.LocalBreakout.NssaiRules.Enable | C21: Enable | D21: NSSAI规则开关 | E21: CB | F21: / | G21: / | H21: RW | I21: boolean | J21: 0:关闭 1:开启
B22: Device.Services.FAPService.{i}.FAPControl.LocalBreakout.NssaiRules.RuleList.{i}.SNSSAI | C22: SNSSAI | D22: SNSSAI | E22: CB | F22: / | G22: SNSSAI | H22: RW | I22: unsignedInt[0:‭4294967295‬] | J22: 由SST和SD组成 | K22: TR系列规范(TR098/TR181/TR196)/NRM数据配置要求
A23: 流量限制分流规则参数管理 | B23: Device.Services.FAPService.{i}.FAPControl.LocalBreakout.TrafficRules.RuleList.{i}.ServerIP | C23: ServerIP | D23: 服务器IP | E23: CB | F23: / | G23: ServerIP | H23: RW | I23: string(64) | J23: / | K23: 《5G NR无线网络扩展型皮基站设备功能测试规范—基本功能分册》
B24: Device.Services.FAPService.{i}.FAPControl.LocalBreakout.TrafficRules.RuleList.{i}.ULRateLimit | C24: ULRateLimit | D24: 上行速率 | E24: CB | F24: / | G24: ULRateLimit | H24: RW | I24: unsignedInt[8:261120] | J24: 单位8Kbps=1KB/s，配置上传限速为1600KB/s，就设置为1600 | K24: 《5G NR无线网络扩展型皮基站设备功能测试规范—基本功能分册》
B25: Device.Services.FAPService.{i}.FAPControl.LocalBreakout.TrafficRules.RuleList.{i}.DLRateLimit | C25: DLRateLimit | D25: 下行速率 | E25: CB | F25: / | G25: DLRateLimit | H25: RW | I25: unsignedInt[8:261120] | J25: 单位8Kbps=1KB/s，配置上传限速为1600KB/s，就设置为1600 | K25: 《5G NR无线网络扩展型皮基站设备功能测试规范—基本功能分册》
B26: Device.Services.FAPService.{i}.FAPControl.LocalBreakout.TrafficRules.RuleList.{i}.TrafficLimit | C26: TrafficLimit | D26: 流量限制 | E26: CB | F26: / | G26: TrafficLimi | H26: RW | I26: unsignedInt[0:4294967295] | J26: 单位MB | K26: 《5G NR无线网络扩展型皮基站设备功能测试规范—基本功能分册》
B27: Device.Services.FAPService.{i}.FAPControl.LocalBreakout.TrafficRules.RuleList.{i}.CycleFrom | C27: CycleFrom | D27: 限制周期启始时间 | E27: CB | F27: / | G27: CycleFrom | H27: RW | I27: dateTime | J27: 限制周期起始时间，格式yyyy-mm-ddThh:mm:ss；如2020-12-11T19:15:00Z，精确到分钟 | K27: 《5G NR无线网络扩展型皮基站设备功能测试规范—基本功能分册》
B28: Device.Services.FAPService.{i}.FAPControl.LocalBreakout.TrafficRules.RuleList.{i}.CycleTo | C28: CycleTo | D28: 限制周期终止时间 | E28: CB | F28: / | G28: CycleTo | H28: RW | I28: dateTime | J28: 限制周期终止时间，格式yyyy-mm-ddThh:mm:ss；如2020-12-11T19:15:00Z，精确到分钟 | K28: 《5G NR无线网络扩展型皮基站设备功能测试规范—基本功能分册》
A29: 分流规则流量统计 | B29: Device.Services.FAPService.{i}.FAPControl.LocalBreakout.TrafficStatistics.IP.{i}.IPAddress | C29: IPAddress | D29: IP地址 | E29: CB | F29: / | G29: / | H29: R | I29: string(64) | J29: 根据配置的本地分流规则自动生成该IP地址流量统计 | K29: 《5G NR无线网络扩展型皮基站设备功能测试规范—基本功能分册》
B30: Device.Services.FAPService.{i}.FAPControl.LocalBreakout.TrafficStatistics.IP.{i}.Throughput | C30: Thoughput | D30: 流量 | E30: CB | F30: / | G30: Thoughput | H30: RW | I30: string | J30: 本地分流端口流量，当清除当前流量统计时，使用写功能，设置为0，以Mbyte为单位 | K30: 《5G NR无线网络扩展型皮基站设备功能测试规范—基本功能分册》
B31: Device.Services.FAPService.{i}.FAPControl.LocalBreakout.TrafficStatistics.Dns.{i}.DomainName | C31: DomainName | D31: 域名 | E31: CB | F31: / | G31: / | H31: R | I31: string(128) | J31: 根据配置的本地分流规则自动生成该域名流量统计 | K31: 《5G NR无线网络扩展型皮基站设备功能测试规范—基本功能分册》
B32: Device.Services.FAPService.{i}.FAPControl.LocalBreakout.TrafficStatistics.Dns.{i}.DomainIpList.{i}.DomainIp | C32: DomainIp | D32: IP地址 | E32: CB | F32: / | G32: / | H32: R | I32: string(64) | J32: 根据配置的本地分流规则自动生成该域名IP地址流量统计 | K32: 《5G NR无线网络扩展型皮基站设备功能测试规范—基本功能分册》
B33: Device.Services.FAPService.{i}.FAPControl.LocalBreakout.TrafficStatistics.Dns.{i}.Throughput | C33: Thoughput | D33: 流量 | E33: CB | F33: / | G33: Thoughput | H33: RW | I33: string | J33: 本地分流端口流量，当清除当前流量统计时，使用写功能，设置为0，以Mbyte为单位 | K33: 《5G NR无线网络扩展型皮基站设备功能测试规范—基本功能分册》
B34: Device.Services.FAPService.{i}.FAPControl.LocalBreakout.TrafficStatistics.Plmn.{i}.PLMNID | C34: PLMNID | D34: 小区PLMNID | E34: CB | F34: / | G34: PlmnIdList | H34: R | I34: string(6) | J34: 由MCC和MNC组成 根据配置的本地分流规则自动生成该PLMN流量统计 | K34: 《5G NR无线网络扩展型皮基站设备功能测试规范—基本功能分册》
B35: Device.Services.FAPService.{i}.FAPControl.LocalBreakout.TrafficStatistics.Plmn.{i}.Throughput | C35: Thoughput | D35: 流量 | E35: CB | F35: / | G35: Thoughput | H35: RW | I35: string | J35: 本地分流端口流量，当清除当前流量统计时，使用写功能，设置为0，以Mbyte为单位 | K35: 《5G NR无线网络扩展型皮基站设备功能测试规范—基本功能分册》
B36: Device.Services.FAPService.{i}.FAPControl.LocalBreakout.TrafficStatistics.Nssai.{i}.SNSSAI | C36: SNSSAI | D36: SNSSAI | E36: CB | F36: / | G36: SNSSAI | H36: R | I36: unsignedInt[0:‭4294967295‬] | J36: 由SST和SD组成 根据配置的本地分流规则自动生成该SNSSAI流量统计 | K36: 《5G NR无线网络扩展型皮基站设备功能测试规范—基本功能分册》
B37: Device.Services.FAPService.{i}.FAPControl.LocalBreakout.TrafficStatistics.Nssai.{i}.Throughput | C37: Thoughput | D37: 流量 | E37: CB | F37: / | G37: Thoughput | H37: RW | I37: string | J37: 本地分流端口流量，当清除当前流量统计时，使用写功能，设置为0，以Mbyte为单位 | K37: 《5G NR无线网络扩展型皮基站设备功能测试规范—基本功能分册》
A38: 备注说明 | B38: 扩展型皮站-主机单元（MU）参数管理中，基于IP五元组的规则列表中，如果某一项为空则表示不考虑该项对分流的影响，例如，规则配置为SourceIp=192.168.10.10，其他SourceMask、SourcePort、TargetIp、TargetMask、TargetPort、ProtocolType均为空，则分流规则只依赖于SourceIp

Sheet SI
A1: 归类 | B1: 网管数据模型(TR181) | C1: 参数名称 | D1: 中文名 | E1: 重要性 | F1: 北向Index | G1: 北向NRM参数映射 | H1: 网管读写权限 | I1: 类型 | J1: 描述 | K1: 来源 | L1: 备注
A2: NNSF参数管理 | B2: Device.Services.FAPService.{i}.Capabilities.NR.NNSFSupported | C2: NNSFSupported | D2: 负载均衡参数 | E2: A | F2: / | G2: / | H2: RW | I2: boolean | J2: (0=false,1=true) | K2: TR系列规范(TR098/TR181/TR196)/NRM数据配置要求

Sheet SJ
A1: 归类 | B1: 网管数据模型(TR181) | C1: 参数名称 | D1: 中文名 | E1: 重要性 | F1: 北向Index | G1: 北向NRM参数映射 | H1: 网管读写权限 | I1: 类型 | J1: 描述 | K1: 来源 | L1: 备注
A2: CN参数管理 | B2: Device.Services.FAPService.{i}.CellConfig.{i}.NR.CN.EmergencyAreaID | C2: EmergencyAreaID | D2: EmergencyAreaID | E2: A | F2: / | G2: / | H2: RW | I2: unsignedInt[0:7] | J2: 突发事件区域ID(3bit) | K2: TR系列规范(TR098/TR181/TR196) | L2: 修正参数类型
A3: 小区闭塞 | B3: Device.Services.FAPService.{i}.CellConfig.{i}.NR.RAN.CellRestriction.CellBarred | C3: CellBarred | D3: 小区闭塞 | E3: A | F3: / | G3: / | H3: RW | I3: boolean | J3: {0：notBarred，1：barred } | K3: NRM数据配置要求 | L3: 修正参数类型 扩展型皮基站开关：(0=false,1=true) true：标识开启小区闭塞 false：标识关闭小区解闭塞
A4: 小区激活/去激活 | B4: Device.Services.FAPService.{i}.CellConfig.{i}.NR.RAN.CellEnable.AdminState | C4: AdminState | D4: 小区管理状态 | E4: CA | F4: / | G4: / | H4: RW | I4: boolean | J4: 0:关闭 1:开启 | K4: TR系列规范(TR098/TR181/TR196) | L4: 扩展型皮基站开关：(0=false,1=true) true：标识开启 false：标识关闭
A5: 小区状态参数 | B5: Device.Services.FAPService.{i}.CellConfig.{i}.NR.RAN.OpState | C5: OpState | D5: 基站运行状态 | E5: CA | F5: AA | G5: OperationalState | H5: R | I5: boolean | J5: 0:禁止 1:启动 | K5: TR系列规范(TR098/TR181/TR197) | L5: 小区当前操作状态：(0=false,1=true) false：禁止 true:启动
A6: 广播参数管理 | B6: Device.Services.FAPService.{i}.CellConfig.{i}.NR.CN.PLMNList.{i}.CellReservedForOperatorUse | C6: CellReservedForOperatorUse | D6: 小区预留标识 | E6: A | F6: / | G6: / | H6: RW | I6: boolean | J6: 供运营商使用的小区预留标志 {0：notReserved，1：reserved} | K6: TR系列规范(TR098/TR181/TR196)/NRM数据配置要求
B7: Device.Services.FAPService.{i}.CellConfig.{i}.NR.RAN.SysInfoCtrlParam.MultiBandInfoListSIB1 | C7: MultiBandInfoListSIB1 | D7: SIB1中多频段指示参数 | E7: CA | F7: / | G7: / | H7: RW | I7: unsignedInt[1:1024] | J7: / | K7: NRM数据配置要求 | L7: 64位不够用，建议按38.331中的定义： FreqBandIndicatorNR：INTEGER (1..1024)
B8: Device.Services.FAPService.{i}.CellConfig.{i}.NR.RAN.SysInfoCtrlParam.IdleModeRATMobile.{i}.MultiBandInfoListSIB5 | C8: MultiBandInfoListSIB5 | D8: SIB5中多频段指示参数 | E8: CA | F8: / | G8: / | H8: RW | I8: unsignedInt[1:64] | J8: / | K8: NRM数据配置要求
A9: 小区参数管理 | B9: Device.Services.FAPService.{i}.CellConfig.{i}.NR.RAN.RF.gNBDUId | C9: gNBDUId | D9: gNodeB DU编号 | E9: A | F9: AL | G9: gNB-DUId | H9: R | I9: unsignedLong[0:‭68719476735‬] | J9: 在gNB内可用唯一标识DU;参见3GPP TS 38.401 6.2.2节和 3GPP TS 38.473 9.3.1.9节 | K9: NRM数据配置要求 | L9: 5G SA gNB网元统计数据需求规范-NRM(V1.4.2)
B10: Device.Services.FAPService.{i}.CellConfig.{i}.NR.RAN.RF.NRARFCNDL | C10: NRARFCNDL | D10: 下行NRARFCN | E10: A | F10: / | G10: / | H10: RW | I10: unsignedInt[0:3279165] | J10: 下行NRARFCN | K10: TR系列规范(TR098/TR181/TR196)/NRM数据配置要求 | L10: 修正参数类型
B11: Device.Services.FAPService.{i}.CellConfig.{i}.NR.RAN.RF.PhyCellID | C11: PhyCellID | D11: PCI | E11: A | F11: AM | G11: nRPCI | H11: RW | I11: unsignedInt[0:1007] | J11: PCI | K11: TR系列规范(TR098/TR181/TR196)/NRM数据配置要求 | L11: 修正参数类型，修改参数名大小写，保持和TR196一致
B12: Device.Services.FAPService.{i}.CellConfig.{i}.NR.RAN.RF.DLBandwidth | C12: DLBandwidth | D12: 下行带宽 | E12: A | F12: / | G12: / | H12: RW | I12: unsignedInt[5,10,15,20,25,30,40,50,60,80,90,100,200,400] | J12: 下行带宽 单位为兆赫兹(MHz) | K12: TR系列规范(TR098/TR181/TR196)/NRM数据配置要求 | L12: 修正参数类型
B13: Device.Services.FAPService.{i}.CellConfig.{i}.NR.RAN.RF.ULBandwidth | C13: ULBandwidth | D13: 上行带宽 | E13: A | F13: / | G13: / | H13: RW | I13: unsignedInt[5,10,15,20,25,30,40,50,60,80,90,100,200,400] | J13: 上行带宽 单位为兆赫兹(MHz) | K13: TR系列规范(TR098/TR181/TR196) | L13: 修正参数类型
B14: Device.Services.FAPService.{i}.CellConfig.{i}.NR.RAN.RF.PSCHPowerOffset | C14: PSCHPowerOffset | D14: PSCH功率偏置 | E14: A | F14: / | G14: / | H14: RW | I14: string(512) | J14: 主同步信道相对SS/PBCH block 的功率偏置,取值范围{db0, db3} | K14: TR系列规范(TR098/TR181/TR196)
B15: Device.Services.FAPService.{i}.CellConfig.{i}.NR.RAN.RF.NRARFCNUL | C15: NRARFCNUL | D15: 上行NRARFCN | E15: A | F15: / | G15: / | H15: RW | I15: unsignedInt[0:3279165] | J15: 上行NRARFCN | K15: TR系列规范(TR098/TR181/TR196) | L15: 修正参数类型
B16: Device.Services.FAPService.{i}.CellConfig.{i}.NR.RAN.RF.FreqBandIndicator | C16: FreqBandIndicator | D16: 频带指示 | E16: A | F16: / | G16: / | H16: RW | I16: unsignedInt[1:1024] | J16: 频带指示 | K16: TR系列规范(TR098/TR181/TR196)/NRM数据配置要求 | L16: 修正参数类型， 建议按38.331中的定义： FreqBandIndicatorNR：INTEGER (1..1024)
B17: Device.Services.FAPService.{i}.CellConfig.{i}.NR.RAN.RF.SsbFrequency | C17: ssbFrequency | D17: SSB频点号 | E17: A | H17: RW | I17: unsignedInt[0:3279165] | J17: 小区载频的SSB ARFCN | K17: 3GPP TS38.331
B18: Device.Services.FAPService.{i}.CellConfig.{i}.NR.RAN.RF.SsPBCHBlockPower | C18: SsPBCHBlockPower | D18: SSB Block功率值 | E18: A | F18: BF | G18: ssPBCHBlockPower | H18: RW | I18: int[-60:50] | J18: SSB Block功率值 | L18: 修正参数类型 5G基于SSB定义基准功率
A19: 小区标识参数 | B19: Device.Services.FAPService.{i}.CellConfig.{i}.NR.RAN.UserLabel | C19: UserLabel | D19: 用户友好名 | E19: A | F19: AA | G19: UserLabel | H19: RW | I19: string | J19: 字段必须与OMC系统内配置资源名称保持一致。且要求UserLabel与告警、性能数据中同一资源对象使用的网元用户友好名保持一致，即用户有好名在OMC内部以及北向接口交互过程中全局唯一。OMC系统内配置资源命名建议参考《中国移动网络资源命名规范-无线分册》，基站命名要求。默认不填写为空字符串 | K19: 5G SA gNB网元统计数据需求规范-NRM(V1.4.2)
B20: Device.Services.FAPService.{i}.CellConfig.{i}.NR.RAN.Common.cellType | C20: cellType | D20: 小区类型 | E20: A | F20: / | G20: / | H20: R | I20: string(64) | J20: 小区类型,Enumerate{SUB1G,SUB6G,ABOVE6G} | K20: 自定义
B21: Device.Services.FAPService.{i}.CellConfig.{i}.NR.CN.CellReservedForOtherUse | C21: CellReservedForOtherUse | D21: 小区预留标识总开关 | E21: A | F21: / | G21: / | H21: RW | I21: boolean | J21: 供运营商使用的小区预留标志 | K21: TR系列规范(TR098/TR181/TR196)/NRM数据配置要求
B22: Device.Services.FAPService.{i}.CellConfig.{i}.NR.CN.TA.{i}.TAC | C22: TAC | D22: 跟踪区编码 | E22: A | F22: AM | G22: nRTac | H22: RW | I22: unsignedInt[0:16777215] | J22: 跟踪区代码，TAC(24bit) | K22: TR系列规范(TR098/TR181/TR196)/NRM数据配置要求 | L22: The IE TrackingAreaCode is used to identify a tracking area within the scope of a PLMN
B23: Device.Services.FAPService.{i}.CellConfig.{i}.NR.CN.TA.{i}.Ranac | C23: Ranac | D23: RAN区域编码 | E23: A | F23: / | G23: / | H23: RW | I23: INTEGER (0..255) | J23: RAN区域编码 | K23: TR系列规范(TR098/TR181/TR196)/NRM数据配置要求 | L23: The IE RAN-AreaCode is used to identify a RAN area within the scope of a tracking area
B24: Device.Services.FAPService.{i}.CellConfig.{i}.NR.CN.TA.{i}.NrcellIdentity | C24: NrcellIdentity | D24: 小区cellIdentity | E24: A | F24: AH，AM | G24: nCI | H24: RW | I24: unsignedLong[0:‭68719476735‬] | J24: 小区标识(36bit) | K24: TR系列规范(TR098/TR181/TR196)/NRM数据配置要求 | L24: The IE CellIdentity is used to unambiguously identify a cell within a PLMN
B25: Device.Services.FAPService.{i}.CellConfig.{i}.NR.CN.TA.{i}.CellReservedForOperatorUse | C25: CellReservedForOperatorUse | D25: 小区PLMN预留标识 | E25: A | F25: / | G25: / | H25: RW | I25: boolean | J25: 供运营商使用的小区预留标志,Enumerate{reserved, notReserved} | K25: TR系列规范(TR098/TR181/TR196)/NRM数据配置要求
B26: Device.Services.FAPService.{i}.CellConfig.{i}.NR.CN.TA.{i}.PLMNList.{i}.PLMNID | C26: PLMNID | D26: 小区PLMNID | E26: A | F26: AH，BF | G26: PlmnIdList | H26: RW | I26: string(6) | J26: 由MCC和MNC组成 | K26: TR系列规范(TR098/TR181/TR196)/NRM数据配置要求
B27: Device.Services.FAPService.{i}.CellConfig.{i}.NR.CN.TA.{i}.PLMNList.{i}.SliceList.{i}.SNSSAI | C27: SNSSAI | D27: SNSSAI | E27: A | F27: / | G27: / | H27: RW | I27: unsignedInt[0:‭4294967295‬] | J27: 由SST和SD组成 | K27: TR系列规范(TR098/TR181/TR196)/NRM数据配置要求 | L27: The S-NSSAI may include both the SST and SD fields (in which case the S-NSSAI length is 32 bits in total), or the S-NSSAI may just include the SST field (in which case the S-NSSAI length is 8 bits only). The SST field may have standardized and non-standardized values. Values 0 to 127 belong to the standardized SST range and they are defined in 3GPP TS 23.501 [119]. Values 128 to 255 belong to the Operator-specific range. The SD field has a reserved value "no SD value associated with the SST" defined as hexadecimal FFFFFF. The SD field has a reserved value "no SD value associated with the SST" defined as hexadecimal FFFFFF.
A28: VoNR参数 | B28: Device.Services.FAPService.{i}.CellConfig.{i}.NR.VoNR.VoSupport | C28: VoSupport | D28: VoNR支持标识 | E28: A | F28: / | G28: / | H28: R | I28: boolean | J28: 0:不支持 1:支持 | K28: 自定义
B29: Device.Services.FAPService.{i}.CellConfig.{i}.NR.VoNR.VoNRSwitch | C29: VoNRSwitch | D29: VoNR开关 | E29: A | F29: / | G29: / | H29: RW | I29: boolean | J29: VoNR开关，0：不开启，1：开启 | K29: 根据需求建议增加VoNR的开关配置节点
B30: Device.Services.FAPService.{i}.CellConfig.{i}.NR.VoNR.PdcpInitParam.{i}.RohcEn | C30: RohcEn | D30: 分QCI头压缩功能开关 | E30: A | F30: / | G30: / | H30: RW | I30: string(64) | J30: （ON，OFF, NA）,{i}取值范围[1,…,9] | K30: NRM数据配置要求
B31: Device.Services.FAPService.{i}.CellConfig.{i}.NR.VoNR.SPSSwitchQCI1Ul | C31: SPSSwitchQCI1Ul | D31: QCI1上行SPS功能开关 | E31: CA | F31: / | G31: / | H31: RW | I31: string(64) | J31: （ON，OFF, NA） | K31: NRM数据配置要求
A32: 接入UE数量管理 | B32: Device.Services.FAPService.{i}.CellConfig.{i}.NR.Capabilities.UeInactiveTimer | C32: UeInactiveTimer | D32: 连接态UE不活动定时器 | E32: A | F32: / | G32: / | H32: RW | I32: unsignedInt[0:7200] | J32: / | K32: NRM数据配置要求
B33: Device.Services.FAPService.{i}.CellConfig.{i}.NR.Capabilities.MaxUEsServed | C33: SupportRRCNumbers | D33: 同时支持RRC连接最大用户数 | E33: A | F33: / | G33: / | H33: R | I33: int[0:] | J33: / | K33: TR系列规范(TR098/TR181/TR196)/NRM数据配置要求 | L33: 修正参数类型
B34: Device.Services.FAPService.{i}.CellConfig.{i}.NR.Capabilities.SupportActiveRRCNumbers | C34: SupportActiveRRCNumbers | D34: 同时支持RRC激活最大用户数 | E34: A | F34: / | G34: / | H34: R | I34: unsignedInt[0:65535] | J34: / | K34: NRM数据配置要求
A35: 小区底噪测量 | B35: Device.Services.FAPService.{i}.CellConfig.{i}.NR.Capabilities.PRBNum | C35: PrbNum | D35: 子帧的PRB | E35: B | F35: / | G35: / | H35: RW | I35: string | J35: 需要开启接收干扰功率测量的上行子帧的PRB索引。可以选择273个PRB中的任意多个，例如{0..7,50,272}表示选择0号到7号，50号及272号共10个位置上的PRB，其中”..”表示连续区间，“,”表示分隔;{0,1,2,…272}
B36: Device.Services.FAPService.{i}.CellConfig.{i}.NR.Capabilities.NoisePwdBm | C36: NoisePwdBm | D36: 底噪 | E36: A | F36: / | G36: / | H36: R | I36: string | J36: / | L36: 《硬件测试规范》-4扩展单元测试-4.1组网能力
A37: 小区与RU映射 | B37: Device.Services.FAPService.{i}.CellConfig.{i}.NR.RAN.RouteIndexList | C37: RouteIndexList | D37: 路由指示列表 | E37: A | F37: / | G37: / | H37: RW | I37: string(512) | J37: 小区关联的RU列表，使用SA页RU的RouteIndex标识，RouteIndex为EU时，表示该EU下连接的RU都关联到该小区；RouteIndex为RU时，表示指定的RU关联到该小区，多个RouteIndex用逗号隔开
B38: Device.Services.FAPService.{i}.CellConfig.{i}.NR.RAN.RuList | C38: RuList | D38: RU列表 | E38: A | F38: / | G38: / | H38: RW | I38: string(512) | J38: 小区关联的RU列表，使用SA页RU的SerialNumber标识，多个RU用逗号隔开
A39: 小区最大发射功率 | B39: Device.Services.FAPService.{i}.CellConfig.{i}.NR.RAN.MaxTxPower | C39: MaxTxPower | D39: 最大发射功率 | E39: A | F39: / | G39: / | H39: RW | I39: unsignedInt | J39: 单位dBm 指小基站所有通道发射功率总和
A40: 节能管理参数 | B40: Device.Services.FAPService.{i}.CellConfig.{i}.NR.RAN.EnergySaveParam.EnergySavingType | C40: EnergySavingType | D40: 小区节能策略 | E40: A | F40: / | G40: / | H40: RW | I40: string(64) | J40: 节能模式配置： Enumerate{NOT_SAVING,DEEP_SAVING,SHALLOW_SAVING,SLOT_SWITCH}
B41: Device.Services.FAPService.{i}.CellConfig.{i}.NR.RAN.EnergySaveParam.EnergySavingTime | C41: EnergySavingTime | D41: 节能策略开始与结束时间 | E41: A | F41: / | G41: / | H41: RW | I41: string(64) | J41: 定义休眠的开始(时\分)与结束时间(时分) 实例：01:00:00-06:00:00
B42: Device.Services.FAPService.{i}.CellConfig.{i}.NR.RAN.EnergySaveParam.EnergySavingDelayTime | C42: EnergySavingDelayTime | D42: 节能策略迟滞时间 | E42: A | F42: / | G42: / | H42: RW | I42: unsignedInt | J42: 节能策略迟滞时间，取值 0..15分钟。当小区总负荷在该时间段内持续低于门限值时启动对应休眠策略
B43: Device.Services.FAPService.{i}.CellConfig.{i}.NR.RAN.EnergySaveParam.EnergySavingStage | C43: EnergySavingStage | D43: 小区节能状态/阶段 | E43: A | F43: / | G43: / | H43: R | I43: unsignedInt[1:3] | J43: 1: initialization,初始化状态，表示未进行休眠或默认状态 2: started,开始执行休眠状态 3: ongoing:正处于休眠状态
B44: Device.Services.FAPService.{i}.CellConfig.{i}.NR.RAN.EnergySaveParam.PrbLowThreshold | C44: PrbLowThreshold | D44: PRB利用率低门限 | E44: A | F44: / | G44: / | H44: RW | I44: unsignedInt[1:100] | J44: PRB利用率低门限，表示百分比，取值1..100，例如1%~100%
B45: Device.Services.FAPService.{i}.CellConfig.{i}.NR.RAN.EnergySaveParam.RRCLowThreshold | C45: RRCLowThreshold | D45: RRC接入用户数低门限 | E45: A | F45: / | G45: / | H45: RW | I45: unsignedInt | J45: RRC连接用户数低门限
A46: QoS映射DRB参数管理 | B46: Device.Services.FAPService.{i}.CellConfig.{i}.NR.RAN.RadioBearParam.{i}.5QI | C46: 5QI | D46: 5QI | E46: CB | F46: / | G46: / | H46: RW | I46: unsignedInt[0:255,...] | J46: 5QI，TS23.501 | L46: 《5G NR无线网络扩展型皮基站设备功能测试规范—基本功能分册》
B47: Device.Services.FAPService.{i}.CellConfig.{i}.NR.RAN.RadioBearParam.{i}.MappingDrbIndex | C47: MappingDrbIndex | D47: 映射到的DRB | E47: CB | F47: / | G47: / | H47: RW | I47: string(64) | J47: 字符串，描述5QI与DRB映射关系，DRB之间使用","分割，例如：某5QI使用的DRB是5,10和32，则表示为"5,10,32" | L47: 《5G NR无线网络扩展型皮基站设备功能测试规范—基本功能分册》
A48: 安全参数管理 | B48: Device.Services.FAPService.{i}.CellConfig.{i}.NR.RAN.IntegrityProtAlgorithm.Nia0Enable | C48: Nia0Enable | D48: 完整性保护算法nia0 | E48: B | F48: AG | G48: IntegrityProtAlgorithm | H48: RW | I48: boolean | J48: {0:关闭,1:开启} | L48: 《5G NR无线网络扩展型皮基站设备功能测试规范—基本功能分册》
B49: Device.Services.FAPService.{i}.CellConfig.{i}.NR.RAN.IntegrityProtAlgorithm.Nia1Enable | C49: Nia1Enable | D49: 完整性保护算法nia1 | E49: B | F49: AG | G49: IntegrityProtAlgorithm | H49: RW | I49: boolean | J49: {0:关闭,1:开启} | L49: 《5G NR无线网络扩展型皮基站设备功能测试规范—基本功能分册》
B50: Device.Services.FAPService.{i}.CellConfig.{i}.NR.RAN.IntegrityProtAlgorithm.Nia2Enable | C50: Nia2Enable | D50: 完整性保护算法nia2 | E50: B | F50: AG | G50: IntegrityProtAlgorithm | H50: RW | I50: boolean | J50: {0:关闭,1:开启} | L50: 《5G NR无线网络扩展型皮基站设备功能测试规范—基本功能分册》
B51: Device.Services.FAPService.{i}.CellConfig.{i}.NR.RAN.IntegrityProtAlgorithm.Nia3Enable | C51: Nia3Enable | D51: 完整性保护算法nia3 | E51: B | F51: AG | G51: IntegrityProtAlgorithm | H51: RW | I51: boolean | J51: {0:关闭,1:开启} | L51: 《5G NR无线网络扩展型皮基站设备功能测试规范—基本功能分册》
B52: Device.Services.FAPService.{i}.CellConfig.{i}.NR.RAN.CipheringAlgorithm.Nea0Enable | C52: Nea0Enable | D52: 加密算法Nea0Enable | E52: B | F52: AG | G52: CipheringAlgorithm | H52: RW | I52: boolean | J52: {0:关闭,1:开启} | L52: 《5G NR无线网络扩展型皮基站设备功能测试规范—基本功能分册》
B53: Device.Services.FAPService.{i}.CellConfig.{i}.NR.RAN.CipheringAlgorithm.Nea1Enable | C53: Nea1Enable | D53: 加密算法Nea1Enable | E53: B | F53: AG | G53: CipheringAlgorithm | H53: RW | I53: boolean | J53: {0:关闭,1:开启} | L53: 《5G NR无线网络扩展型皮基站设备功能测试规范—基本功能分册》
B54: Device.Services.FAPService.{i}.CellConfig.{i}.NR.RAN.CipheringAlgorithm.Nea2Enable | C54: Nea2Enable | D54: 加密算法Nea2Enable | E54: B | F54: AG | G54: CipheringAlgorithm | H54: RW | I54: boolean | J54: {0:关闭,1:开启} | L54: 《5G NR无线网络扩展型皮基站设备功能测试规范—基本功能分册》
B55: Device.Services.FAPService.{i}.CellConfig.{i}.NR.RAN.CipheringAlgorithm.Nea3Enable | C55: Nea3Enable | D55: 加密算法Nea3Enable | E55: B | F55: AG | G55: CipheringAlgorithm | H55: RW | I55: boolean | J55: {0:关闭,1:开启} | L55: 《5G NR无线网络扩展型皮基站设备功能测试规范—基本功能分册》
A56: DRX参数管理 | B56: Device.Services.FAPService.{i}.CellConfig.{i}.NR.RAN.Drx.{i}.QCI | C56: QCI | D56: DrxLongCycle中的QCI | E56: A | F56: AH | G56: DrxLongCycle | H56: RW | I56: unsignedInt | J56: DrxLongCycle中的QCI | L56: 《5G SA gNB网元统计数据需求规范-NRM(V1.4.2)》
B57: Device.Services.FAPService.{i}.CellConfig.{i}.NR.RAN.Drx.{i}.DrxAlgoSwitch | C57: DrxAlgoSwitch | D57: DRX算法开关 | E57: A | F57: AM | G57: DrxAlgoSwitch | H57: RW | I57: boolean | J57: {0:关闭,1:开启} | L57: 《5G SA gNB网元统计数据需求规范-NRM(V1.4.2)》
B58: Device.Services.FAPService.{i}.CellConfig.{i}.NR.RAN.Drx.{i}.PLMNList.{i}.PLMNID | C58: PLMNID | D58: 小区PLMNID | E58: A | F58: AH | G58: DrxLongCycle | H58: RW | I58: string(6) | J58: 由MCC和MNC组成 | L58: 《5G SA gNB网元统计数据需求规范-NRM(V1.4.2)》
B59: Device.Services.FAPService.{i}.CellConfig.{i}.NR.RAN.Drx.{i}.DrxLongCycle | C59: DrxLongCycle | D59: DRX长周期的长度 | E59: A | F59: AH | G59: DrxLongCycle | H59: RW | I59: string | J59: 字符串取值：ms10, ms20, ms32, ms40, ms60, ms64, ms70, ms80, ms128, ms160, ms256, ms320, ms512, ms640, ms1024, ms1280, ms2048, ms2560, ms5120, ms10240, spare12, spare11, spare10, spare9, spare8, spare7 spare6, spare5, spare4, spare3, spare2, spare1 | L59: 《5G SA gNB网元统计数据需求规范-NRM(V1.4.2)》
B60: Device.Services.FAPService.{i}.CellConfig.{i}.NR.RAN.Drx.{i}.DrxonDurationTimer | C60: DrxonDurationTimer | D60: DRX持续时间定时器 | E60: A | F60: AM | G60: DrxonDurationTimer | H60: RW | I60: string | J60: DRX周期内终端持续监听PDCCH的时间,字符串取值 ms1_32, ms2_32, ms3_32, ms4_32, ms5_32, ms6_32, ms7_32, ms8_32, ms9_32, ms10_32, ms11_32, ms12_32, ms13_32, ms14_32, ms15_32, ms16_32, ms17_32, ms18_32, ms19_32, ms20_32,ms21_32, ms22_32, ms23_32, ms24_32, ms25_32, ms26_32,ms27_32, ms28_32, ms29_32, ms30_32, ms31_32, ms1, ms2, ms3, ms4, ms5, ms6, ms8, ms10, ms20, ms30, ms40, ms50, ms60, ms80, ms100, ms200, ms300, ms400, ms500, ms600, ms800, ms1000, ms1200, ms1600, spare8, spare7 spare6, spare5, spare4, spare3, spare2, spare1 注：ms1_32 表示 1/32ms ... ms31_32表示 31/32ms | L60: 《5G SA gNB网元统计数据需求规范-NRM(V1.4.2)》
B61: Device.Services.FAPService.{i}.CellConfig.{i}.NR.RAN.Drx.{i}.DrxInactivityTimer | C61: DrxInactivityTimer | D61: DRX非激活定时器 | E61: A | F61: AM | G61: DrxInactivityTimer | H61: RW | I61: string | J61: 新传调度之后的持续监听PDCCH时间，字符串取值ms0, ms1, ms2, ms3, ms4, ms5, ms6, ms8, ms10, ms20, ms30, ms40, ms50, ms60, ms80, ms100, ms200, ms300, ms500, ms750, ms1280, ms1920, ms2560, spare9, spare8, spare7, spare6, spare5, spare4, spare3, spare2, spare1 | L61: 《5G SA gNB网元统计数据需求规范-NRM(V1.4.2)》
A62: 寻呼参数管理 | B62: Device.Services.FAPService.{i}.CellConfig.{i}.NR.RAN.PCCHConfig.DefaultPagingCycle | C62: DefaultPagingCycle | D62: 默认寻呼周期 | E62: A | F62: BF | G62: defaultPagingCycle | H62: RW | I62: string(64) | J62: 指示PCCH的默认寻呼周期。 取值Enumerate{:rf32, rf64, rf128} | K62: 3GPP TS38.331
B63: Device.Services.FAPService.{i}.CellConfig.{i}.NR.RAN.PCCHConfig.PagingFrameOffset | C63: PagingFrameOffset | D63: 寻呼偏置 | E63: A | F63: BF | G63: nAndPagingFrameOffset | H63: RW | I63: unsignedInt[0:15] | J63: 该参数用于表示寻呼周期内寻呼帧的个数。 nAndPagingFrameOffset 取值范围 structure { n（寻呼周期内PF个数）:=enum{oneT, halfT,quarterT, oneEighthT,oneSixteenthT}， PagingFrameOffset(寻呼偏置) :=INTERGER }； nAndPagingFrameOffset取值为oneT，则PagingFrameOffset 为NULL。 Used to derive the number of total paging frames in T (corresponding to parameter N in TS 38.304 [20]) and paging frame offset (corresponding to parameter PF_offset in TS 38.304 [20]). 详见3GPP 38.331 section 6.3.2 | K63: 3GPP TS38.331
B64: Device.Services.FAPService.{i}.CellConfig.{i}.NR.RAN.PCCHConfig.N | C64: N | D64: 寻呼总帧数 | E64: A | F64: BF | G64: nAndPagingFrameOffset | H64: RW | I64: unsignedInt[1,2,4,8,16] | J64: 该参数用于表示寻呼周期内寻呼帧的个数。 nAndPagingFrameOffset 取值范围 structure { n（寻呼周期内PF个数）:=enum{oneT, halfT,quarterT, oneEighthT,oneSixteenthT}， PagingFrameOffset(寻呼偏置) :=INTERGER }； nAndPagingFrameOffset取值为oneT，则PagingFrameOffset 为NULL。 Used to derive the number of total paging frames in T (corresponding to parameter N in TS 38.304 [20]) and paging frame offset (corresponding to parameter PF_offset in TS 38.304 [20]). 详见3GPP 38.331 section 6.3.2 | K64: 3GPP TS38.332
B65: Device.Services.FAPService.{i}.CellConfig.{i}.NR.RAN.PCCHConfig.Ns | C65: Ns | D65: PF中PO个数 | E65: A | F65: BF | G65: ns | H65: RW | I65: string(64) | J65: 指示PF中寻呼时机PO的个数。Enum{four,two,one} | K65: 3GPP TS38.331

Sheet SK
A1: 类型 | B1: 网管数据模型(TR181) | C1: 参数名称 | D1: 中文名 | E1: 重要性 | F1: 北向Index | G1: 北向NRM参数映射 | H1: 网管读写权限 | I1: 类型 | J1: 描述 | K1: 来源
A2: 物理层参数管理 | B2: Device.Services.FAPService.{i}.CellConfig.{i}.NR.RAN.PHY.FrequencyInfoDLSIB.OffsetToPointA | C2: OffsetToPointA | D2: SSB的PRB0中子载波0位置与PointA之间偏移值 | E2: A | F2: / | G2: / | H2: R | I2: unsignedInt[0:2199] | J2: 取值范围：0~2199 默认值为0 | K2: 3GPP TS38.331
B3: Device.Services.FAPService.{i}.CellConfig.{i}.NR.RAN.PHY.FrequencyInfoDLSIB.MultiFrequencyBandListNRSIB.{i}.FreqBandIndicatorNR | C3: FreqBandIndicatorNR | D3: NR频段指示 | E3: A | F3: / | G3: / | H3: RW | I3: unsignedInt[1:1024] | J3: FreqBandIndList实际值 总个数最大为8，即i最大取8 | K3: 3GPP TS38.331
B4: Device.Services.FAPService.{i}.CellConfig.{i}.NR.RAN.PHY.FrequencyInfoDLSIB.ScsSpecificCarrierList.{i}.SCSSpecificCarrier.OffsetToCarrier | C4: OffsetToCarrier | D4: 载波偏置(下行) | E4: A | F4: / | G4: / | H4: RW | I4: unsignedInt[0:2199] | J4: INTEGER (0..2199),i最大值取5 | K4: 3GPP TS38.331
B5: Device.Services.FAPService.{i}.CellConfig.{i}.NR.RAN.PHY.FrequencyInfoDLSIB.ScsSpecificCarrierList.{i}.SCSSpecificCarrier.SubcarrierSpacing | C5: SubcarrierSpacing | D5: 子载波间隔(下行) | E5: A | F5: / | G5: / | H5: RW | I5: unsignedInt[0:4] | J5: 子载波间隔 取值范围：{0, 1, 2, 3, 4} 0代表kHz15，1代表kHz30，2代表kHz60，3代表kHz120，4代表kHz240.,i最大值取5 | K5: 3GPP TS38.331
B6: Device.Services.FAPService.{i}.CellConfig.{i}.NR.RAN.PHY.FrequencyInfoDLSIB.ScsSpecificCarrierList.{i}.SCSSpecificCarrier.CarrierBandwidth | C6: CarrierBandwidth | D6: 带宽值(下行) | E6: A | F6: / | G6: / | H6: RW | I6: unsignedInt[1:275] | J6: 取值范围：[1~275],i最大值取5 | K6: 3GPP TS38.331
B7: Device.Services.FAPService.{i}.CellConfig.{i}.NR.RAN.PHY.FrequencyInfoULSIB.ScsSpecificCarrierList.{i}.SCSSpecificCarrier.OffsetToCarrier | C7: OffsetToCarrier | D7: 载波偏置(上行) | E7: A | F7: / | G7: / | H7: RW | I7: unsignedInt[0:2199] | J7: 取值范围：[0~2199],i最大值取5 | K7: 3GPP TS38.331
B8: Device.Services.FAPService.{i}.CellConfig.{i}.NR.RAN.PHY.FrequencyInfoULSIB.ScsSpecificCarrierList.{i}.SCSSpecificCarrier.SubcarrierSpacing | C8: SubcarrierSpacing | D8: 子载波间隔(上行) | E8: A | F8: / | G8: / | H8: RW | I8: unsignedInt[0:4] | J8: 子载波间隔 取值范围：{0, 1, 2, 3, 4} 0代表kHz15，1代表kHz30，2代表kHz60，3代表kHz120，4代表kHz240. ,i最大值取5 | K8: 3GPP TS38.331
B9: Device.Services.FAPService.{i}.CellConfig.{i}.NR.RAN.PHY.FrequencyInfoULSIB.ScsSpecificCarrierList.{i}.SCSSpecificCarrier.CarrierBandwidth | C9: CarrierBandwidth | D9: 带宽值(上行) | E9: A | F9: / | G9: / | H9: RW | I9: unsignedInt[1:275] | J9: 取值范围：[1~275],i最大值取5 | K9: 3GPP TS38.331
B10: Device.Services.FAPService.{i}.CellConfig.{i}.NR.RAN.PHY.SSB.SsbPositionsInBurst.InOneGroup | C10: InOneGroup | D10: SSB索引bit位 | E10: A | F10: / | G10: / | H10: RW | I10: string(8) | J10: 指示SS-Burst-Set中的SSB的时域位置 | K10: 3GPP TS38.331
B11: Device.Services.FAPService.{i}.CellConfig.{i}.NR.RAN.PHY.SSB.SsbPeriodicityServingCell | C11: SsbPeriodicityServingCell | D11: SSB周期 | E11: A | F11: BF | G11: ssbPeriodicityServingCell | H11: RW | I11: unsignedInt[0:5] | J11: SS-Burst-Set的周期 | K11: 3GPP TS38.331
B12: Device.Services.FAPService.{i}.CellConfig.{i}.NR.RAN.PHY.SSB.SsbSubcarrierOffset | C12: SsbSubcarrierOffset | D12: SSB子载波偏置 | E12: A | F12: / | G12: / | H12: R | I12: unsignedInt[0:15] | J12: kSSB的低4位，表示PointA相对于SSB子载波0的子载波偏移 | K12: 3GPP TS38.331
B13: Device.Services.FAPService.{i}.CellConfig.{i}.NR.RAN.PHY.SubCarrierSpacingCommon | C13: SubCarrierSpacingCommon | D13: 公共子载波间隔 | E13: A | F13: BF | G13: subCarrierSpacingCommon | H13: RW | I13: string(64) | J13: 公共子载波间隔，SIB1、初始接入Msg.2/4、和SI-message使用的子载波间隔。 取值范围{scs15or60, scs30or120}, | K13: 3GPP TS38.331
B14: Device.Services.FAPService.{i}.CellConfig.{i}.NR.RAN.PHY.DmrsTypeAPosition | C14: DmrsTypeAPosition | D14: DMRS TypeA位置 | E14: A | F14: / | G14: / | H14: RW | I14: unsignedInt[0:1] | J14: 上下行DM-RS位置，取值范围：{0, 1}分别表示{pos2, pos3} | K14: 3GPP TS38.331
... B41: Device.Services.FAPService.{i}.CellConfig.{i}.NR.RAN.PHY.BWP.BWPUL.{i}.ConfiguredGrantConfig.PowerControlLoopToUse | C41: PowerControlLoopToUse | D41: PUSCH免授权和SPS时功率调整因子索引 | E41: B | F41: AQ | G41: powerControlLoopToUse | H41: RW | I41: unsignedInt[1,2] | J41: PUSCH免授权和SPS时f(i)索引,ENUMERATED {1:n0, 2:n1}, | K41: 5G SA gNB网元统计数据需求规范-NRM(V1.4.2)
B42: Device.Services.FAPService.{i}.CellConfig.{i}.NR.RAN.PHY.BWP.BWPUL.{i}.RACHConfigGeneric.PrachConfigurationIndex | C42: PrachConfigurationIndex | D42: PRACH时域配置 | E42: A | F42: AO | G42: prachConfigIndex | H42: RW | I42: unsignedInt[0:255] | K42: 3GPP TS38.331
B43: Device.Services.FAPService.{i}.CellConfig.{i}.NR.RAN.PHY.BWP.BWPUL.{i}.RACHConfigGeneric.Msg1FDM | C43: Msg1FDM | D43: PRACH频域资源个数 | E43: A | F43: AO | G43: rachOccasionNumber | H43: RW | I43: unsignedInt[0:3] | J43: 取值范围：[0,1,2,3] 分别对应{one, two, four, eight} | K43: 3GPP TS38.331
B44: Device.Services.FAPService.{i}.CellConfig.{i}.NR.RAN.PHY.BWP.BWPUL.{i}.RACHConfigGeneric.Msg1FrequencyStart | C44: Msg1FrequencyStart | D44: PRACH频域起始位置 | E44: A | F44: AO | G44: rachOccasionStart | H44: RW | I44: unsignedInt[0:274] | J44: 取值范围：[0~274] | K44: 3GPP TS38.331
B45: Device.Services.FAPService.{i}.CellConfig.{i}.NR.RAN.PHY.BWP.BWPUL.{i}.RACHConfigGeneric.ZeroCorrelationZoneConfig | C45: ZeroCorrelationZoneConfig | D45: Ncs值 | E45: A | F45: / | G45: / | H45: RW | I45: unsignedInt[0:15] | J45: 取值范围：[0~15] | K45: 3GPP TS38.331
B46: Device.Services.FAPService.{i}.CellConfig.{i}.NR.RAN.PHY.BWP.BWPUL.{i}.RACHConfigGeneric.PreambleReceivedTargetPower | C46: PreambleReceivedTargetPower | D46: 前导目标接收功率 | E46: A | F46: AO | G46: preambleReceivedTargetPower | H46: RW | I46: int[-204:-60] | J46: 取值范围：[-202 ~ -60] | K46: 3GPP TS38.331
B47: Device.Services.FAPService.{i}.CellConfig.{i}.NR.RAN.PHY.BWP.BWPUL.{i}.RACHConfigGeneric.PreambleTransMax | C47: PreambleTransMax | D47: 最大前导发送次数 | E47: A | F47: AO | G47: preambleTransMax | H47: RW | I47: unsignedInt[0:10] | J47: 取值范围：[0,1,2,3,4,5,6,7,8,9,10] 分别对应{n3, n4, n5, n6, n7, n8, n10, n20, n50, n100, n200} | K47: 3GPP TS38.331
B48: Device.Services.FAPService.{i}.CellConfig.{i}.NR.RAN.PHY.BWP.BWPUL.{i}.RACHConfigGeneric.PowerRampingStep | C48: PowerRampingStep | D48: 前导爬坡步长 | E48: A | F48: AO | G48: powerRampingStep | H48: RW | I48: unsignedInt[0:3] | J48: 取值范围：[0,1,2,3] 分别对应{dB0, dB2, dB4, dB6} | K48: 3GPP TS38.331
B49: Device.Services.FAPService.{i}.CellConfig.{i}.NR.RAN.PHY.BWP.BWPUL.{i}.RACHConfigGeneric.RaResponseWindow | C49: RaResponseWindow | D49: RAR窗长 | E49: A | F49: AO | G49: raResponseWindow | H49: RW | I49: unsignedInt[0:7] | J49: 取值范围：[0,1,2,3,4,5,6,7] 分别对应{sl1, sl2, sl4, sl8, sl10, sl20, sl40, sl80} | K49: 3GPP TS38.331
B50: Device.Services.FAPService.{i}.CellConfig.{i}.NR.RAN.PHY.BWP.BWPUL.{i}.RACHConfigCommon.TotalNumberOfRAPreambles | C50: TotalNumberOfRAPreambles | D50: Preamble码个数 | E50: A | F50: / | G50: / | H50: RW | I50: unsignedInt[1:63,0x00000FFF] | J50: 取值范围：[1~63,0x00000FFF] 0x00000FFF表示无效 | K50: 3GPP TS38.331
B51: Device.Services.FAPService.{i}.CellConfig.{i}.NR.RAN.PHY.BWP.BWPUL.{i}.RACHConfigCommon.SSBPerRACHOccasionChoice | C51: SSBPerRACHOccasionChoice | D51: PRACH对应SSB个数 | E51: A | F51: / | G51: / | H51: RW | I51: unsignedInt[0:7,0x0000000F] | J51: PRACH对应SSB个数，控制CBPreamblesPerSSB的选择范围，取值范围：[0~7, 0x0F] 分别对应{oneEighth, oneFourth, oneHalf, one, two, four, eight, sisteen} 0x0000000F表示无效 | K51: 3GPP TS38.331
B52: Device.Services.FAPService.{i}.CellConfig.{i}.NR.RAN.PHY.BWP.BWPUL.{i}.RACHConfigCommon.CBPreamblesPerSSB | C52: CBPreamblesPerSSB | D52: SSB对应前导码个数 | E52: A | F52: AO | G52: ssb-perRACH-OccasionAndCB-PreamblesPerSSB | H52: RW | I52: unsignedInt[0:15] | J52: SSB对应前导码个数，1）SSBPerRACHOccasionChoice=0时，取值范围：[0~15]，对应{n4,n8,n12,n16,n20,n24,n28,n32,n36,n40,n44,n48,n52,n56,n60,n64}； 2）SSBPerRACHOccasionChoice=1时，取值范围：[0~15]，对应{n4,n8,n12,n16,n20,n24,n28,n32,n36,n40,n44,n48,n52,n56,n60,n64}； 3）SSBPerRACHOccasionChoice=2时，取值范围：[0~15]，对应{n4,n8,n12,n16,n20,n24,n28,n32,n36,n40,n44,n48,n52,n56,n60,n64}； 4）SSBPerRACHOccasionChoice=3时，取值范围：[0~15]，对应{n4,n8,n12,n16,n20,n24,n28,n32,n36,n40,n44,n48,n52,n56,n60,n64}； | K52: 3GPP TS38.331
B53: Device.Services.FAPService.{i}.CellConfig.{i}.NR.RAN.PHY.BWP.BWPUL.{i}.RACHConfigCommon.RaMsg3SizeGroupA | C53: RaMsg3SizeGroupA | D53: Msg3 GroupA大小门限 | E53: A | F53: / | G53: / | H53: RW | I53: unsignedInt[0:9] | J53: 取值范围：[0~9] 分别对应{ b56, b144, b208, b256, b282, b480, b640, b800, b1000,b72} | K53: 3GPP TS38.331
B54: Device.Services.FAPService.{i}.CellConfig.{i}.NR.RAN.PHY.BWP.BWPUL.{i}.RACHConfigCommon.MessagePowerOffsetGroupB | C54: MessagePowerOffsetGroupB | D54: Preamble码选择门限值 | E54: A | F54: / | G54: / | H54: RW | I54: unsignedInt[0:7] | J54: 取值范围：[0~7] 分别对应{ minusinfinity, dB0, dB5, dB8, dB10, dB12, dB15, dB18} | K54: 3GPP TS38.331
... B123: Device.Services.FAPService.{i}.CellConfig.{i}.NR.RAN.PHY.Antenna.NumOfRxAntenna | C123: NumOfRxAntenna | D123: 接收通道数 | E123: A | F123: / | G123: / | H123: RW | I123: unsignedInt[1:4] | J123: 小基站接收通道的数量 | K123: 3GPP TS38.331
A124: RRC参数管理（RRC计时器） | B124: Device.Services.FAPService.{i}.CellConfig.{i}.NR.RAN.RRCTimers.T300 | C124: T300 | D124: T300定时器 | E124: A | F124: AH | G124: T300 | H124: RW | I124: unsignedInt[0:7] | J124: 连续RRCConnectionRequest传输之间的时间间隔,ms100对应100，ms200对应200，依次类推。 取值范围：[0~7] {ms100,ms200, ms300,ms400, ms600,ms1000, ms1500,ms2000} | K124: 3GPP TS38.331
B125: Device.Services.FAPService.{i}.CellConfig.{i}.NR.RAN.RRCTimers.T301 | C125: T301 | D125: T301定时器 | E125: A | F125: AH | G125: T301 | H125: RW | I125: unsignedInt[0:7] | J125: 连续RRCConnectionReestablishmentRe quest传输之间的时间间隔，ms100对应100，ms200对应200，依次类推。 取值范围：[0~7] {ms100,ms200,ms300,ms400, ms600,ms1000, ms1500,ms2000} | K125: 3GPP TS38.331
B126: Device.Services.FAPService.{i}.CellConfig.{i}.NR.RAN.RRCTimers.T302 | C126: T302 | D126: T302定时器 | E126: A | F126: / | G126: / | H126: RW | I126: unsignedInt[1:16] | J126: RRCConnectionReject 之后小区重选或 RRConnectionSetup等待的时间 | K126: 3GPP TS38.331
B127: Device.Services.FAPService.{i}.CellConfig.{i}.NR.RAN.RRCTimers.T304 | C127: T304 | D127: T304定时器 | E127: A | F127: AH | G127: T304 | H127: RW | I127: unsignedInt[0:7] | J127: 在MCG中，T304定时器为切换失败定时器；在SCG中，T304定时器为同步失败定时器。 | K127: 3GPP TS38.331
B128: Device.Services.FAPService.{i}.CellConfig.{i}.NR.RAN.RRCTimers.T310 | C128: T310 | D128: T310定时器 | E128: A | F128: AH | G128: T310 | H128: RW | I128: unsignedInt[0:6] | J128: RLF声明定时器，ms0对应0，ms50对应50，依次类推。 取值范围：[0~6] {ms0,ms50,ms100，ms200,ms500, ms1000, ms2000} | K128: 3GPP TS38.331
B129: Device.Services.FAPService.{i}.CellConfig.{i}.NR.RAN.RRCTimers.T311 | C129: T311 | D129: T311定时器 | E129: A | F129: AH | G129: T311 | H129: RW | I129: unsignedInt[0:6] | J129: RLF恢复定时器，ms1000对应1000，ms3000对应3000，依次类推。 取值范围：[0~6] {ms1000,ms3000, ms5000,ms10000, ms15000,ms20000, ms30000} | K129: 3GPP TS38.331
B130: Device.Services.FAPService.{i}.CellConfig.{i}.NR.RAN.RRCTimers.T320 | C130: T320 | D130: T320定时器 | E130: A | F130: / | G130: / | H130: RW | I130: unsignedInt[0:6] | J130: 小区重选定时器，取值范围：[0~6] [min5,min10,min20,min30,min60,min120,min180] | K130: 3GPP TS38.331
B131: Device.Services.FAPService.{i}.CellConfig.{i}.NR.RAN.RRCTimers.N310 | C131: N310 | D131: N310定时器 | E131: A | F131: AH | G131: N310 | H131: RW | I131: unsignedInt[0:6] | J131: 从低层收到的”out-of-sync” 标志的连续数目，会触发T310定时器。对应TS 38.331 中n310参数，n1对应1，n2对应2，依次类推， 取值范围：[0~7] {n1,n2,n3,n4,n6,n8,n10, n20} | K131: 3GPP TS38.331
B132: Device.Services.FAPService.{i}.CellConfig.{i}.NR.RAN.RRCTimers.N311 | C132: N311 | D132: N311定时器 | E132: A | F132: AH | G132: N311 | H132: RW | I132: unsignedInt[0:6] | J132: 从低层收到的”in-sync”标志的连续数目，会停止T310定时器。对应TS 38.331的n311参数，n1对应1，n2对应2，依次类推， 取值范围：[0~7] {n1,n2,n3,n4,n5,n6,n8,n10} | K132: 3GPP TS38.331
B133: Device.Services.FAPService.{i}.CellConfig.{i}.NR.RAN.RRCTimers.T319 | C133: T319 | D133: T319定时器 | E133: A | F133: / | G133: / | H133: RW | I133: unsignedInt[0:7] | J133: 当UE发送RRC恢复请求时开启的定时器。 取值范围：[0~7] 分别代表 { ms100,ms200,ms300,ms400, ms600,ms1000, ms1500,ms2000} | K133: 3GPP TS38.331
A134: RNAU周期 | B134: Device.Services.FAPService.{i}.CellConfig.{i}.NR.RAN.RRCTimers.T380 | C134: T380 | D134: T380定时器 | E134: A | F134: / | G134: / | H134: RW | I134: unsignedInt[0:7] | J134: RNAU周期，min5对应5，min10对应10，以此类推。 取值范围[0~7] { min5, min10, min20, min30, min60, min120, min360, min720} | K134: 3GPP TS38.332 | L134: 周期性RNAU时间
A135: PDCP参数管理 | B135: Device.Services.FAPService.{i}.CellConfig.{i}.NR.RAN.PDCP.{i}.QCI | C135: QCI | D135: PDCP层UL SN号长度中的QCI | E135: A | F135: AF | G135: PdcpSnSizeUL,DL | H135: RW | I135: unsignedInt | J135: PDCP层UL SN号长度，参考TS38.331的 6.3.2节PDCP-Config：pdcp-SN-SizeUL参数 取值范围说明：List of structure { QCI: Integer, // QCI or mapped 5QI PdcpSnSize: ENUMERATED } PdcpSnSize::=ENUMERATED {len12bits, len18bits} | K135: 《5G SA gNB网元统计数据需求规范-NRM(V1.4.2)》
B136: Device.Services.FAPService.{i}.CellConfig.{i}.NR.RAN.PDCP.{i}.PdcpSnSizeUL | C136: PdcpSnSizeUL | D136: PDCP层UL SN号长度中的SN长度 | E136: A | F136: AF | G136: PdcpSnSizeUL | H136: RW | I136: unsignedInt[12,18] | J136: PDCP层UL SN号长度，参考TS38.331的 6.3.2节PDCP-Config：pdcp-SN-SizeUL参数 取值范围说明：List of structure { QCI: Integer, // QCI or mapped 5QI PdcpSnSize: ENUMERATED } PdcpSnSize::=ENUMERATED {len12bits, len18bits},12对应len12bits | K136: 《5G SA gNB网元统计数据需求规范-NRM(V1.4.2)》
B137: Device.Services.FAPService.{i}.CellConfig.{i}.NR.RAN.PDCP.{i}.PdcpSnSizeDL | C137: PdcpSnSizeDL | D137: PDCP层DL SN号长度中的SN长度 | E137: A | F137: AF | G137: PdcpSnSizeDL | H137: RW | I137: unsignedInt[12,18] | J137: PDCP层UL SN号长度，参考TS38.331的 6.3.2节PDCP-Config：pdcp-SN-SizeUL参数 取值范围说明：List of structure { QCI: Integer, // QCI or mapped 5QI PdcpSnSize: ENUMERATED } PdcpSnSize::=ENUMERATED {len12bits, len18bits} | K137: 《5G SA gNB网元统计数据需求规范-NRM(V1.4.2)》
B138: Device.Services.FAPService.{i}.CellConfig.{i}.NR.RAN.PDCP.{i}.DiscardTimer | C138: DiscardTimer | D138: PDCP层SDU丢弃时间 | E138: A | F138: AF | G138: DiscardTimer | H138: RW | I138: unsignedInt[10,20,30,40,50,60,75,100,150,200,250,300,500,750,1500,0x0000FFFF] | J138: PDCP SDU的丢弃时间，参考TS38.331的 6.3.2节PDCP-Config： discardTimer参数 取值范围: 取值范围说明：List of structure { QCI: Integer, DiscardTimer: ENUMERATED } DiscardTimer::= ENUMERATED {ms10, ms20, ms30, ms40, ms50, ms60, ms75, ms100, ms150, ms200,ms250, ms300, ms500, ms750, ms1500, infinity} | K138: 《5G SA gNB网元统计数据需求规范-NRM(V1.4.2)》
A139: RLC参数管理 | B139: Device.Services.FAPService.{i}.CellConfig.{i}.NR.RAN.RLC.{i}.QCI | C139: QCI | D139: RLC层QCI | E139: A | F139: AM | G139: RlcMode | H139: RW | I139: unsignedInt | J139: RLC传输模式，对应协议RLC-Config参数, 取值范围说明：List of structure { QCI: ENUMERATED， Mode: ENUMERATED } QCI::= ENUMERATED{1，2，3，4，5，6，7，8，9，OTHER，...} 注：QCI 根据NSA 或SA 填写 QCI 或 映射的5QI。 Mode::= ENUMERATED {AM,UM} | K139: 《5G SA gNB网元统计数据需求规范-NRM(V1.4.2)》
B140: Device.Services.FAPService.{i}.CellConfig.{i}.NR.RAN.RLC.{i}.RlcMode | C140: RlcMode | D140: RLC工作模式 | E140: A | F140: AM | G140: RlcMode | H140: RW | I140: unsignedInt[1,2] | J140: RLC传输模式，对应协议RLC-Config参数,ENUMERATED {1:AM:2:UM} | K140: 《5G SA gNB网元统计数据需求规范-NRM(V1.4.2)》
B141: Device.Services.FAPService.{i}.CellConfig.{i}.NR.RAN.RLC.{i}.DlRlcSnSize | C141: DlRlcSnSize | D141: 下行RLC序列号长度 | E141: A | F141: AM | G141: DlRlcSnSize | H141: RW | I141: unsignedInt[6,12,18] | J141: gNodeB和UE的下行RLC序列号长度 DlRlcSnSize::=ENUMERATED {len6bits,len12bits, len18bits} | K141: 《5G SA gNB网元统计数据需求规范-NRM(V1.4.2)》
B142: Device.Services.FAPService.{i}.CellConfig.{i}.NR.RAN.RLC.{i}.UlRlcSnSize | C142: UlRlcSnSize | D142: 上行RLC序列号长度 | E142: A | F142: AM | G142: UlRlcSnSize | H142: RW | I142: unsignedInt[6,12,18] | J142: gNodeB和UE的上行RLC序列号长度UlRlcSnSize::=ENUMERATED {len6bits,len12bits, len18bits} | K142: 《5G SA gNB网元统计数据需求规范-NRM(V1.4.2)》
B143: Device.Services.FAPService.{i}.CellConfig.{i}.NR.RAN.RLC.{i}.GNBRlcReassemblyTimer | C143: GNBRlcReassemblyTimer | D143: GNBRLC重组定时器 | E143: B | F143: AM | G143: GNBRlcReassemblyTimer | H143: RW | I143: unsignedInt[0,5,10,15,20,25,30,35,40,45,50,55,60,65,70,75,80,85,90,95,100,110,120,130,140,150,160,170,180,190,200,0x0000FFFF] | J143: 该参数表示RLC重组定时器的时长 取值：0:ms0, 5:ms5, 10:ms10, 15:ms15, 20:ms20, 25:ms25, 30:ms30, 35:ms35,40:ms40, 45:ms45, 50:ms50, 55:ms55, 60:ms60,65:ms65,70:ms70,75:ms75,80:ms80, 85:ms85, 90:ms90, 95:ms95,100:ms100, 110:ms110,120:ms120, 130:ms130, 140:ms140, 150:ms150, 160:ms160, 170:ms170,180:ms180, 190:ms190, 200:ms200,0x0000FFFF:spare1 | K143: 《5G SA gNB网元统计数据需求规范-NRM(V1.4.2)》

Sheet SL
A1: 归类 | B1: 网管数据模型(TR181) | C1: 参数名称 | D1: 中文名 | E1: 重要性 | F1: 北向Index | G1: 北向NRM参数映射 | H1: 网管读写权限 | I1: 类型 | J1: 描述 | K1: 来源 | L1: 备注
A2: 5G邻区参数管理 | B2: Device.Services.FAPService.{i}.CellConfig.{i}.NR.RAN.NeighborList.NRCell.{i}.PLMNID | C2: PLMNID | D2: 邻区PLMN ID | E2: A | F2: AI | G2: PlmnIdList | H2: RW | I2: string(6) | J2: 邻区PLMN ID，由MCC和MNC组成 | K2: 3GPP TS38.331
B3: Device.Services.FAPService.{i}.CellConfig.{i}.NR.RAN.NeighborList.NRCell.{i}.CID | C3: CID | D3: 邻区CID | E3: A | F3: AI | G3: Tci | H3: RW | I3: unsignedLong[1:68719476735] | J3: 邻区CID（36bit） | K3: 3GPP TS38.331
B4: Device.Services.FAPService.{i}.CellConfig.{i}.NR.RAN.NeighborList.NRCell.{i}.NRCarrierARFCN | C4: NRCarrierARFCN | D4: NR邻区载频的ARFCN | E4: A | F4: / | G4: / | H4: RW | I4: unsignedInt[0:3279165] | J4: NR邻区载频的ARFCN | K4: 3GPP TS38.331
B5: Device.Services.FAPService.{i}.CellConfig.{i}.NR.RAN.NeighborList.NRCell.{i}.ssbFrequency | C5: ssbFrequency | D5: SSB频点号 | E5: A | F5: AI | G5: ssbFrequency | H5: RW | I5: unsignedInt[0:3279165] | J5: NR邻区载频的SSB ARFCN | K5: 3GPP TS38.331
B6: Device.Services.FAPService.{i}.CellConfig.{i}.NR.RAN.NeighborList.NRCell.{i}.ssbSubcarrierSpacing | C6: ssbSubcarrierSpacing | D6: SSB子载波间隔 | E6: A | F6: / | G6: / | H6: RW | I6: unsignedInt[0:4] | J6: 子载波间隔，取值范围：{0, 1, 2, 3, 4} 0代表kHz15，1代表kHz30，2代表kHz60，3代表kHz120，4代表kHz240. | K6: 3GPP TS38.331
B7: Device.Services.FAPService.{i}.CellConfig.{i}.NR.RAN.NeighborList.NRCell.{i}.PhyCellID | C7: PhyCellID | D7: 邻区物理小区ID | E7: A | F7: AI | G7: nRPCI | H7: RW | I7: unsignedInt[0:1007] | J7: NR邻区PCI | K7: 3GPP TS38.331
B8: Device.Services.FAPService.{i}.CellConfig.{i}.NR.RAN.NeighborList.NRCell.{i}.TAC | C8: TAC | D8: 邻区TAC | E8: A | F8: AI | G8: nTAC | H8: RW | I8: unsignedInt[0:16777215] | J8: TAC（24bit） | K8: 3GPP TS38.331
B9: Device.Services.FAPService.{i}.CellConfig.{i}.NR.RAN.NeighborList.NRCell.{i}.Qoffset | C9: QOffset | D9: 小区特定偏移量 | E9: A | F9: AI | G9: QOffsetCell | H9: RW | I9: int[-24:-8, -6:6, 8:24] | J9: 邻区的小区特定偏移量，-6到6区间的步长为1dB，其他区间步长为2dB | K9: 3GPP TS38.331
B10: Device.Services.FAPService.{i}.CellConfig.{i}.NR.RAN.NeighborList.NRCell.{i}.QRxLevMinOffsetCell | C10: QRxLevMinOffsetCell | D10: 小区专用最小接收电平偏移量 | E10: A | F10: / | G10: / | H10: RW | I10: unsignedInt[1:8,0x0000000F] | J10: 取值范围：(1..8,0x0000000F) 0x0000000F代表这个参数不存在 | K10: 3GPP TS38.331
B11: Device.Services.FAPService.{i}.CellConfig.{i}.NR.RAN.NeighborList.NRCell.{i}.QQualMinOffsetCell | C11: QQualMinOffsetCell | D11: 小区专用最低接入信号质量偏移值 | E11: A | F11: / | G11: / | H11: RW | I11: unsignedInt[1:8, 0x0000000F] | J11: 取值范围：(1..8, 0x0000000F) 0x0000000F代表这个参数不存在 | K11: 3GPP TS38.331
B12: Device.Services.FAPService.{i}.CellConfig.{i}.NR.RAN.NeighborList.NRCell.{i}.CIO | C12: CIO | D12: 小区独立偏移量 | E12: A | F12: / | G12: / | H12: RW | I12: int[-24:-8, -6:6, 8:24] | J12: 邻区的小区独立偏移量，-6到6区间的步长为1dB，其他区间步长为2dB | K12: 3GPP TS38.331
B13: Device.Services.FAPService.{i}.CellConfig.{i}.NR.RAN.NeighborList.NRCell.{i}.Blacklisted | C13: Blacklisted | D13: 禁止切换标识 | E13: A | G13: / | H13: RW | I13: boolean | J13: 邻小区是否可以被UE作为切换目标， 1=禁止向该小区切换； 0=允许向该小区切换 | K13: 3GPP TS38.331
B14: Device.Services.FAPService.{i}.CellConfig.{i}.NR.RAN.NeighborList.NRCell.{i}.NoHOEnable | C14: NoHOEnable | D14: 禁止切换标识 | E14: A | F14: / | G14: / | H14: RW | I14: boolean | J14: 邻小区是否可以被UE作为切换目标， 1=禁止向该小区切换； 0=允许向该小区切换 | K14: <<5G NR扩展型皮基站设备规范—SON分册>>
B15: Device.Services.FAPService.{i}.CellConfig.{i}.NR.RAN.NeighborList.NRCell.{i}.NoRemoveEnable | C15: NoRemoveEnable | D15: 禁止删除标识 | E15: A | F15: / | G15: / | H15: RW | I15: boolean | J15: 该标志位被设置后， 该邻区不允许被删除， 1=禁止删除该邻区； 0=允许删除该邻区 | K15: <<5G NR扩展型皮基站设备规范—SON分册>>
B16: Device.Services.FAPService.{i}.CellConfig.{i}.NR.RAN.NeighborList.NRCell.{i}.NoXnEnable | C16: NoXnEnable | D16: 禁止建立Xn标识 | E16: A | F16: / | G16: / | H16: RW | I16: boolean | J16: 该参数表示是否允许本小区与该邻区是否可建立Xn连接。1=禁止向该小区建立Xn连接；0=允许向该小区建立Xn连接 | K16: <<5G NR扩展型皮基站设备规范—SON分册>>
A17: LTE邻区参数管理 | B17: Device.Services.FAPService.{i}.CellConfig.{i}.NR.RAN.NeighborList.LTECell.{i}.TcRAT | C17: TcRAT | D17: LTE小区制式 | E17: B | F17: AJ | G17: TcRAT | H17: RW | I17: unsignedInt[1,2] | J17: 改参数用于指示该邻区关系对应的LTE邻区制式，{1:TDD,2:FDD}。 | K17: 5G SA gNB网元统计数据需求规范-NRM(V1.4.2)
B18: Device.Services.FAPService.{i}.CellConfig.{i}.NR.RAN.NeighborList.LTECell.{i}.PLMNID | C18: PLMNID | D18: 邻区PLMN ID | E18: A | F18: AJ | G18: Tci | H18: RW | I18: string(6) | J18: 邻区PLMN ID，由MCC和MNC组成 | K18: 3GPP TS38.331
B19: Device.Services.FAPService.{i}.CellConfig.{i}.NR.RAN.NeighborList.LTECell.{i}.CID | C19: CID | D19: 邻区CID | E19: A | F19: AJ | G19: Tci | H19: RW | I19: unsignedInt[1:268435455] | J19: 邻区CID（28bit） | K19: 3GPP TS38.331
B20: Device.Services.FAPService.{i}.CellConfig.{i}.NR.RAN.NeighborList.LTECell.{i}.EUTRACarrierARFCN | C20: EUTRACarrierARFCN | D20: 邻区EARFCN | E20: A | F20: AJ | G20: DlEarfcn | H20: RW | I20: unsignedInt[0:65535] | J20: 邻区载频的EARFCN | K20: 3GPP TS38.331
B21: Device.Services.FAPService.{i}.CellConfig.{i}.NR.RAN.NeighborList.LTECell.{i}.PhyCellID | C21: PhyCellID | D21: 邻区PCI | E21: A | F21: AJ | G21: Pci | H21: RW | I21: unsignedInt[0:503] | J21: 4G邻区PCI | K21: 3GPP TS38.331
B22: Device.Services.FAPService.{i}.CellConfig.{i}.NR.RAN.NeighborList.LTECell.{i}.Qoffset | C22: Qoffset | D22: 小区特定偏移量 | E22: A | F22: / | G22: / | H22: RW | I22: int[-24:-8, -6:6, 8:24] | J22: 邻区的小区特定偏移量，-6到6区间的步长为1dB，其他区间步长为2dB | K22: 3GPP TS38.331
B23: Device.Services.FAPService.{i}.CellConfig.{i}.NR.RAN.NeighborList.LTECell.{i}.QRxLevMinOffsetCell | C23: QRxLevMinOffsetCell | D23: 小区专用最小接收电平偏移量 | E23: A | F23: / | G23: / | H23: RW | I23: unsignedInt[1:8, 0x0000000F] | J23: 取值范围：(1..8,0x0000000F) 0x0000000F代表这个参数不存在 | K23: 3GPP TS38.331
B24: Device.Services.FAPService.{i}.CellConfig.{i}.NR.RAN.NeighborList.LTECell.{i}.QQualMinOffsetCell | C24: QQualMinOffsetCell | D24: 小区专用最低接入信号质量偏移值 | E24: A | F24: / | G24: / | H24: RW | I24: unsignedInt[1:8, 0x0000000F] | J24: 取值范围：(1..8, 0x0000000F) 0x0000000F代表这个参数不存在 | K24: 3GPP TS38.331
B25: Device.Services.FAPService.{i}.CellConfig.{i}.NR.RAN.NeighborList.LTECell.{i}.CIO | C25: CIO | D25: 小区独立偏移量 | E25: A | F25: / | G25: / | H25: RW | I25: int[-24:-8, -6:6, 8:24] | J25: 邻区的小区独立偏移量，-6到6区间的步长为1dB，其他区间步长为2dB | K25: 3GPP TS38.331
B26: Device.Services.FAPService.{i}.CellConfig.{i}.NR.RAN.NeighborList.LTECell.{i}.Blacklisted | C26: Blacklisted | D26: 禁止切换标识 | E26: A | F26: / | G26: / | H26: RW | I26: boolean | J26: 邻小区是否可以被UE作为切换目标， 1=禁止向该小区切换； 0=允许向该小区切换 | K26: 3GPP TS38.331
B27: Device.Services.FAPService.{i}.CellConfig.{i}.NR.RAN.NeighborList.LTECell.{i}.TAC | C27: TAC | D27: 邻区TAC | E27: A | F27: AJ | G27: Tac | H27: RW | I27: unsignedInt[0:65535] | J27: TAC（16bit） | K27: 3GPP TS38.331
B28: Device.Services.FAPService.{i}.CellConfig.{i}.NR.RAN.NeighborList.LTECell.{i}.EnbType | C28: EnbType | D28: 邻区基站类型 | E28: A | F28: / | G28: / | H28: RW | I28: unsignedInt | J28: 基站类型 0=宏站小区 1=微站小区 | K28: 3GPP TS38.331
B29: Device.Services.FAPService.{i}.CellConfig.{i}.NR.RAN.NeighborList.LTECell.{i}.NoHOEnable | C29: NoHOEnable | D29: 禁止切换标识 | E29: A | F29: / | G29: / | H29: RW | I29: boolean | J29: 邻小区是否可以被UE作为切换目标， 1=禁止向该小区切换； 0=允许向该小区切换 | K29: <<5G NR扩展型皮基站设备规范—SON分册>>
B30: Device.Services.FAPService.{i}.CellConfig.{i}.NR.RAN.NeighborList.LTECell.{i}.NoRemoveEnable | C30: NoRemove | D30: 禁止删除标识 | E30: A | F30: / | G30: / | H30: RW | I30: boolean | J30: 该标志位被设置后， 该邻区不允许被删除， 1=禁止删除该邻区； 0=允许删除该邻区 | K30: <<5G NR扩展型皮基站设备规范—SON分册>>

Sheet SM
A1: 类型 | B1: 网管数据模型(TR181) | C1: 参数名称 | D1: 中文名 | E1: 重要性 | F1: 北向Index | G1: 北向NRM参数映射 | H1: 网管读写权限 | I1: 类型 | J1: 描述 | K1: 来源 | L1: 备注
A2: 公共切换参数 | B2: Device.Services.FAPService.{i}.CellConfig.{i}.NR.RAN.Mobility.ConnMode.NR.MeasureCtrl.Smeasure | C2: SmeasureConfig | D2: 测量启动门限 | E2: A | F2: / | G2: / | H2: RW | I2: unsignedInt[0:127] | J2: 测量启动门限 | K2: 3GPP TS38.331
A3: A1事件测量控制参数 | B3: Device.Services.FAPService.{i}.CellConfig.{i}.NR.RAN.Mobility.ConnMode.NR.A1MeasureCtrl.1.Enable | C3: Enable | D3: 使能开关 | E3: B | F3: / | G3: / | H3: RW | I3: boolean | J3: 是否启用该表项，（0：不启用，1：启用） | K3: 3GPP TS38.331 | L3: 参数路径中最后一个多实例节点（{i}）序号1～10为系统保留段，若厂商对A1测量事件有其它用途，则从A1MeasureCtrl.11.开始定义
B4: Device.Services.FAPService.{i}.CellConfig.{i}.NR.RAN.Mobility.ConnMode.NR.A1MeasureCtrl.1.A1ThresholdRSRP | C4: A1ThresholdRSRP | D4: A1事件RSRP门限 | E4: B | F4: AK | G4: rsrpThreshold | H4: RW | I4: unsignedInt[0:127] | J4: 用于NR测量中，触发量为RSRP时，A1事件触发条件的绝对门限 | K4: 3GPP TS38.331
B5: Device.Services.FAPService.{i}.CellConfig.{i}.NR.RAN.Mobility.ConnMode.NR.A1MeasureCtrl.1.A1ThresholdRSRQ | C5: A1ThresholdRSRQ | D5: A1事件RSRQ门限 | E5: B | F5: AK | G5: rsrqThreshold | H5: RW | I5: unsignedInt[0:127] | J5: 用于NR测量中，触发量为RSRQ时，A1事件触发条件的绝对门限 | K5: 3GPP TS38.331
B6: Device.Services.FAPService.{i}.CellConfig.{i}.NR.RAN.Mobility.ConnMode.NR.A1MeasureCtrl.1.A1ThresholdSINR | C6: A1ThresholdSINR | D6: A1事件SINR门限 | E6: B | F6: AK | G6: sinrThreshold | H6: RW | I6: unsignedInt[0:127] | J6: 用于NR测量中，触发量为SINR时，A1事件触发条件的绝对门限 | K6: 3GPP TS38.331
B7: Device.Services.FAPService.{i}.CellConfig.{i}.NR.RAN.Mobility.ConnMode.NR.A1MeasureCtrl.1.RptQuantityRsIndex | C7: RptQuantityRsIndex | D7: A1事件RS测量上报量 | E7: B | F7: AK | G7: rptQuantityRsIndex | H7: RW | I7: string | J7: 该参数用于指示RS测量上报量:{rsrp,rsrq,sinr,NULL} | K7: 3GPP TS38.331
B8: Device.Services.FAPService.{i}.CellConfig.{i}.NR.RAN.Mobility.ConnMode.NR.A1MeasureCtrl.1.MaxNrofRSIndexToReport | C8: MaxNrofRSIndexToReport | D8: RS测量上报资源最大个数 | E8: B | F8: AK | G8: maxNrofRSIndexToReport | H8: RW | I8: unsignedInt[1:32,0x0000FFFF] | J8: 该参数用于指示RS测量上报资源最大个数,1~32协议规定，0x0000FFFF表示不携带该值 | K8: 3GPP TS38.331
B9: Device.Services.FAPService.{i}.CellConfig.{i}.NR.RAN.Mobility.ConnMode.NR.A1MeasureCtrl.1.ReportOnLeave | C9: ReportOnLeave | D9: A1事件离开上报指示 | E9: B | F9: / | G9: / | H9: RW | I9: boolean | J9: 某小区的离开状态满足时,UE是否触发测量上报过程； 0:代表不满足条件的小区离开测量列表时不进行上报； 1:代表都会触发测量结果的填写以及上报消息的发送 | K9: 3GPP TS38.331
B10: Device.Services.FAPService.{i}.CellConfig.{i}.NR.RAN.Mobility.ConnMode.NR.A1MeasureCtrl.1.Hysteresis | C10: Hysteresis | D10: 迟滞值 | E10: B | F10: / | G10: / | H10: RW | I10: unsignedInt[0:30] | J10: 进入和离开上报触发事件条件的滞后值 | K10: 3GPP TS38.331
B11: Device.Services.FAPService.{i}.CellConfig.{i}.NR.RAN.Mobility.ConnMode.NR.A1MeasureCtrl.1.MaxReportCells | C11: MaxReportCells | D11: 最大上报小区数 | E11: B | F11: AK | G11: maxRptCellNum | H11: RW | I11: unsignedInt[1:8] | J11: 测量报告中包含小区的最大数目 | K11: 3GPP TS38.331
B12: Device.Services.FAPService.{i}.CellConfig.{i}.NR.RAN.Mobility.ConnMode.NR.A1MeasureCtrl.1.MeasurePurpose | C12: MeasurePurpose | D12: 测量目的 | E12: B | F12: / | G12: / | H12: R | I12: unsignedInt[1:100] | J12: 用于表明当前配置事件的使用目的，本字段取值固定为： (1=异频测量) | K12: 3GPP TS38.331
B13: Device.Services.FAPService.{i}.CellConfig.{i}.NR.RAN.Mobility.ConnMode.NR.A1MeasureCtrl.1.ReportAmount | C13: ReportAmount | D13: 上报次数 | E13: B | F13: AK | G13: rptAmount | H13: RW | I13: unsignedInt[0:2, 4, 8, 16, 32, 64] | J13: 测量报告发送的次数，0表示无限次 | K13: 3GPP TS38.331
B14: Device.Services.FAPService.{i}.CellConfig.{i}.NR.RAN.Mobility.ConnMode.NR.A1MeasureCtrl.1.ReportInterval | C14: ReportInterval | D14: 上报间隔 | E14: B | F14: AK | G14: rptInterval | H14: RW | I14: unsignedInt[120, 240, 480, 640, 1024, 2048, 5120, 10240, 60000, 360000, 720000, 1800000] | J14: 连续测量报告之间的间隔，单位ms | K14: 3GPP TS38.331
B15: Device.Services.FAPService.{i}.CellConfig.{i}.NR.RAN.Mobility.ConnMode.NR.A1MeasureCtrl.1.ReportQuantityCell | C15: ReportQuantityCell | D15: 上报量 | E15: B | F15: AK | G15: rptQuantityCell | H15: RW | I15: string | J15: 测量报告中的上报量 {rsrp,rsrq,sinr} | K15: 3GPP TS38.331
... B38: Device.Services.FAPService.{i}.CellConfig.{i}.NR.RAN.Mobility.ConnMode.NR.A1MeasureCtrl.{i}.A1ThresholdSINR | C38: A1ThresholdSINR | D38: A1事件SINR门限 | E38: CB | F38: AK | G38: sinrThreshold | H38: RW | I38: unsignedInt[0:127] | J38: 用于NR测量中，触发量为SINR时，A1事件触发条件的绝对门限 | K38: 3GPP TS38.331
B39: Device.Services.FAPService.{i}.CellConfig.{i}.NR.RAN.Mobility.ConnMode.NR.A1MeasureCtrl.{i}.RptQuantityRsIndex | C39: RptQuantityRsIndex | D39: A1事件RS测量上报量 | E39: CB | F39: AK | G39: rptQuantityRsIndex | H39: RW | I39: string | J39: 该参数用于指示RS测量上报量:{rsrp,rsrq,sinr,NULL}
B40: Device.Services.FAPService.{i}.CellConfig.{i}.NR.RAN.Mobility.ConnMode.NR.A1MeasureCtrl.{i}.MaxNrofRSIndexToReport | C40: MaxNrofRSIndexToReport | D40: RS测量上报资源最大个数 | E40: B | F40: AK | G40: maxNrofRSIndexToReport | H40: RW | I40: unsignedInt[1:32,0x0000FFFF] | J40: 该参数用于指示RS测量上报资源最大个数,1~32协议规定，0x0000FFFF表示不携带该值 | K40: 3GPP TS38.331
B41: Device.Services.FAPService.{i}.CellConfig.{i}.NR.RAN.Mobility.ConnMode.NR.A1MeasureCtrl.{i}.ReportOnLeave | C41: ReportOnLeave | D41: A1事件离开上报指示 | E41: CB | F41: / | G41: / | H41: RW | I41: boolean | J41: 某小区的离开状态满足时,UE是否触发测量上报过程； 0:代表不满足条件的小区离开测量列表时不进行上报； 1:代表都会触发测量结果的填写以及上报消息的发送 | K41: 3GPP TS38.331
B42: Device.Services.FAPService.{i}.CellConfig.{i}.NR.RAN.Mobility.ConnMode.NR.A1MeasureCtrl.{i}.Hysteresis | C42: Hysteresis | D42: 迟滞值 | E42: CB | F42: / | G42: / | H42: RW | I42: unsignedInt[0:30] | J42: 进入和离开上报触发事件条件的滞后值 | K42: 3GPP TS38.331
B43: Device.Services.FAPService.{i}.CellConfig.{i}.NR.RAN.Mobility.ConnMode.NR.A1MeasureCtrl.{i}.MaxReportCells | C43: MaxReportCells | D43: 最大上报小区数 | E43: CB | F43: AK | G43: maxRptCellNum | H43: RW | I43: unsignedInt[1:8] | J43: 测量报告中包含小区的最大数目 | K43: 3GPP TS38.331
B44: Device.Services.FAPService.{i}.CellConfig.{i}.NR.RAN.Mobility.ConnMode.NR.A1MeasureCtrl.{i}.MeasurePurpose | C44: MeasurePurpose | D44: 测量目的 | E44: CB | F44: / | G44: / | H44: R | I44: unsignedInt[1:100] | J44: 用于表明当前配置事件的使用目的，厂家自定义测量事件从10开始定义 | K44: 3GPP TS38.331
B45: Device.Services.FAPService.{i}.CellConfig.{i}.NR.RAN.Mobility.ConnMode.NR.A1MeasureCtrl.{i}.ReportAmount | C45: ReportAmount | D45: 上报次数 | E45: CB | F45: AK | G45: rptAmount | H45: RW | I45: unsignedInt[0:2, 4, 8, 16, 32, 64] | J45: 测量报告发送的次数，0表示无限次 | K45: 3GPP TS38.331
B46: Device.Services.FAPService.{i}.CellConfig.{i}.NR.RAN.Mobility.ConnMode.NR.A1MeasureCtrl.{i}.ReportInterval | C46: ReportInterval | D46: 上报间隔 | E46: CB | F46: AK | G46: rptInterval | H46: RW | I46: unsignedInt[120, 240, 480, 640, 1024, 2048, 5120, 10240, 60000, 360000, 720000, 1800000] | J46: 连续测量报告之间的间隔，单位ms | K46: 3GPP TS38.331
B47: Device.Services.FAPService.{i}.CellConfig.{i}.NR.RAN.Mobility.ConnMode.NR.A1MeasureCtrl.{i}.ReportQuantityCell | C47: ReportQuantityCell | D47: 上报量 | E47: CB | F47: AK | G47: rptQuantityCell | H47: RW | I47: string | J47: 测量报告中的上报量 {rsrp,rsrq,sinr} | K47: 3GPP TS38.331
B48: Device.Services.FAPService.{i}.CellConfig.{i}.NR.RAN.Mobility.ConnMode.NR.A1MeasureCtrl.{i}.TimeToTrigger | C48: TimeToTrigger | D48: 触发时间 | E48: CB | F48: / | G48: / | H48: RW | I48: unsignedInt[0,40, 64, 80,100,128, 160,256,320, 480, 512, 640, 1024,1280,2560,5120] | J48: 为了满足触发RAT测量报告,触发条件持续的时间，单位ms | K48: 3GPP TS38.331
B49: Device.Services.FAPService.{i}.CellConfig.{i}.NR.RAN.Mobility.ConnMode.NR.A1MeasureCtrl.{i}.RsType | C49: RsType | D49: 测量类型指示 | E49: B | F49: / | G49: / | H49: RW | I49: string | J49: 用来指示测量参考信号的类型，是ssb还是csi-rs,{ssb,csi-rs} | K49: 3GPP TS38.331
B50: Device.Services.FAPService.{i}.CellConfig.{i}.NR.RAN.Mobility.ConnMode.NR.A1MeasureCtrl.{i}.IncludeBeamMeasurements | C50: IncludeBeamMeasurements | D50: 波束赋形测量指示 | E50: B | F50: AK | G50: includeBeamMeasurements | H50: RW | I50: boolean | J50: 指示是否使用波束赋形功能 | K50: 3GPP TS38.331
A51: A2事件测量控制参数 | B51: Device.Services.FAPService.{i}.CellConfig.{i}.NR.RAN.Mobility.ConnMode.NR.A2MeasureCtrl.1.Enable | C51: Enable | D51: 使能开关 | E51: A | F51: / | G51: / | H51: RW | I51: boolean | J51: 是否启用该表项 | K51: 3GPP TS38.331 | L51: 参数路径中最后一个多实例节点（{i}）序号1～10为系统保留段，若厂商对A2测量事件有其它用途，则从A2MeasureCtrl.11.开始定义
B52: Device.Services.FAPService.{i}.CellConfig.{i}.NR.RAN.Mobility.ConnMode.NR.A2MeasureCtrl.1.A2ThresholdRSRP | C52: A2ThresholdRSRP | D52: A2事件RSRP门限 | E52: A | F52: AK | G52: rsrpThreshold | H52: RW | I52: unsignedInt[0:127] | J52: 用于NR测量中,触发量为RSRP时,A2事件触发条件的绝对门限 | K52: 3GPP TS38.331
B53: Device.Services.FAPService.{i}.CellConfig.{i}.NR.RAN.Mobility.ConnMode.NR.A2MeasureCtrl.1.A2ThresholdRSRQ | C53: A2ThresholdRSRQ | D53: A2事件RSRQ门限 | E53: A | F53: AK | G53: rsrqThreshold | H53: RW | I53: unsignedInt[0:127] | J53: 用于NR测量中,触发量为RSRQ时,A2事件触发条件的绝对门限 | K53: 3GPP TS38.331
B54: Device.Services.FAPService.{i}.CellConfig.{i}.NR.RAN.Mobility.ConnMode.NR.A2MeasureCtrl.1.A2ThresholdSINR | C54: A2ThresholdSINR | D54: A2事件SINR门限 | E54: A | F54: AK | G54: sinrThreshold | H54: RW | I54: unsignedInt[0:127] | J54: 用于NR测量中，触发量为SINR时，A2事件触发条件的绝对门限 | K54: 3GPP TS38.331
B55: Device.Services.FAPService.{i}.CellConfig.{i}.NR.RAN.Mobility.ConnMode.NR.A2MeasureCtrl.1.RptQuantityRsIndex | C55: RptQuantityRsIndex | D55: A2事件RS测量上报量 | E55: A | F55: AK | G55: rptQuantityRsIndex | H55: RW | I55: string | J55: 该参数用于指示RS测量上报量:{rsrp,rsrq,sinr,NULL}
B56: Device.Services.FAPService.{i}.CellConfig.{i}.NR.RAN.Mobility.ConnMode.NR.A2MeasureCtrl.1.MaxNrofRSIndexToReport | C56: MaxNrofRSIndexToReport | D56: RS测量上报资源最大个数 | E56: B | F56: AK | G56: maxNrofRSIndexToReport | H56: RW | I56: unsignedInt[1:32,0x0000FFFF] | J56: 该参数用于指示RS测量上报资源最大个数,1~32协议规定，0x0000FFFF表示不携带该值 | K56: 3GPP TS38.331
B57: Device.Services.FAPService.{i}.CellConfig.{i}.NR.RAN.Mobility.ConnMode.NR.A2MeasureCtrl.1.ReportOnLeave | C57: ReportOnLeave | D57: A2事件离开上报指示 | E57: A | F57: / | G57: / | H57: RW | I57: boolean | J57: 某小区的离开状态满足时,UE是否触发测量上报过程； 0:代表不满足条件的小区离开测量列表时不进行上报； 1:代表都会触发测量结果的填写以及上报消息的发送 | K57: 3GPP TS38.331
B58: Device.Services.FAPService.{i}.CellConfig.{i}.NR.RAN.Mobility.ConnMode.NR.A2MeasureCtrl.1.Hysteresis | C58: Hysteresis | D58: 迟滞值 | E58: A | F58: / | G58: / | H58: RW | I58: unsignedInt[0:30] | J58: 进入和离开上报触发事件条件的滞后值 | K58: 3GPP TS38.331
B59: Device.Services.FAPService.{i}.CellConfig.{i}.NR.RAN.Mobility.ConnMode.NR.A2MeasureCtrl.1.MaxReportCells | C59: MaxReportCells | D59: 最大上报小区数 | E59: A | F59: AK | G59: maxRptCellNum | H59: RW | I59: unsignedInt[1:8] | J59: 测量报告中包含小区的最大数目 | K59: 3GPP TS38.331
B60: Device.Services.FAPService.{i}.CellConfig.{i}.NR.RAN.Mobility.ConnMode.NR.A2MeasureCtrl.1.MeasurePurpose | C60: MeasurePurpose | D60: 测量目的 | E60: A | F60: / | G60: / | H60: R | I60: unsignedInt[1:100] | J60: 用于表明当前配置事件的使用目的，本字段取值固定为： (1=异频测量) | K60: 3GPP TS38.331
B61: Device.Services.FAPService.{i}.CellConfig.{i}.NR.RAN.Mobility.ConnMode.NR.A2MeasureCtrl.1.ReportAmount | C61: ReportAmount | D61: 上报次数 | E61: A | F61: AK | G61: rptAmount | H61: RW | I61: unsignedInt[0:2, 4, 8, 16, 32, 64] | J61: 测量报告发送的次数，0表示无限次 | K61: 3GPP TS38.331
B62: Device.Services.FAPService.{i}.CellConfig.{i}.NR.RAN.Mobility.ConnMode.NR.A2MeasureCtrl.1.ReportInterval | C62: ReportInterval | D62: 上报间隔 | E62: A | F62: AK | G62: rptInterval | H62: RW | I62: unsignedInt[120, 240, 480, 640, 1024, 2048, 5120, 10240, 60000, 360000, 720000, 1800000] | J62: 连续测量报告之间的间隔，单位ms | K62: 3GPP TS38.331
B63: Device.Services.FAPService.{i}.CellConfig.{i}.NR.RAN.Mobility.ConnMode.NR.A2MeasureCtrl.1.ReportQuantityCell | C63: ReportQuantityCell | D63: 上报量 | E63: A | F63: AK | G63: rptQuantityCell | H63: RW | I63: string | J63: 测量报告中的上报量 {rsrp,rsrq,sinr} | K63: 3GPP TS38.331
B64: Device.Services.FAPService.{i}.CellConfig.{i}.NR.RAN.Mobility.ConnMode.NR.A2MeasureCtrl.1.TimeToTrigger | C64: TimeToTrigger | D64: 触发时间 | E64: A | F64: / | G64: / | H64: RW | I64: unsignedInt[0,40, 64, 80,100,128, 160,256,320, 480, 512, 640, 1024,1280,2560,5120] | J64: 为了满足触发RAT测量报告触发条件持续的时间，单位ms | K64: 3GPP TS38.331
B65: Device.Services.FAPService.{i}.CellConfig.{i}.NR.RAN.Mobility.ConnMode.NR.A2MeasureCtrl.1.RsType | C65: RsType | D65: 测量类型指示 | E65: B | F65: / | G65: / | H65: RW | I65: string | J65: 用来指示测量参考信号的类型，是ssb还是csi-rs,{ssb,csi-rs} | K65: 3GPP TS38.331
B66: Device.Services.FAPService.{i}.CellConfig.{i}.NR.RAN.Mobility.ConnMode.NR.A2MeasureCtrl.1.IncludeBeamMeasurements | C66: IncludeBeamMeasurements | D66: 波束赋形测量指示 | E66: B | F66: AK | G66: includeBeamMeasurements | H66: RW | I66: boolean | J66: 指示是否使用波束赋形功能 | K66: 3GPP TS38.331
B67: Device.Services.FAPService.{i}.CellConfig.{i}.NR.RAN.Mobility.ConnMode.NR.A2MeasureCtrl.2.Enable | C67: Enable | D67: 使能开关 | E67: A | F67: / | G67: / | H67: RW | I67: boolean | J67: 是否启用该表项 | K67: 3GPP TS38.331
... B70: Device.Services.FAPService.{i}.CellConfig.{i}.NR.RAN.Mobility.ConnMode.NR.A2MeasureCtrl.2.A2ThresholdSINR | C70: A2ThresholdSINR | D70: A2事件SINR门限 | E70: A | F70: / | G70: / | H70: RW | I70: unsignedInt[0:127] | J70: 用于NR测量中，触发量为SINR时，A2事件触发条件的绝对门限 | K70: 3GPP TS38.331
B71: Device.Services.FAPService.{i}.CellConfig.{i}.NR.RAN.Mobility.ConnMode.NR.A2MeasureCtrl.2.RptQuantityRsIndex | C71: RptQuantityRsIndex | D71: A2事件RS测量上报量 | E71: A | F71: AK | G71: rptQuantityRsIndex | H71: RW | I71: string | J71: 该参数用于指示RS测量上报量:{rsrp,rsrq,sinr,NULL}
B72: Device.Services.FAPService.{i}.CellConfig.{i}.NR.RAN.Mobility.ConnMode.NR.A2MeasureCtrl.2.MaxNrofRSIndexToReport | C72: MaxNrofRSIndexToReport | D72: RS测量上报资源最大个数 | E72: A | F72: AK | G72: maxNrofRSIndexToReport | H72: RW | I72: unsignedInt[1:32,0x0000FFFF] | J72: 该参数用于指示RS测量上报资源最大个数,1~32协议规定，0x0000FFFF表示不携带该值 | K72: 3GPP TS38.331
B73: Device.Services.FAPService.{i}.CellConfig.{i}.NR.RAN.Mobility.ConnMode.NR.A2MeasureCtrl.2.ReportOnLeave | C73: ReportOnLeave | D73: A2事件离开上报指示 | E73: A | F73: / | G73: / | H73: RW | I73: boolean | J73: 某小区的离开状态满足时,UE是否触发测量上报过程； 0:代表不满足条件的小区离开测量列表时不进行上报； 1:代表都会触发测量结果的填写以及上报消息的发送 | K73: 3GPP TS38.331
B74: Device.Services.FAPService.{i}.CellConfig.{i}.NR.RAN.Mobility.ConnMode.NR.A2MeasureCtrl.2.Hysteresis | C74: Hysteresis | D74: 迟滞值 | E74: A | F74: / | G74: / | H74: RW | I74: unsignedInt[0:30] | J74: 进入和离开上报触发事件条件的滞后值 | K74: 3GPP TS38.331
B75: Device.Services.FAPService.{i}.CellConfig.{i}.NR.RAN.Mobility.ConnMode.NR.A2MeasureCtrl.2.MaxReportCells | C75: MaxReportCells | D75: 最大上报小区数 | E75: A | F75: AK | G75: maxRptCellNum | H75: RW | I75: unsignedInt[1:8] | J75: 测量报告中包含小区的最大数目 | K75: 3GPP TS38.331
B76: Device.Services.FAPService.{i}.CellConfig.{i}.NR.RAN.Mobility.ConnMode.NR.A2MeasureCtrl.2.MeasurePurpose | C76: MeasurePurpose | D76: 测量目的 | E76: A | F76: / | G76: / | H76: R | I76: unsignedInt[1:100] | J76: 用于表明当前配置事件的使用目的，本字段取值固定为： (2=异系统EUTRA测量) | K76: 3GPP TS38.331
B77: Device.Services.FAPService.{i}.CellConfig.{i}.NR.RAN.Mobility.ConnMode.NR.A2MeasureCtrl.2.ReportAmount | C77: ReportAmount | D77: 上报次数 | E77: A | F77: AK | G77: rptAmount | H77: RW | I77: unsignedInt[0:2, 4, 8, 16, 32, 64] | J77: 测量报告发送的次数，0表示无限次 | K77: 3GPP TS38.331
B78: Device.Services.FAPService.{i}.CellConfig.{i}.NR.RAN.Mobility.ConnMode.NR.A2MeasureCtrl.2.ReportInterval | C78: ReportInterval | D78: 上报间隔 | E78: A | F78: AK | G78: rptInterval | H78: RW | I78: unsignedInt[120, 240, 480, 640, 1024, 2048, 5120, 10240, 60000, 360000, 720000, 1800000] | J78: 连续测量报告之间的间隔，单位ms | K78: 3GPP TS38.331
B79: Device.Services.FAPService.{i}.CellConfig.{i}.NR.RAN.Mobility.ConnMode.NR.A2MeasureCtrl.2.ReportQuantityCell | C79: ReportQuantityCell | D79: 上报量 | E79: A | F79: AK | G79: rptQuantityCell | H79: RW | I79: string | J79: 测量报告中的上报量 {rsrp,rsrq,sinr} | K79: 3GPP TS38.331
B80: Device.Services.FAPService.{i}.CellConfig.{i}.NR.RAN.Mobility.ConnMode.NR.A2MeasureCtrl.2.TimeToTrigger | C80: TimeToTrigger | D80: 触发时间 | E80: A | F80: / | G80: / | H80: RW | I80: unsignedInt[0,40, 64, 80,100,128, 160,256,320, 480, 512, 640, 1024,1280,2560,5120] | J80: 为了满足触发RAT测量报告触发条件持续的时间，单位ms | K80: 3GPP TS38.331
B81: Device.Services.FAPService.{i}.CellConfig.{i}.NR.RAN.Mobility.ConnMode.NR.A2MeasureCtrl.2.RsType | C81: RsType | D81: 测量类型指示 | E81: B | F81: / | G81: / | H81: RW | I81: string | J81: 用来指示测量参考信号的类型，是ssb还是csi-rs,{ssb,csi-rs} | K81: 3GPP TS38.331
B82: Device.Services.FAPService.{i}.CellConfig.{i}.NR.RAN.Mobility.ConnMode.NR.A2MeasureCtrl.2.IncludeBeamMeasurements | C82: IncludeBeamMeasurements | D82: 波束赋形测量指示 | E82: B | F82: / | G82: includeBeamMeasurements | H82: RW | I82: boolean | J82: 指示是否使用波束赋形功能（0：不启用，1：启用） | K82: 3GPP TS38.331
B83: Device.Services.FAPService.{i}.CellConfig.{i}.NR.RAN.Mobility.ConnMode.NR.A2MeasureCtrl.{i}.Enable | C83: Enable | D83: 使能开关 | E83: CA | F83: / | G83: / | H83: RW | I83: boolean | J83: 是否启用该表项（0：不启用，1：启用） | K83: 3GPP TS38.331
... B86: Device.Services.FAPService.{i}.CellConfig.{i}.NR.RAN.Mobility.ConnMode.NR.A2MeasureCtrl.{i}.A2ThresholdSINR | C86: A2ThresholdSINR | D86: A2事件SINR门限 | E86: CA | F86: AK | G86: sinrThreshold | H86: RW | I86: unsignedInt[0:127] | J86: 用于NR测量中，触发量为SINR时，A2事件触发条件的绝对门限 | K86: 3GPP TS38.331
B87: Device.Services.FAPService.{i}.CellConfig.{i}.NR.RAN.Mobility.ConnMode.NR.A2MeasureCtrl.{i}.RptQuantityRsIndex | C87: RptQuantityRsIndex | D87: A2事件RS测量上报量 | E87: CA | F87: AK | G87: rptQuantityRsIndex | H87: RW | I87: string | J87: 该参数用于指示RS测量上报量:{rsrp,rsrq,sinr,NULL}
B88: Device.Services.FAPService.{i}.CellConfig.{i}.NR.RAN.Mobility.ConnMode.NR.A2MeasureCtrl.{i}.MaxNrofRSIndexToReport | C88: MaxNrofRSIndexToReport | D88: RS测量上报资源最大个数 | E88: A | F88: AK | G88: maxNrofRSIndexToReport | H88: RW | I88: unsignedInt[1:32,0x0000FFFF] | J88: 该参数用于指示RS测量上报资源最大个数,1~32协议规定，0x0000FFFF表示不携带该值 | K88: 3GPP TS38.331
B89: Device.Services.FAPService.{i}.CellConfig.{i}.NR.RAN.Mobility.ConnMode.NR.A2MeasureCtrl.{i}.ReportOnLeave | C89: ReportOnLeave | D89: A2事件离开上报指示 | E89: CA | F89: / | G89: / | H89: RW | I89: boolean | J89: 某小区的离开状态满足时,UE是否触发测量上报过程； 0:代表不满足条件的小区离开测量列表时不进行上报； 1:代表都会触发测量结果的填写以及上报消息的发送 | K89: 3GPP TS38.331
B90: Device.Services.FAPService.{i}.CellConfig.{i}.NR.RAN.Mobility.ConnMode.NR.A2MeasureCtrl.{i}.Hysteresis | C90: Hysteresis | D90: 迟滞值 | E90: CA | F90: / | G90: / | H90: RW | I90: unsignedInt[0:30] | J90: 进入和离开上报触发事件条件的滞后值 | K90: 3GPP TS38.331
B91: Device.Services.FAPService.{i}.CellConfig.{i}.NR.RAN.Mobility.ConnMode.NR.A2MeasureCtrl.{i}.MaxReportCells | C91: MaxReportCells | D91: 最大上报小区数 | E91: CA | F91: AK | G91: maxRptCellNum | H91: RW | I91: unsignedInt[1:8] | J91: 测量报告中包含小区的最大数目 | K91: 3GPP TS38.331
B92: Device.Services.FAPService.{i}.CellConfig.{i}.NR.RAN.Mobility.ConnMode.NR.A2MeasureCtrl.{i}.MeasurePurpose | C92: MeasurePurpose | D92: 测量目的 | E92: CA | F92: / | G92: / | H92: R | I92: unsignedInt[1:100] | J92: 用于表明当前配置事件的使用目的，厂家自定义测量事件从10开始定义 | K92: 3GPP TS38.331
B93: Device.Services.FAPService.{i}.CellConfig.{i}.NR.RAN.Mobility.ConnMode.NR.A2MeasureCtrl.{i}.ReportAmount | C93: ReportAmount | D93: 上报次数 | E93: CA | F93: AK | G93: rptAmount | H93: RW | I93: unsignedInt[0:2, 4, 8, 16, 32, 64] | J93: 测量报告发送的次数，0表示无限次 | K93: 3GPP TS38.331
B94: Device.Services.FAPService.{i}.CellConfig.{i}.NR.RAN.Mobility.ConnMode.NR.A2MeasureCtrl.{i}.ReportInterval | C94: ReportInterval | D94: 上报间隔 | E94: CA | F94: AK | G94: rptInterval | H94: RW | I94: unsignedInt[120, 240, 480, 640, 1024, 2048, 5120, 10240, 60000, 360000, 720000, 1800000] | J94: 连续测量报告之间的间隔，单位ms | K94: 3GPP TS38.331
B95: Device.Services.FAPService.{i}.CellConfig.{i}.NR.RAN.Mobility.ConnMode.NR.A2MeasureCtrl.{i}.ReportQuantityCell | C95: ReportQuantityCell | D95: 上报量 | E95: CA | F95: AK | G95: rptQuantityCell | H95: RW | I95: string | J95: 测量报告中的上报量 {rsrp,rsrq,sinr} | K95: 3GPP TS38.331
B96: Device.Services.FAPService.{i}.CellConfig.{i}.NR.RAN.Mobility.ConnMode.NR.A2MeasureCtrl.{i}.TimeToTrigger | C96: TimeToTrigger | D96: 触发时间 | E96: CA | F96: / | G96: / | H96: RW | I96: unsignedInt[0,40, 64, 80,100,128, 160,256,320, 480, 512, 640, 1024,1280,2560,5120] | J96: 为了满足触发RAT测量报告触发条件持续的时间，单位ms | K96: 3GPP TS38.331
B97: Device.Services.FAPService.{i}.CellConfig.{i}.NR.RAN.Mobility.ConnMode.NR.A2MeasureCtrl.{i}.RsType | C97: RsType | D97: 测量类型指示 | E97: B | F97: / | G97: / | H97: RW | I97: string | J97: 用来指示测量参考信号的类型，是ssb还是csi-rs,{ssb,csi-rs} | K97: 3GPP TS38.331
B98: Device.Services.FAPService.{i}.CellConfig.{i}.NR.RAN.Mobility.ConnMode.NR.A2MeasureCtrl.{i}.IncludeBeamMeasurements | C98: IncludeBeamMeasurements | D98: 波束赋形测量指示 | E98: B | F98: AK | G98: includeBeamMeasurements | H98: RW | I98: boolean | J98: 指示是否使用波束赋形功能。（0：不启用，1：启用） | K98: 3GPP TS38.331
A99: A3事件测量控制参数 | B99: Device.Services.FAPService.{i}.CellConfig.{i}.NR.RAN.Mobility.ConnMode.NR.A3MeasureCtrl.1.Enable | C99: Enable | D99: 使能开关 | E99: A | F99: / | G99: / | H99: RW | I99: boolean | J99: 是否启用该表项 | K99: 3GPP TS38.331 | L99: 参数路径中最后一个多实例节点（{i}）序号1～10为系统保留段，若厂商对A3测量事件有其它用途，则从A3MeasureCtrl.11.开始定义
B100: Device.Services.FAPService.{i}.CellConfig.{i}.NR.RAN.Mobility.ConnMode.NR.A3MeasureCtrl.1.A3OffsetRSRP | C100: A3OffsetRSRP | D100: A3事件RSRP门限 | E100: A | F100: AK | G100: eventOffset | H100: RW | I100: int[-30:30] | J100: 用于NR测量中，A3事件RSRP触发条件的相对门限值 | K100: 3GPP TS38.331
B101: Device.Services.FAPService.{i}.CellConfig.{i}.NR.RAN.Mobility.ConnMode.NR.A3MeasureCtrl.1.A3OffsetRSRQ | C101: A3OffsetRSRQ | D101: A3事件RSRQ门限 | E101: A | F101: AK | G101: eventOffset | H101: RW | I101: int[-30:30] | J101: 用于NR测量中，A3事件RSRQ触发条件的相对门限值 | K101: 3GPP TS38.331
B102: Device.Services.FAPService.{i}.CellConfig.{i}.NR.RAN.Mobility.ConnMode.NR.A3MeasureCtrl.1.A3OffsetSINR | C102: A3OffsetSINR | D102: A3事件SINR门限 | E102: A | F102: AK | G102: eventOffset | H102: RW | I102: int[-30:30] | J102: 用于NR测量中，A3事件SINR触发条件的相对门限值 | K102: 3GPP TS38.331
B103: Device.Services.FAPService.{i}.CellConfig.{i}.NR.RAN.Mobility.ConnMode.NR.A3MeasureCtrl.1.RptQuantityRsIndex | C103: RptQuantityRsIndex | D103: A3事件RS测量上报量 | E103: A | F103: AK | G103: rptQuantityRsIndex | H103: RW | I103: string | J103: 该参数用于指示RS测量上报量:{rsrp,rsrq,sinr,NULL}
B104: Device.Services.FAPService.{i}.CellConfig.{i}.NR.RAN.Mobility.ConnMode.NR.A3MeasureCtrl.1.MaxNrofRSIndexToReport | C104: MaxNrofRSIndexToReport | D104: RS测量上报资源最大个数 | E104: A | F104: AK | G104: maxNrofRSIndexToReport | H104: RW | I104: unsignedInt[1:32,0x0000FFFF] | J104: 该参数用于指示RS测量上报资源最大个数,1~32协议规定，0x0000FFFF表示不携带该值 | K104: 3GPP TS38.331
B105: Device.Services.FAPService.{i}.CellConfig.{i}.NR.RAN.Mobility.ConnMode.NR.A3MeasureCtrl.1.Hysteresis | C105: Hysteresis | D105: 迟滞值 | E105: A | F105: / | G105: / | H105: RW | I105: unsignedInt[0:30] | J105: 进入和离开上报触发事件条件的滞后值 | K105: 3GPP TS38.331
B106: Device.Services.FAPService.{i}.CellConfig.{i}.NR.RAN.Mobility.ConnMode.NR.A3MeasureCtrl.1.MaxReportCells | C106: MaxReportCells | D106: 最大上报小区数 | E106: A | F106: AK | G106: maxRptCellNum | H106: RW | I106: unsignedInt[1:8] | J106: 测量报告中包含小区的最大数目 | K106: 3GPP TS38.331
B107: Device.Services.FAPService.{i}.CellConfig.{i}.NR.RAN.Mobility.ConnMode.NR.A3MeasureCtrl.1.MeasurePurpose | C107: MeasurePurpose | D107: 测量目的 | E107: A | F107: / | G107: / | H107: R | I107: unsignedInt[1:100] | J107: 用于表明当前配置事件的使用目的，本字段取值固定为： (1=同频测量) | K107: 3GPP TS38.331
B108: Device.Services.FAPService.{i}.CellConfig.{i}.NR.RAN.Mobility.ConnMode.NR.A3MeasureCtrl.1.ReportAmount | C108: ReportAmount | D108: 上报次数 | E108: A | F108: AK | G108: rptAmount | H108: RW | I108: unsignedInt[0:2, 4, 8, 16, 32, 64] | J108: 测量报告发送的次数，0表示无限次 | K108: 3GPP TS38.331
B109: Device.Services.FAPService.{i}.CellConfig.{i}.NR.RAN.Mobility.ConnMode.NR.A3MeasureCtrl.1.ReportOnLeave | C109: ReportOnLeave | D109: A3事件离开上报指示 | E109: A | F109: / | G109: / | H109: RW | I109: boolean | J109: 某小区的离开状态满足时,UE是否触发测量上报过程； 0:代表不满足条件的小区离开测量列表时不进行上报； 1:代表都会触发测量结果的填写以及上报消息的发送 | K109: 3GPP TS38.331
B110: Device.Services.FAPService.{i}.CellConfig.{i}.NR.RAN.Mobility.ConnMode.NR.A3MeasureCtrl.1.ReportInterval | C110: ReportInterval | D110: 上报间隔 | E110: A | F110: AK | G110: rptInterval | H110: RW | I110: unsignedInt[120, 240, 480, 640, 1024, 2048, 5120, 10240, 60000, 360000, 720000, 1800000] | J110: 为了满足触发RAT测量报告触发条件持续的时间 | K110: 3GPP TS38.331
B111: Device.Services.FAPService.{i}.CellConfig.{i}.NR.RAN.Mobility.ConnMode.NR.A3MeasureCtrl.1.ReportQuantityCell | C111: ReportQuantityCell | D111: 上报量 | E111: A | F111: AK | G111: rptQuantityCell | H111: RW | I111: string | J111: 测量报告中的上报量 {rsrp,rsrq,sinr} | K111: 3GPP TS38.331
B112: Device.Services.FAPService.{i}.CellConfig.{i}.NR.RAN.Mobility.ConnMode.NR.A3MeasureCtrl.1.TimeToTrigger | C112: TimeToTrigger | D112: 触发时间 | E112: A | F112: / | G112: / | H112: RW | I112: unsignedInt[0,40, 64, 80,100,128, 160,256,320, 480, 512, 640, 1024,1280,2560,5120] | J112: 为了满足触发RAT测量报告触发条件持续的时间，单位ms | K112: 3GPP TS38.331
B113: Device.Services.FAPService.{i}.CellConfig.{i}.NR.RAN.Mobility.ConnMode.NR.A3MeasureCtrl.1.UseWhiteCellList | C113: UseWhiteCellList | D113: 小区测量白名单指示 | E113: B | F113: / | G113: / | H113: RW | I113: boolean | J113: 指示是否使用小区测量白名单。 1：表示当相关小区包含在whiteCellsToAddModList中时，考虑任何邻区，关联measObjectNRto是否适合； 0：表示当相关小区没有包含在blackCellsToAddModList中时，考虑任何邻区，关联measObjectNRto是否适合； | K113: 3GPP TS38.331
B114: Device.Services.FAPService.{i}.CellConfig.{i}.NR.RAN.Mobility.ConnMode.NR.A3MeasureCtrl.1.RsType | C114: RsType | D114: 测量类型指示 | E114: B | F114: / | G114: / | H114: RW | I114: string | J114: 用来指示测量参考信号的类型，是ssb还是csi-rs,{ssb,csi-rs} | K114: 3GPP TS38.331
B115: Device.Services.FAPService.{i}.CellConfig.{i}.NR.RAN.Mobility.ConnMode.NR.A3MeasureCtrl.1.IncludeBeamMeasurements | C115: IncludeBeamMeasurements | D115: 波束赋形测量指示 | E115: B | F115: AK | G115: includeBeamMeasurements | H115: RW | I115: boolean | J115: 指示是否使用波束赋形功能（0：不启用，1：启用） | K115: 3GPP TS38.331
... B119: Device.Services.FAPService.{i}.CellConfig.{i}.NR.RAN.Mobility.ConnMode.NR.A3MeasureCtrl.2.A3OffsetSINR | C119: A3OffsetSINR | D119: A3事件SINR门限 | E119: A | F119: AK | G119: eventOffset | H119: RW | I119: int[-30:30] | J119: 用于NR测量中，A3事件SINR触发条件的相对门限值 | K119: 3GPP TS38.331
B120: Device.Services.FAPService.{i}.CellConfig.{i}.NR.RAN.Mobility.ConnMode.NR.A3MeasureCtrl.2.RptQuantityRsIndex | C120: RptQuantityRsIndex | D120: A3事件RS测量上报量 | E120: A | F120: AK | G120: rptQuantityRsIndex | H120: RW | I120: string | J120: 该参数用于指示RS测量上报量:{rsrp,rsrq,sinr,NULL}
B121: Device.Services.FAPService.{i}.CellConfig.{i}.NR.RAN.Mobility.ConnMode.NR.A3MeasureCtrl.2.MaxNrofRSIndexToReport | C121: MaxNrofRSIndexToReport | D121: RS测量上报资源最大个数 | E121: A | F121: AK | G121: maxNrofRSIndexToReport | H121: RW | I121: unsignedInt[1:32,0x0000FFFF] | J121: 该参数用于指示RS测量上报资源最大个数,1~32协议规定，0x0000FFFF表示不携带该值 | K121: 3GPP TS38.331
B122: Device.Services.FAPService.{i}.CellConfig.{i}.NR.RAN.Mobility.ConnMode.NR.A3MeasureCtrl.2.Hysteresis | C122: Hysteresis | D122: 迟滞值 | E122: A | F122: / | G122: / | H122: RW | I122: unsignedInt[0:30] | J122: 进入和离开上报触发事件条件的滞后值 | K122: 3GPP TS38.331
B123: Device.Services.FAPService.{i}.CellConfig.{i}.NR.RAN.Mobility.ConnMode.NR.A3MeasureCtrl.2.MaxReportCells | C123: MaxReportCells | D123: 最大上报小区数 | E123: A | F123: AK | G123: maxRptCellNum | H123: RW | I123: unsignedInt[1:8] | J123: 测量报告中包含小区的最大数目 | K123: 3GPP TS38.331
B124: Device.Services.FAPService.{i}.CellConfig.{i}.NR.RAN.Mobility.ConnMode.NR.A3MeasureCtrl.2.MeasurePurpose | C124: MeasurePurpose | D124: 测量目的 | E124: A | F124: / | G124: / | H124: R | I124: unsignedInt[1:100] | J124: 用于表明当前配置事件的使用目的，本字段取值固定为： (2=异频测量) | K124: 3GPP TS38.331
B125: Device.Services.FAPService.{i}.CellConfig.{i}.NR.RAN.Mobility.ConnMode.NR.A3MeasureCtrl.2.ReportAmount | C125: ReportAmount | D125: 上报次数 | E125: A | F125: AK | G125: rptAmount | H125: RW | I125: unsignedInt[0:2, 4, 8, 16, 32, 64] | J125: 测量报告发送的次数，0表示无限次 | K125: 3GPP TS38.331
B126: Device.Services.FAPService.{i}.CellConfig.{i}.NR.RAN.Mobility.ConnMode.NR.A3MeasureCtrl.2.ReportOnLeave | C126: ReportOnLeave | D126: A3事件离开上报指示 | E126: A | F126: / | G126: / | H126: RW | I126: boolean | J126: 某小区的离开状态满足时,UE是否触发测量上报过程； 0:代表不满足条件的小区离开测量列表时不进行上报； 1:代表都会触发测量结果的填写以及上报消息的发送 | K126: 3GPP TS38.331
B127: Device.Services.FAPService.{i}.CellConfig.{i}.NR.RAN.Mobility.ConnMode.NR.A3MeasureCtrl.2.ReportInterval | C127: ReportInterval | D127: 上报间隔 | E127: A | F127: AK | G127: rptInterval | H127: RW | I127: unsignedInt[120, 240, 480, 640, 1024, 2048, 5120, 10240, 60000, 360000, 720000, 1800000] | J127: 为了满足触发RAT测量报告触发条件持续的时间 | K127: 3GPP TS38.331
B128: Device.Services.FAPService.{i}.CellConfig.{i}.NR.RAN.Mobility.ConnMode.NR.A3MeasureCtrl.2.ReportQuantityCell | C128: ReportQuantityCell | D128: 上报量 | E128: A | F128: AK | G128: rptQuantityCell | H128: RW | I128: string | J128: 测量报告中的上报量 {rsrp,rsrq,sinr} | K128: 3GPP TS38.331
B129: Device.Services.FAPService.{i}.CellConfig.{i}.NR.RAN.Mobility.ConnMode.NR.A3MeasureCtrl.2.TimeToTrigger | C129: TimeToTrigger | D129: 触发时间 | E129: A | F129: / | G129: / | H129: RW | I129: unsignedInt[0,40, 64, 80,100,128, 160,256,320, 480, 512, 640, 1024,1280,2560,5120] | J129: 为了满足触发RAT测量报告触发条件持续的时间，单位ms | K129: 3GPP TS38.331
...

Sheet SN
A1: 归类 | B1: 网管数据模型(TR181) | C1: 参数名称 | D1: 中文名 | E1: 重要性 | F1: 北向Index | G1: 北向NRM参数映射 | H1: 网管读写权限 | I1: 类型 | J1: 描述 | K1: 来源 | L1: 备注
A2: SCTP参数管理 | B2: Device.Services.FAPService.{i}.Transport.SCTP.Enable | C2: Enable | D2: 使能开关 | E2: A | F2: / | G2: / | H2: RW | I2: Boolean | J2: / | K2: TR系列规范(TR098/TR181/TR196)
B3: Device.Services.FAPService.{i}.Transport.SCTP.RTOInitial | C3: RTOInitial | D3: 重传超时的初始值 | E3: A | F3: / | H3: RW | I3: unsignedInt | J3: / | K3: TR系列规范(TR098/TR181/TR196)
B4: Device.Services.FAPService.{i}.Transport.SCTP.RTOMin | C4: RTOMin | D4: 重传超时的最小值 | E4: A | F4: / | H4: RW | I4: unsignedInt | J4: / | K4: TR系列规范(TR098/TR181/TR196)
B5: Device.Services.FAPService.{i}.Transport.SCTP.RTOMax | C5: RTOMax | D5: 重传超时的最大值 | E5: A | F5: / | H5: RW | I5: unsignedInt | J5: / | K5: TR系列规范(TR098/TR181/TR196)
B6: Device.Services.FAPService.{i}.Transport.SCTP.MaxInitRetransmits | C6: MaxInitRetransmits | D6: 最大初始重传数 | E6: A | F6: / | H6: RW | I6: unsignedInt | J6: / | K6: TR系列规范(TR098/TR181/TR196)
B7: Device.Services.FAPService.{i}.Transport.SCTP.HBInterval | C7: HBInterval | D7: 心跳时间间隔 | E7: A | F7: / | H7: RW | I7: unsignedInt[1:] | J7: / | K7: TR系列规范(TR098/TR181/TR196)
B8: Device.Services.FAPService.{i}.Transport.SCTP.MaxPathRetransmits | C8: MaxPathRetransmits | D8: 最大重传次数 | E8: A | F8: / | H8: RW | I8: unsignedInt | J8: / | K8: TR系列规范(TR098/TR181/TR196)
B9: Device.Services.FAPService.{i}.Transport.SCTP.MaxAssociationRetransmits | C9: MaxAssociationRetransmits | D9: 本端的最大连续重传数目 | E9: A | F9: / | H9: RW | I9: unsignedInt | J9: / | K9: TR系列规范(TR098/TR181/TR196)
B10: Device.Services.FAPService.{i}.Transport.SCTP.ValCookieLife | C10: ValCookieLife | D10: 有效cookie的生命周期 | E10: A | F10: / | H10: RW | I10: unsignedInt | J10: / | K10: TR系列规范(TR098/TR181/TR196)

Sheet SO
A1: 归类 | B1: 网管数据模型(TR181) | C1: 参数名称 | D1: 中文名 | E1: 重要性 | F1: 北向Index | G1: 北向NRM参数映射 | H1: 网管读写权限 | I1: 类型 | J1: 描述 | K1: 来源 | L1: 备注
A2: WAN口配置参数管理 | B2: Device.Ethernet.Interface.{i}.Enable | C2: Enable | D2: 启用或禁用该接口 | E2: A | F2: AS | G2: AdministrativeState | H2: RW | I2: boolean | J2: (false:0,true:1) | K2: TR系列规范(TR098/TR181)
B3: Device.Ethernet.Interface.{i}.UserLabel | C3: UserLabel | D3: 用户友好名 | E3: A | F3: AA | G3: UserLabel | H3: RW | I3: string | J3: 字段必须与OMC系统内配置资源名称保持一致。且要求UserLabel与告警、性能数据中同一资源对象使用的网元用户友好名保持一致，即用户有好名在OMC内部以及北向接口交互过程中全局唯一。OMC系统内配置资源命名建议参考《中国移动网络资源命名规范-无线分册》，基站命名要求。默认不填写为空字符串 | K3: 5G SA gNB网元统计数据需求规范-NRM(V1.4.2)
B4: Device.Ethernet.Interface.{i}.Name | C4: Name | D4: 端口名称 | E4: A | F4: / | G4: / | H4: R | I4: string | J4: 端口名称
B5: Device.Ethernet.Interface.{i}.Status | C5: Status | D5: 表明接口的状态 | E5: A | F5: / | G5: / | H5: R | I5: string | J5: "Up","NoLink","Error","Disabled" | K5: TR系列规范(TR098/TR181)
B6: Device.Ethernet.Interface.{i}.MACAddress | C6: MACAddress | D6: 接口的物理地址 | E6: A | F6: / | G6: / | H6: R | I6: string(17) | J6: / | K6: TR系列规范(TR098/TR181)//NRM数据配置要求
B7: Device.Ethernet.Interface.{i}.MaxBitRate | C7: MaxBitRate | D7: 该连接可用的最大速率模式 | E7: A | F7: AS | G7: PortRate | H7: RW | I7: string | J7: "10","100","1000","Auto" | K7: TR系列规范(TR098/TR181)/NRM数据配置要求
B8: Device.Ethernet.Interface.{i}.SignTransMedia | C8: SignTransMedia | D8: 信号传送介质类型 | E8: A | F8: AS | G8: SignTransMedia | H8: R | I8: string | J8: {Optic,Electric,Auto},Auto表示自适应
B9: Device.Ethernet.Interface.{i}.DuplexMode | C9: DuplexMode | D9: 该连接使用的双工模式 | E9: A | F9: / | G9: / | H9: RW | I9: string | J9: "Half","Full","Auto" | K9: TR系列规范(TR098/TR181)/NRM数据配置要求
B10: Device.Ethernet.Interface.{i}.PortLocation | C10: PortLocation | D10: 端口位置 | E10: B | F10: AS | G10: PortLocation | H10: R | I10: string | J10: 由MU的实例号、Slot板卡的实例号、端口号，例如，MU实例1的Slot2的端口3表示为“1.2+3”，在没有Slot作为传输板时，上例表示为“1+3” | K10: 5G SA gNB网元统计数据需求规范-NRM(V1.4.2)
B11: Device.Ethernet.Interface.{i}.IPv4Address.{i}.IPAddress | C11: IPAddress | D11: IP 地址 | E11: A | F11: AS | G11: IpAddressList/LocIpAddrList | H11: RW | I11: string(15) | J11: / | K11: TR系列规范(TR098/TR181)/NRM数据配置要求
B12: Device.Ethernet.Interface.{i}.IPv4Address.{i}.DefaultGateway | C12: DefaultGateway | D12: WAN 接口的默认网关 | E12: A | F12: / | G12: / | H12: RW | I12: string(15) | J12: / | K12: TR系列规范(TR098/TR181)/NRM数据配置要求
B13: Device.Ethernet.Interface.{i}.IPv4Address.{i}.SubnetMask | C13: SubnetMask | D13: WAN 接口的子网掩码 | E13: A | F13: / | G13: / | H13: RW | I13: string | J13: / | K13: TR系列规范(TR098/TR181)/NRM数据配置要求
B14: Device.Ethernet.Interface.{i}.IPv4Address.{i}.AddressingType | C14: AddressingType | D14: 外部IP 地址方法 | E14: A | F14: / | G14: / | H14: RW | I14: string | J14: "DHCP","Static" | K14: TR系列规范(TR098/TR181)/NRM数据配置要求
B15: Device.Ethernet.Interface.{i}.IPv4Address.{i}.PortType | C15: PortType | D15: 端口类型 | E15: A | F15: AS | G15: PortType | H15: R | I15: string | J15: （Ng, Xn, Ng/Xn, S1, X2, S1/X2, F1, E1, OAM,IR,other） | K15: NRM数据配置要求 | L15: 描述对应IPv4地址的作用
B16: Device.Ethernet.Interface.{i}.IPv6Address.{i}.IPAddress | C16: IPAddress | D16: IPv6 地址 | E16: A | F16: AS | G16: IpAddressList/LocIpv6AddrList | H16: RW | I16: string(64) | J16: / | K16: TR系列规范(TR098/TR181)/NRM数据配置要求
B17: Device.Ethernet.Interface.{i}.IPv6Address.{i}.PrefixLength | C17: PrefixLength | D17: 前缀长度 | E17: A | F17: / | G17: / | H17: RW | I17: unsignedInt[1:128] | J17: /
B18: Device.Ethernet.Interface.{i}.IPv6Address.{i}.Origin | C18: Origin | D18: 外部IP 来源 | E18: A | F18: / | G18: / | H18: RW | I18: string | J18: "DHCPv6","Static" | K18: TR系列规范(TR098/TR181)/NRM数据配置要求
B19: Device.Ethernet.Interface.{i}.IPv6Address.{i}.PortType | C19: PortType | D19: 端口类型 | E19: A | F19: AS | G19: PortType | H19: R | I19: string | J19: （Ng, Xn, Ng/Xn, S1, X2, S1/X2, F1, E1, OAM,other） | K19: NRM数据配置要求 | L19: 描述对应IP地址的作用
B20: Device.Ethernet.Interface.{i}.IPv6Address.{i}.DefaultGateway | C20: DefaultGateway | D20: WAN 接口的默认网关 | E20: A | F20: / | G20: / | H20: RW | I20: string(64) | J20: / | K20: TR系列规范(TR098/TR181)/NRM数据配置要求
A21: vlan子接口配置参数管理 | B21: Device.Ethernet.Interface.{i}.VlanInterface.{i}.Name | C21: Name | D21: vlan子接口名称 | E21: A | F21: / | G21: / | H21: RW | I21: string | J21: vlan子接口名称
B22: Device.Ethernet.Interface.{i}.VlanInterface.{i}.Id | C22: Id | D22: Vlan Id | E22: A | F22: / | G22: / | H22: RW | I22: interger | J22: vlan id
B23: Device.Ethernet.Interface.{i}.VlanInterface.{i}.Enable | C23: Enable | D23: 启用或禁用该接口 | E23: A | F23: AS | G23: AdministrativeState | H23: RW | I23: boolean | J23: (false:0,true:1)
B24: Device.Ethernet.Interface.{i}.VlanInterface.{i}.IPv4Address.{i}.IPAddress | C24: IPAddress | D24: IP 地址 | E24: A | F24: AS | G24: IpAddressList/LocIpAddrList | H24: RW | I24: string(15) | J24: /
B25: Device.Ethernet.Interface.{i}.VlanInterface.{i}.IPv4Address.{i}.SubnetMask | C25: SubnetMask | D25: vlan子接口的子网掩码 | E25: A | F25: / | G25: / | H25: RW | I25: string | J25: /
B26: Device.Ethernet.Interface.{i}.VlanInterface.{i}.IPv4Address.{i}.AddressingType | C26: AddressingType | D26: 外部IP 地址方法 | E26: A | F26: / | G26: / | H26: RW | I26: string | J26: "DHCP","Static"
B27: Device.Ethernet.Interface.{i}.VlanInterface.{i}.IPv4Address.{i}.DefaultGateway | C27: DefaultGateway | D27: vlan子接口的默认网关 | E27: A | F27: / | G27: / | H27: RW | I27: string(15) | J27: /
B28: Device.Ethernet.Interface.{i}.VlanInterface.{i}.IPv4Address.{i}.PortType | C28: PortType | D28: 端口类型 | E28: A | F28: AS | G28: PortType | H28: R | I28: string | J28: （Ng, Xn, Ng/Xn, S1, X2, S1/X2, F1, E1, OAM,IR,other） | K28: NRM数据配置要求 | L28: 描述对应IPv4地址的作用
B29: Device.Ethernet.Interface.{i}.VlanInterface.{i}.IPv6Address.{i}.IPAddress | C29: IPAddress | D29: IPv6 地址 | E29: A | F29: AS | G29: IpAddressList/LocIpv6AddrList | H29: RW | I29: string(64) | J29: / | K29: TR系列规范(TR098/TR181)/NRM数据配置要求
B30: Device.Ethernet.Interface.{i}.VlanInterface.{i}.IPv6Address.{i}.PrefixLength | C30: PrefixLength | D30: 前缀长度 | E30: A | F30: / | G30: / | H30: RW | I30: unsignedInt[1:128] | J30: /
B31: Device.Ethernet.Interface.{i}.VlanInterface.{i}.IPv6Address.{i}.Origin | C31: Origin | D31: 外部IP 来源 | E31: A | F31: / | G31: / | H31: RW | I31: string | J31: "DHCPv6","Static" | K31: TR系列规范(TR098/TR181)/NRM数据配置要求
B32: Device.Ethernet.Interface.{i}.VlanInterface.{i}.IPv6Address.{i}.DefaultGateway | C32: DefaultGateway | D32: vlan子接口的默认网关 | E32: A | F32: / | G32: / | H32: RW | I32: string(64) | J32: /
B33: Device.Ethernet.Interface.{i}.VlanInterface.{i}.IPv6Address.{i}.PortType | C33: PortType | D33: 端口类型 | E33: A | F33: AS | G33: PortType | H33: R | I33: string | J33: （Ng, Xn, Ng/Xn, S1, X2, S1/X2, F1, E1, IR,other） | K33: NRM数据配置要求 | L33: 描述对应IP地址的作用
A34: 本地路由配置参数管理 | B34: Device.Ethernet.IpRoute.{i}.IpVer | C34: IpVer | D34: IP地址版本 | E34: B | F34: / | G34: / | H34: RW | I34: unsignedInt[1:2] | J34: 1:IPv4 2:IPv6
B35: Device.Ethernet.IpRoute.{i}.DstIpNetwork | C35: DstIpNetwork | D35: 目的网段 | E35: B | F35: / | G35: / | H35: RW | I35: string(64) | J35: /
B36: Device.Ethernet.IpRoute.{i}.PrefixLength | C36: PrefixLength | D36: 前缀长度 | E36: B | F36: / | G36: / | H36: RW | I36: unsignedInt[0:128] | J36: /
B37: Device.Ethernet.IpRoute.{i}.GatewayIpAddress | C37: GatewayIpAddress | D37: 网关地址 | E37: B | F37: / | G37: / | H37: RW | I37: string(64) | J37: /
B38: Device.Ethernet.IpRoute.{i}.InterfaceName | C38: InterfaceName | D38: 端口名称 | E38: B | F38: / | G38: / | H38: RW | I38: string | J38: 端口名称

Sheet SP
A1: 归类 | B1: 网管数据模型(TR181) | C1: 参数名称 | D1: 中文名 | E1: 重要性 | F1: 北向Index | G1: 北向NRM参数映射 | H1: 网管读写权限 | I1: 类型 | J1: 描述 | K1: 来源 | L1: 备注
A2: 时间服务器参数管理 | B2: Device.Time.Enable | C2: Enable | D2: NTP使能开关 | E2: A | F2: / | G2: / | H2: RW | I2: boolean | J2: (0:false,true:1) | K2: TR系列规范(TR098/TR181)
B3: Device.Time.NTPServer1 | C3: NTPServer1 | D3: NTP服务器1 | E3: A | H3: RW | I3: string(64) | J3: / | K3: TR系列规范(TR098/TR181)
B4: Device.Time.NTPServer2 | C4: NTPServer2 | D4: NTP服务器2 | E4: A | H4: RW | I4: string(64) | J4: / | K4: TR系列规范(TR098/TR181)
B5: Device.Time.NTPServer3 | C5: NTPServer3 | D5: NTP服务器3 | E5: CA | H5: RW | I5: string(64) | J5: / | K5: TR系列规范(TR098/TR181)
B6: Device.Time.NTPServer4 | C6: NTPServer4 | D6: NTP服务器4 | E6: CA | H6: RW | I6: string(64) | J6: / | K6: TR系列规范(TR098/TR181)
B7: Device.Time.NTPServer5 | C7: NTPServer5 | D7: NTP服务器5 | E7: CA | H7: RW | I7: string(64) | J7: / | K7: TR系列规范(TR098/TR181)
B8: Device.Time.CurrentLocalTime | C8: CurrentLocalTime | D8: 本地时间 | E8: A | H8: R | I8: dateTime | J8: 上报设备的UTC时间。格式yyyy-mm-ddThh:mm:ssZ；如2020-12-11T19:15:00Z，精确到秒。 | K8: TR系列规范(TR098/TR181) | L8: 参考TR系列规范(TR181/TR098)规范修改为只读
B9: Device.Time.LocalTimeZoneName | C9: LocalTimeZoneName | D9: 本地时区 | E9: A | H9: RW | I9: string(64) | J9: IEEE 1003.1(POSIX）格式的时区字符串,格式如下： std offset[dst[offset][,start[/time],end[/time]]] 字符串不包含空格，方括号[]包含的内容可省略。 std：标准时区名称，至少要包含3个字母，大小写均可。如果名称包含除字母以外的字符，需要用<>包含。 offset：标准时区偏移，格式为[+|-]hh[:mm[:ss]]，符号+可省略。。符号+表示时区时间偏移比UTC时间提前，符号-表示时区时间偏移比标准时间推后。 dst：夏时令名称，格式和标准时区名称一致。 offset：夏时令偏移，格式和标准时区偏移一致。 start：夏时令起始日期，格式如下： Jn J是固定开头，表示Julian Days(儒略日)，n是一个1~365的整数，对应一年中的第n天。这种记法不区分闰年和平年，所以59表示2月29日，60表示3月1日。 n n是一个0~365的整数，这种记法需要考虑到闰年的2月29日。 Mm.w.d M是固定开头。d是一个0~6的整数，表示一周中的第几天，第一天是周天；w是一个1~5的整数，表示一个月中的第几周；m是一个1~12的数字，表示一年中的第几个月。 time：夏时令起始时间，以本地时区时间为准，格式和标准时区偏移一致。 end：夏时令结束日期，格式与夏时令起始日期一致。 time：夏时令结束时间，格式和标准时区偏移一致。 当配置夏时令时，可以省略一些参数去使用默认值，以下是各可选配置的默认值： dst：如果不设置，则时区没有夏时令，比如：CST-8； offset：夏时令偏移，默认值为标准时区偏移值减去一个小时； start：夏时令起始日期，默认值为M3.2.0； time：夏时令起始时间，默认值为2（即凌晨2点，+02:00）； end：夏时令结束日期，默认值为M11.1.0； time：夏时令结束时间，默认为2（即凌晨2点，+02:00）。 比如，以下时区： EST+5EDT,M4.1.0/2,M11.1.0/2 表示本地时区的名称为EST，时区时间的偏移为+5，则本地时间是UTC时间再减去5个小时。时区设置了夏时制规则，夏时令名称为EDT，夏时令在每年的4月份的第一周的周天的凌晨2:00:00（本地时间）开始生效，在每年的11月份第一周周天凌晨2:00:00结束，夏令时的时间偏移没有设置，默认为(+5-1)=+4，所以夏时令的时间为UTC时间减去4个小时。 比如，东八区的时间设置： CST-8 表示本地时区的名称为CST，时区时间的偏移为-8，则本地时间是UTC时间再加上8个小时，且本时区没有配置夏时令。 | K9: TR系列规范(TR098/TR181) | L9: 参照官网数据模型（TR098）的定义实现，使用IEEE 1003.1(POSIX）格式的时区字符串。

Sheet SQ
A1: 归类 | B1: 网管数据模型(TR181) | C1: 参数名称 | D1: 中文名 | E1: 重要性 | F1: 北向Index | G1: 北向NRM参数映射 | H1: 网管读写权限 | I1: 类型 | J1: 描述 | K1: 来源 | L1: 备注
A2: GPS 经纬度信息 | B2: Device.FAP.GPS.LockedLatitude | C2: LockedLatitude | D2: 纬度 | E2: CB | F2: AA | G2: Latitude | H2: R | I2: int[-90000000:90000000] | J2: / | K2: TR系列规范(TR098/TR181/TR262)
B3: Device.FAP.GPS.LockedLongitude | C3: LockedLongitude | D3: 经度 | E3: CB | F3: AA | G3: Longitude | H3: R | I3: int[-180000000:180000000] | J3: / | K3: TR系列规范(TR098/TR181/TR262)
B4: Device.FAP.GPS.NumberOfSatellites | C4: NumberOfSatellites | D4: 星个数 | E4: CB | F4: / | G4: / | H4: R | I4: unsignedInt | J4: / | K4: TR系列规范(TR098/TR181/TR262)

Sheet SR
A1: 归类 | B1: 网管数据模型(TR181) | C1: 参数名称 | D1: 中文名 | E1: 重要性 | F1: 北向index | G1: 北向NRM参数映射 | H1: 网管读写权限 | I1: 类型 | J1: 描述 | K1: 来源 | L1: 备注
A2: MR参数管理 | B2: Device.FAP.MRMgmt.Config.{i}.UserLabel | C2: UserLabel | D2: 用户友好名 | E2: A | F2: AA | G2: UserLabel | H2: RW | I2: string | J2: 字段必须与OMC系统内配置资源名称保持一致。且要求UserLabel与告警、性能数据中同一资源对象使用的网元用户友好名保持一致，即用户有好名在OMC内部以及北向接口交互过程中全局唯一。OMC系统内配置资源命名建议参考《中国移动网络资源命名规范-无线分册》，基站命名要求。默认不填写为空字符串 | K2: 5G SA gNB网元统计数据需求规范-NRM(V1.4.2)
B3: Device.FAP.MRMgmt.Config.{i}.MrEnable | C3: MrEnable | D3: MR开关 | E3: B | F3: / | G3: / | H3: RW | I3: boolean | J3: 开启或关闭NanoCell基站周期性上传MR数据文件到指定文件服务器的能力，(0=false,1=true)。 | K3: 南向接口规范
B4: Device.FAP.MRMgmt.Config.{i}.MrUrl | C4: MrUrl | D4: Url地址 | E4: B | H4: RW | I4: string(256) | J4: MRUrl详细说明了目标文件位置。该参数只用于详细描述目标文件位置，不用于指示任何要上载的本地文件的名字和位置 | L4: 根据《中国移动Nanocell基站设备网络管理南向接口技术规范v1.3.0》修正参数为MrUrl
B5: Device.FAP.MRMgmt.Config.{i}.MrUsername | C5: MrUsername | D5: 用户名 | E5: B | H5: RW | I5: string(256) | J5: 用户名用于NanoCell基站到文件服务器的鉴权，如果不需要鉴权，此字符串为空
B6: Device.FAP.MRMgmt.Config.{i}.MrPassword | C6: MrPassword | D6: 密码 | E6: B | H6: RW | I6: string(256) | J6: 密码用于 NanoCell基站到文件服务器的鉴权，如果不需要鉴权，此字符串为空当为读时，该参数返回一个空字符串，而不是一个实际的值。
B7: Device.FAP.MRMgmt.Config.{i}.MeasureType | C7: MeasureType | D7: MR文件类型 | E7: B | H7: RW | I7: string | J7: MR文件类型，可以选择一种或多种，如开启多种测量类型，需要“,”进行分隔（{MRO,MRE,MRS}）
B8: Device.FAP.MRMgmt.Config.{i}.OmcName | C8: OmcName | D8: OMC-R名称 | E8: B | H8: RW | I8: string | J8: OMC-R名称，用与基站生成的MR文件命名 | L8: 根据《中国移动Nanocell基站设备网络管理南向接口技术规范v1.3.0》修正参数为OmcName
B9: Device.FAP.MRMgmt.Config.{i}.MRNCGIList | C9: MRNCGIList | D9: MR小区列表 | E9: B | H9: RW | I9: string | J9: NCGI列表，表示哪些小区需要执行MR任务 all代表基站下所有小区都采集,NCGI由PLMN和NCI组成，PLMN与NCI之间使用“-”分割，NCGI之间使用“,”分割，例如，“46000-107909121，46000-107909122”
B10: Device.FAP.MRMgmt.Config.{i}.SamplePeriod | C10: SamplePeriod | D10: MR采样周期 | E10: B | H10: RW | I10: unsignedInt | J10: MR采样周期（[2048,5120,10240,60000,360000,720000,1800000,3600000],(单位毫秒)
B11: Device.FAP.MRMgmt.Config.{i}.UploadPeriod | C11: UploadPeriod | D11: MR采集周期 | E11: B | H11: RW | I11: unsignedInt | J11: MR采集周期[1:] (1及1的倍数，单位分钟)
B12: Device.FAP.MRMgmt.Config.{i}.SampleBeginTime | C12: SampleBeginTime | D12: 绝对时间参考 | E12: B | H12: RW | I12: dateTime | J12: 是UTC中的一个绝对时间参考，用于决定NanoCell基站何时开始测量任务，当任务开始后，将周期文件上载;参考时间，或未知的时间，值定义为0001-01-01T00:00:00Z，表明没有指定精确的时间参考。
B13: Device.FAP.MRMgmt.Config.{i}.SampleEndTime | C13: SampleEndTime | D13: 绝对时间参考 | E13: B | H13: RW | I13: dateTime | J13: 是UTC中的一个绝对时间参考，用于决定NanoCell基站何时结束测量任务，当结束后将不再上载MR文件;参考时间，或未知的时间，值定义为0001-01-01T00:00:00Z，表明没有指定精确的时间参考
B14: Device.FAP.MRMgmt.Config.{i}.PrbNum | C14: PrbNum | D14: 子帧的PRB | E14: B | H14: RW | I14: string | J14: 需要开启接收干扰功率测量的上行子帧的PRB索引。可以选择273个PRB中的任意多个，例如{0..7,50,273}表示选择0号到7号，50号及273号共10个位置上的PRB，其中”..”表示连续区间，“,”表示分隔;{0,1,2,…273}
B15: Device.FAP.MRMgmt.Config.{i}.SubFrameNum | C15: SubFrameNum | D15: 子帧数 | E15: B | H15: RW | I15: string | J15: 需要开启接收干扰功率测量的上行子帧。如选择多个，需要用“,”进行分隔；{2,3,4,7,8,9}
B16: Device.FAP.MRMgmt.Config.{i}.MeasureItems | C16: MeasureItems | D16: 测量项 | E16: B | H16: RW | I16: string | J16: all代表所有测量项都采集，取值范围"MR.NRScArfcn,MR.NRScPci,MR.NRScSSRSRP,MR.NRScSSRSRQ,MR.NRScSSSINR,MR.NRScTadv,MR.NRScPHR,MR.hAOA,MR.vAOA,MR.NRUEPlrUL,MR.NRUEPlrDL,MR.NRNcArfcn,MR.NRNcPci,MR.NRNcSSRSRP,MR.NRNcSSRSRQ,MR.NRNcSSSINR,MR.LteNcEarfcn,MR.LteNcPci,MR.LteNcRSRP,MR.LteNcRSRQ,MR.PLMN,MR.NRScSSBIndexId,MR.NRNcSSBIndexId"，多个测量项用","隔开 | L16: 根据《5G NR数字蜂窝移动通信网无线操作维护中心（OMC-R）测量报告技术要求V1.2.0》

Sheet SS
A1: 归类 | B1: 网管数据模型(TR181) | C1: 参数名称 | D1: 中文名 | E1: 重要性 | F1: 北向Index | G1: 北向PM参数映射 | H1: 网管读写权限 | I1: 类型 | J1: 描述 | K1: 来源 | L1: 备注
A2: 性能参数管理 | B2: Device.FAP.PerfMgmt.Config.{i}.Enable | C2: Enable | D2: 文件周期上传使能开关 | E2: A | F2: / | G2: / | H2: RW | I2: boolean | J2: (0=false,1=true) | K2: TR系列规范(TR098/TR181/TR262)
B3: Device.FAP.PerfMgmt.Config.{i}.Alias | C3: Alias | D3: 别名 | E3: A | F3: / | H3: RW | I3: string(64) | J3: SCMS用于识别实例 | K3: TR系列规范(TR098/TR181/TR262)
B4: Device.FAP.PerfMgmt.Config.{i}.URL | C4: URL | D4: 文件管理URL | E4: A | F4: / | H4: RW | I4: string(256) | J4: / | K4: TR系列规范(TR098/TR181/TR262)
B5: Device.FAP.PerfMgmt.Config.{i}.Username | C5: Username | D5: 文件管理用户名 | E5: A | F5: / | H5: RW | I5: string(256) | J5: / | K5: TR系列规范(TR098/TR181/TR262)
B6: Device.FAP.PerfMgmt.Config.{i}.Password | C6: Password | D6: 文件管理密码 | E6: A | F6: / | H6: RW | I6: string(256) | J6: / | K6: TR系列规范(TR098/TR181/TR262)
B7: Device.FAP.PerfMgmt.Config.{i}.PeriodicUploadInterval | C7: PeriodicUploadInterval | D7: 文件周期上传时间间隔 | E7: A | F7: / | H7: RW | I7: unsignedInt[1:65535] | J7: (300,900,1800,3600) | K7: TR系列规范(TR098/TR181/TR262)
B8: Device.FAP.PerfMgmt.Config.{i}.PeriodicUploadTime | C8: PeriodicUploadTime | D8: 文件上传时间 | E8: A | F8: / | H8: RW | I8: dateTime | J8: yyyy-mm-ddThh:mm:ss | K8: TR系列规范(TR098/TR181/TR262)
A9: 性能补采参数管理 | B9: Device.FAP.PerfMgmt.Config.{i}.ReplenishEnable | C9: ReplenishEnable | D9: 补采开关 | E9: A | F9: / | G9: / | H9: RW | I9: boolean | J9: (0=false,1=true),若该开关置为true，则设备按照补采开始时间和结束时间进行性能文件重新上报操作。 当重新上报完成之后，该开关置为false
B10: Device.FAP.PerfMgmt.Config.{i}.ReplenishStartTime | C10: ReplenishStartTime | D10: 补采开始时间 | E10: A | F10: / | H10: RW | I10: dateTime | J10: 本参数指定需要重新上传的性能数据文件的开始采集时间。举例说明：若OMC发现2021-05-01 10:15:00至2021-05-01 10:45:00的性能文件缺失，当前处于+8时区，该参数取值为：“2021-05-01T02:15:00Z”
B11: Device.FAP.PerfMgmt.Config.{i}.ReplenishEndTime | C11: ReplenishEndTime | D11: 补采结束时间 | E11: A | F11: / | H11: RW | I11: dateTime | J11: 本参数指定需要重新上传的性能数据文件的结束采集时间。举例说明：若OMC发现2021-05-01 10:15:00至2021-05-01 10:45:00的性能文件缺失，当前处于+8时区，该参数取值为：“2021-05-01T02:45:00Z”

Sheet ST
A1: 归类 | B1: 网管数据模型(TR181) | C1: 参数名称 | D1: 中文名 | E1: 重要性 | F1: 北向index | G1: 北向NRM参数映射 | H1: 网管读写权限 | I1: 类型 | J1: 描述 | K1: 来源 | L1: 备注
A2: 软采参数管理 | B2: Device.FAP.SCMgmt.Config.{i}.SCEnable | C2: SCEnable | D2: 软采功能开关 | E2: A | F2: / | G2: / | H2: RW | I2: boolean | J2: 开启或关闭SmallCell基站上传软采数据到指定服务器的能力，(0=false,1=true)。 | K2: 信令软采设备规范-Small Cell NR分册
B3: Device.FAP.SCMgmt.Config.{i}.SCIPAddress | C3: SCIPAddress | D3: 软采服务器IP地址 | E3: A | H3: RW | I3: string(64) | J3: SCIPAddress详细说明了目标服务器位置。该参数只用于详细描述目标服务器位置。 | K3: 信令软采设备规范-Small Cell NR分册
B4: Device.FAP.SCMgmt.Config.{i}.SCPort | C4: SCPort | D4: 软采服务器端口 | E4: A | H4: RW | I4: string | J4: 软采服务器数据采集端口 | K4: 信令软采设备规范-Small Cell NR分册
B5: Device.FAP.SCMgmt.Config.{i}.SCLoginID | C5: SCLoginID | D5: 软采链路认证ID | E5: A | H5: RW | I5: string(256) | J5: SCLoginID用于登录SC服务器 | K5: 信令软采设备规范-Small Cell NR分册
B6: Device.FAP.SCMgmt.Config.{i}.SCPassword | C6: SCPassword | D6: 密码 | E6: A | H6: RW | I6: string(256) | J6: 密码用于 SmallCell基站到服务器的鉴权，如果不需要鉴权，此字符串为空当为读时，该参数返回一个空字符串，而不是一个实际的值。 | K6: 信令软采设备规范-Small Cell NR分册
B7: Device.FAP.SCMgmt.Config.{i}.SCNCGIList | C7: SCNCGIList | D7: 软采开关小区列表 | E7: A | H7: RW | I7: string | J7: NCGI列表，表示哪些小区需要上报软采，需要","进行分隔。例如，“46000-107909121，46000-107909122” | K7: 信令软采设备规范-Small Cell NR分册
B8: Device.FAP.SCMgmt.Config.{i}.SCGID | C8: SCGID | D8: 网管编号 | E8: A | H8: R | I8: string | J8: IF0接口的网关编号 | K8: SDTP协议
A9: 软采对等网元采集模式 | B9: Device.FAP.SCMgmt.Config.{i}.P2PNEMode | C9: P2PNEMode | D9: 对等网元采集模式 | E9: A | F9: / | G9: / | H9: RW | I9: unsignedInt[0:2] | J9: 对等网元接口指X2、Xn、E1、F1等接口，若对等网元均采集输出接口数据，存在触发端和被触发的数据重复的现象。(0=触发端,1=被触发端,2=触发端和被触发端都上报)。 | K9: 信令软采设备规范-Small Cell NR分册
A10: Uu-extend参数采集周期 | B10: Device.FAP.SCMgmt.Config.{i}.SamplePeriod | C10: SamplePeriod | D10: SC采样周期 | E10: A | F10: / | G10: / | H10: RW | I10: unsignedInt | J10: SC采集周期，可以选择一种（{1024ms, 2048ms, 5120ms, 10000ms, 60000ms, 360000ms}）。 | K10: 信令软采设备规范-Small Cell NR分册
A11: 软采采集用户配置策略 | B11: Device.FAP.SCMgmt.Config.{i}.MaxUEs | C11: MaxUEs | D11: SC采集最大UE数 | E11: A | F11: / | G11: / | H11: RW | I11: unsignedInt | J11: 采集最大用户数 | K11: 信令软采设备规范-Small Cell NR分册
A12: 采集时间配置策略 | B12: Device.FAP.SCMgmt.Config.{i}.SCSamplingTimeType | C12: SCSamplingTimeType | D12: 软采采集时间类型 | E12: A | F12: / | G12: / | H12: RW | I12: unsignedInt[0:2] | J12: 信令采集时间类型,0：连续软采；1：周期软采；2：同时支持连续和周期的采集时间 | K12: 信令软采设备规范-Small Cell NR分册
B13: Device.FAP.SCMgmt.Config.{i}.SCSamplingBeginTime | C13: SCSamplingBeginTime | D13: 连续软采开始时间 | E13: A | H13: RW | I13: dateTime | J13: 是UTC中的一个绝对时间参考，用于决定NanoCell基站何时开始信令软采任务，当任务开始后，根据使能开关上报信令软采;参考时间，或未知的时间，值定义为0001-01-01T00:00:00Z，表明没有指定精确的时间参考。 | K13: 信令软采设备规范-Small Cell NR分册
B14: Device.FAP.SCMgmt.Config.{i}.SCSamplingEndTime | C14: SCSamplingEndTime | D14: 连续软采结束时间 | E14: A | H14: RW | I14: dateTime | J14: 是UTC中的一个绝对时间参考，用于决定NanoCell基站何时停止信令软采任务，当任务停止后，停止上报信令软采;参考时间，或未知的时间，值定义为0001-01-01T00:00:01Z，表明没有指定精确的时间参考。 | K14: 信令软采设备规范-Small Cell NR分册
B15: Device.FAP.SCMgmt.Config.{i}.SCDatePeriod | C15: SCDatePeriod | D15: 周期软采起止日期 | E15: A | H15: RW | I15: string | J15: 年/月/日-年/月/日,如: 2020/11/3-2020/11/5 | K15: 信令软采设备规范-Small Cell NR分册
B16: Device.FAP.SCMgmt.Config.{i}.SCTimePeriod1 | C16: SCTimePeriod1 | D16: 周期软采起止时间1 | E16: A | H16: RW | I16: string | J16: 时:分:秒-时:分:秒,如: 07:20:00-08:20:00 | K16: 信令软采设备规范-Small Cell NR分册
B17: Device.FAP.SCMgmt.Config.{i}.SCTimePeriod2 | C17: SCTimePeriod2 | D17: 周期软采起止时间2 | E17: A | H17: RW | I17: string | J17: 时:分:秒-时:分:秒,如: 07:20:00-08:20:00 | K17: 信令软采设备规范-Small Cell NR分册
B18: Device.FAP.SCMgmt.Config.{i}.SCTimePeriod3 | C18: SCTimePeriod3 | D18: 周期软采起止时间3 | E18: A | H18: RW | I18: string | J18: 时:分:秒-时:分:秒,如: 07:20:00-08:20:00 | K18: 信令软采设备规范-Small Cell NR分册
B19: Device.FAP.SCMgmt.Config.{i}.SCTimePeriod4 | C19: SCTimePeriod4 | D19: 周期软采起止时间4 | E19: A | H19: RW | I19: string | J19: 时:分:秒-时:分:秒,如: 07:20:00-08:20:00 | K19: 信令软采设备规范-Small Cell NR分册
B20: Device.FAP.SCMgmt.Config.{i}.SCTimePeriod5 | C20: SCTimePeriod5 | D20: 周期软采起止时间5 | E20: A | H20: RW | I20: string | J20: 时:分:秒-时:分:秒,如: 07:20:00-08:20:00 | K20: 信令软采设备规范-Small Cell NR分册
A21: Uu口采集配置策略 | B21: Device.FAP.SCMgmt.Config.{i}.UuEnable | C21: UuEnable | D21: Uu口软采开关 | E21: A | F21: / | G21: / | H21: RW | I21: boolean | J21: 开启或关闭SmallCell基站上传Uu口软采数据到指定服务器的能力，(0=false,1=true)。 | K21: 信令软采设备规范-Small Cell NR分册
B22: Device.FAP.SCMgmt.Config.{i}.UuAllEnable | C22: UuAllEnable | D22: Uu口软采开启所有信令消息 | E22: A | H22: RW | I22: boolean | J22: Uu口所有信令都采集的策略，仅标识采集配置策略，不标识采集开启。(0=false,1=true)。 | K22: 信令软采设备规范-Small Cell NR分册
B23: Device.FAP.SCMgmt.Config.{i}.UuRRCSetupRequestEnable | C23: UuRRCSetupRequestEnable | D23: UuRRCSetupRequest信令软采开关 | E23: A | H23: RW | I23: boolean | J23: Uu口RRCSetupRequest信令采集的策略，仅标识采集配置策略，不标识采集开启。(0=false,1=true)。 | K23: 信令软采设备规范-Small Cell NR分册
B24: Device.FAP.SCMgmt.Config.{i}.UuRRCSetupEnable | C24: UuRRCSetupEnable | D24: UuRRCSetup信令软采开关 | E24: A | H24: RW | I24: boolean | J24: Uu口RRCSetup信令采集的策略，仅标识采集配置策略，不标识采集开启。(0=false,1=true)。 | K24: 信令软采设备规范-Small Cell NR分册
B25: Device.FAP.SCMgmt.Config.{i}.UuRRCSetupCompleteEnable | C25: UuRRCSetupCompleteEnable | D25: UuRRCSetupComplete信令软采开关 | E25: A | H25: RW | I25: boolean | J25: Uu口RRCSetupComplete信令采集的策略，仅标识采集配置策略，不标识采集开启。(0=false,1=true)。 | K25: 信令软采设备规范-Small Cell NR分册
B26: Device.FAP.SCMgmt.Config.{i}.UuRRCRejectEnable | C26: UuRRCRejectEnable | D26: UuRRCReject信令软采开关 | E26: A | H26: RW | I26: boolean | J26: Uu口RRCReject信令采集的策略，仅标识采集配置策略，不标识采集开启。(0=false,1=true)。 | K26: 信令软采设备规范-Small Cell NR分册
B27: Device.FAP.SCMgmt.Config.{i}.UuSecurityModeCommandEnable | C27: UuSecurityModeCommandEnable | D27: UuSecurityModeCommand信令软采开关 | E27: A | H27: RW | I27: boolean | J27: Uu口SecurityModeCommand信令采集的策略，仅标识采集配置策略，不标识采集开启。(0=false,1=true)。 | K27: 信令软采设备规范-Small Cell NR分册
B28: Device.FAP.SCMgmt.Config.{i}.UuSecurityModeCompleteEnable | C28: UuSecurityModeCompleteEnable | D28: UuSecurityModeComplete信令软采开关 | E28: A | H28: RW | I28: boolean | J28: Uu口SecurityModeComplete信令采集的策略，仅标识采集配置策略，不标识采集开启。(0=false,1=true)。 | K28: 信令软采设备规范-Small Cell NR分册
B29: Device.FAP.SCMgmt.Config.{i}.UuSecurityModeFailureEnable | C29: UuSecurityModeFailureEnable | D29: UuSecurityModeFailure信令软采开关 | E29: A | H29: RW | I29: boolean | J29: Uu口SecurityMode Failure信令采集的策略，仅标识采集配置策略，不标识采集开启。(0=false,1=true)。 | K29: 信令软采设备规范-Small Cell NR分册
B30: Device.FAP.SCMgmt.Config.{i}.UuRRCReconfigurationEnable | C30: UuRRCReconfigurationEnable | D30: UuRRCReconfiguration信令软采开关 | E30: A | H30: RW | I30: boolean | J30: Uu口RRCReconfiguration信令采集的策略，仅标识采集配置策略，不标识采集开启。(0=false,1=true)。 | K30: 信令软采设备规范-Small Cell NR分册
B31: Device.FAP.SCMgmt.Config.{i}.UuRRCReconfigurationCompleteEnable | C31: UuRRCReconfigurationCompleteEnable | D31: UuRRCReconfiguration Complete信令软采开关 | E31: A | H31: RW | I31: boolean | J31: Uu口RRCReconfigurationComplete信令采集的策略，仅标识采集配置策略，不标识采集开启。(0=false,1=true)。 | K31: 信令软采设备规范-Small Cell NR分册
B32: Device.FAP.SCMgmt.Config.{i}.UuCounterCheckEnable | C32: UuCounterCheckEnable | D32: UuCounterCheck信令软采开关 | E32: A | H32: RW | I32: boolean | J32: Uu口CounterCheck信令采集的策略，仅标识采集配置策略，不标识采集开启。(0=false,1=true)。 | K32: 信令软采设备规范-Small Cell NR分册
B33: Device.FAP.SCMgmt.Config.{i}.UuCounterCheckResponseEnable | C33: UuCounterCheckResponseEnable | D33: UuCounterCheckResponse信令软采开关 | E33: A | H33: RW | I33: boolean | J33: Uu口CounterCheckResponse信令采集的策略，仅标识采集配置策略，不标识采集开启。(0=false,1=true)。 | K33: 信令软采设备规范-Small Cell NR分册
... B49: Device.FAP.SCMgmt.Config.{i}.UuUEAssistanceInformationEnable | C49: UuUEAssistanceInformationEnable | D49: UuUEAssistanceInformation信令软采开关 | E49: A | H49: RW | I49: boolean | J49: Uu口UEAssistanceInformation信令采集的策略，仅标识采集配置策略，不标识采集开启。(0=false,1=true)。 | K49: 信令软采设备规范-Small Cell NR分册
A50: X2口采集配置策略 | B50: Device.FAP.SCMgmt.Config.{i}.X2Enable | C50: X2Enable | D50: X2口软采开关 | E50: A | F50: / | G50: / | H50: RW | I50: boolean | J50: 开启或关闭SmallCell基站上传X2口软采数据到指定服务器的能力，(0=false,1=true)。 | K50: 信令软采设备规范-Small Cell NR分册
B51: Device.FAP.SCMgmt.Config.{i}.X2AllEnable | C51: X2AllEnable | D51: X2口软采开启所有信令消息 | E51: A | H51: RW | I51: boolean | J51: X2口所有信令都采集的策略，仅标识采集配置策略，不标识采集开启。(0=false,1=true)。 | K51: 信令软采设备规范-Small Cell NR分册
B52: Device.FAP.SCMgmt.Config.{i}.X2EN-DCX2SETUPREQUESTEnable | C52: X2EN-DCX2SETUPREQUESTEnable | D52: X2EN-DCX2SETUPREQUEST信令软采开关 | E52: A | H52: RW | I52: boolean | J52: X2口EN-DCX2SETUPREQUEST信令采集的策略，仅标识采集配置策略，不标识采集开启。(0=false,1=true)。 | K52: 信令软采设备规范-Small Cell NR分册
B53: Device.FAP.SCMgmt.Config.{i}.X2EN-DCX2SETUPRESPONSEEnable | C53: X2EN-DCX2SETUPRESPONSEEnable | D53: X2EN-DCX2SETUPRESPONSE信令软采开关 | E53: A | H53: RW | I53: boolean | J53: X2口EN-DCX2SETUPRESPONSE信令采集的策略，仅标识采集配置策略，不标识采集开启。(0=false,1=true)。 | K53: 信令软采设备规范-Small Cell NR分册
B54: Device.FAP.SCMgmt.Config.{i}.X2EN-DCX2SETUPFAILUREEnable | C54: X2EN-DCX2SETUPFAILUREEnable | D54: X2EN-DCX2SETUPFAILURE信令软采开关 | E54: A | H54: RW | I54: boolean | J54: X2口EN-DCX2SETUPFAILURE信令采集的策略，仅标识采集配置策略，不标识采集开启。(0=false,1=true)。 | K54: 信令软采设备规范-Small Cell NR分册
B55: Device.FAP.SCMgmt.Config.{i}.X2EN-DCCONFIGURATIONUPDATEEnable | C55: X2EN-DCCONFIGURATIONUPDATEEnable | D55: X2EN-DCCONFIGURATIONUPDATE信令软采开关 | E55: A | H55: RW | I55: boolean | J55: X2口EN-DCCONFIGURATIONUPDATE信令采集的策略，仅标识采集配置策略，不标识采集开启。(0=false,1=true)。 | K55: 信令软采设备规范-Small Cell NR分册
B56: Device.FAP.SCMgmt.Config.{i}.X2EN-DCCONFIGURATIONUPDATEACKNOWLEDGEEnable | C56: X2EN-DCCONFIGURATIONUPDATEACKNOWLEDGEEnable | D56: X2EN-DCCONFIGURATIONUPDATEACKNOWLEDGE信令软采开关 | E56: A | H56: RW | I56: boolean | J56: X2口EN-DCCONFIGURATIONUPDATEACKNOWLEDGE信令采集的策略，仅标识采集配置策略，不标识采集开启。(0=false,1=true)。 | K56: 信令软采设备规范-Small Cell NR分册
B57: Device.FAP.SCMgmt.Config.{i}.X2EN-DCCONFIGURATIONUPDATEFAILUREEnable | C57: X2EN-DCCONFIGURATIONUPDATEFAILUREEnable | D57: X2EN-DCCONFIGURATIONUPDATEFAILURE信令软采开关 | E57: A | H57: RW | I57: boolean | J57: X2口EN-DCCONFIGURATIONUPDATEFAILURE信令采集的策略，仅标识采集配置策略，不标识采集开启。(0=false,1=true)。 | K57: 信令软采设备规范-Small Cell NR分册
B58: Device.FAP.SCMgmt.Config.{i}.X2EN-DCCELLACTIVATIONREQUESTEnable | C58: X2EN-DCCELLACTIVATIONREQUESTEnable | D58: X2EN-DCCELLACTIVATIONREQUEST信令软采开关 | E58: A | H58: RW | I58: boolean | J58: X2口EN-DCCELLACTIVATIONREQUEST信令采集的策略，仅标识采集配置策略，不标识采集开启。(0=false,1=true)。 | K58: 信令软采设备规范-Small Cell NR分册
B59: Device.FAP.SCMgmt.Config.{i}.X2EN-DCCELLACTIVATIONRESPONSEEnable | C59: X2EN-DCCELLACTIVATIONRESPONSEEnable | D59: X2EN-DCCELLACTIVATIONRESPONSE信令软采开关 | E59: A | H59: RW | I59: boolean | J59: X2口EN-DCCELLACTIVATIONRESPONSE信令采集的策略，仅标识采集配置策略，不标识采集开启。(0=false,1=true)。 | K59: 信令软采设备规范-Small Cell NR分册
B60: Device.FAP.SCMgmt.Config.{i}.X2EN-DCCELLACTIVATIONFAILUREEnable | C60: X2EN-DCCELLACTIVATIONFAILUREEnable | D60: X2EN-DCCELLACTIVATIONFAILURE信令软采开关 | E60: A | H60: RW | I60: boolean | J60: X2口EN-DCCELLACTIVATIONFAILURE信令采集的策略，仅标识采集配置策略，不标识采集开启。(0=false,1=true)。 | K60: 信令软采设备规范-Small Cell NR分册
B61: Device.FAP.SCMgmt.Config.{i}.X2SGNBADDITIONREQUESTEnable | C61: X2SGNBADDITIONREQUESTEnable | D61: X2SGNBADDITIONREQUEST信令软采开关 | E61: A | H61: RW | I61: boolean | J61: X2口SGNBADDITIONREQUEST信令采集的策略，仅标识采集配置策略，不标识采集开启。(0=false,1=true)。 | K61: 信令软采设备规范-Small Cell NR分册
B62: Device.FAP.SCMgmt.Config.{i}.X2SGNBADDITIONREQUESTACKNOWLEDGEEnable | C62: X2SGNBADDITIONREQUESTACKNOWLEDGEEnable | D62: X2SGNBADDITIONREQUESTACKNOWLEDGE信令软采开关 | E62: A | H62: RW | I62: boolean | J62: X2口SGNBADDITIONREQUESTACKNOWLEDGE信令采集的策略，仅标识采集配置策略，不标识采集开启。(0=false,1=true)。 | K62: 信令软采设备规范-Small Cell NR分册
... B86: Device.FAP.SCMgmt.Config.{i}.X2SGNBACTIVITYNOTIFICATIONEnable | C86: X2SGNBACTIVITYNOTIFICATIONEnable | D86: X2SGNBACTIVITYNOTIFICATION信令软采开关 | E86: A | H86: RW | I86: boolean | J86: X2口SGNBACTIVITYNOTIFICATIONEnable信令采集的策略，仅标识采集配置策略，不标识采集开启。(0=false,1=true)。 | K86: 信令软采设备规范-Small Cell NR分册
A87: Xn口采集配置策略 | B87: Device.FAP.SCMgmt.Config.{i}.XnEnable | C87: XnEnable | D87: Xn口软采开关 | E87: A | F87: / | G87: / | H87: RW | I87: boolean | J87: 开启或关闭SmallCell基站上传Xn口软采数据到指定服务器的能力，(0=false,1=true)。 | K87: 信令软采设备规范-Small Cell NR分册
B88: Device.FAP.SCMgmt.Config.{i}.XnAllEnable | C88: XnAllEnable | D88: Xn口软采开启所有信令消息 | E88: A | H88: RW | I88: boolean | J88: Xn口所有信令都采集的策略，仅标识采集配置策略，不标识采集开启。(0=false,1=true)。 | K88: 信令软采设备规范-Small Cell NR分册
B89: Device.FAP.SCMgmt.Config.{i}.XnHANDOVERREQUESTEnable | C89: XnHANDOVERREQUESTEnable | D89: XnHANDOVERREQUEST信令软采开关 | E89: A | H89: RW | I89: boolean | J89: Xn口HANDOVERREQUEST信令采集的策略，仅标识采集配置策略，不标识采集开启。(0=false,1=true)。 | K89: 信令软采设备规范-Small Cell NR分册
B90: Device.FAP.SCMgmt.Config.{i}.XnHANDOVERREQUESTACKNOWLEDGEEnable | C90: XnHANDOVERREQUESTACKNOWLEDGEEnable | D90: XnHANDOVERREQUESTACKNOWLEDGE信令软采开关 | E90: A | H90: RW | I90: boolean | J90: Xn口HANDOVERREQUESTACKNOWLEDGE信令采集的策略，仅标识采集配置策略，不标识采集开启。(0=false,1=true)。 | K90: 信令软采设备规范-Small Cell NR分册
B91: Device.FAP.SCMgmt.Config.{i}.XnHANDOVERPREPARATIONFAILUREEnable | C91: XnHANDOVERPREPARATIONFAILUREEnable | D91: XnHANDOVERPREPARATIONFAILURE信令软采开关 | E91: A | H91: RW | I91: boolean | J91: Xn口HANDOVERPREPARATIONFAILURE信令采集的策略，仅标识采集配置策略，不标识采集开启。(0=false,1=true)。 | K91: 信令软采设备规范-Small Cell NR分册
B92: Device.FAP.SCMgmt.Config.{i}.XnSNSTATUSTRANSFEREnable | C92: XnSNSTATUSTRANSFEREnable | D92: XnSNSTATUSTRANSFER信令软采开关 | E92: A | H92: RW | I92: boolean | J92: Xn口SNSTATUSTRANSFER信令采集的策略，仅标识采集配置策略，不标识采集开启。(0=false,1=true)。 | K92: 信令软采设备规范-Small Cell NR分册
B93: Device.FAP.SCMgmt.Config.{i}.XnHANDOVERCANCELEnable | C93: XnHANDOVERCANCELEnable | D93: XnHANDOVERCANCEL信令软采开关 | E93: A | H93: RW | I93: boolean | J93: Xn口HANDOVERCANCEL信令采集的策略，仅标识采集配置策略，不标识采集开启。(0=false,1=true)。 | K93: 信令软采设备规范-Small Cell NR分册
B94: Device.FAP.SCMgmt.Config.{i}.XnRETRIEVEUECONTEXTREQUESTEnable | C94: XnRETRIEVEUECONTEXTREQUESTEnable | D94: XnRETRIEVEUECONTEXTREQUEST信令软采开关 | E94: A | H94: RW | I94: boolean | J94: Xn口RETRIEVEUECONTEXTREQUEST信令采集的策略，仅标识采集配置策略，不标识采集开启。(0=false,1=true)。 | K94: 信令软采设备规范-Small Cell NR分册
B95: Device.FAP.SCMgmt.Config.{i}.XnRETRIEVEUECONTEXTRESPONSEEnable | C95: XnRETRIEVEUECONTEXTRESPONSEEnable | D95: XnRETRIEVEUECONTEXTRESPONSE信令软采开关 | E95: A | H95: RW | I95: boolean | J95: Xn口RETRIEVEUECONTEXTRESPONSE信令采集的策略，仅标识采集配置策略，不标识采集开启。(0=false,1=true)。 | K95: 信令软采设备规范-Small Cell NR分册
B96: Device.FAP.SCMgmt.Config.{i}.XnRETRIEVEUECONTEXTFAILUREEnable | C96: XnRETRIEVEUECONTEXTFAILUREEnable | D96: XnRETRIEVEUECONTEXTFAILURE信令软采开关 | E96: A | H96: RW | I96: boolean | J96: Xn口RETRIEVEUECONTEXTFAILURE信令采集的策略，仅标识采集配置策略，不标识采集开启。(0=false,1=true)。 | K96: 信令软采设备规范-Small Cell NR分册
B97: Device.FAP.SCMgmt.Config.{i}.XnRANPAGINGEnable | C97: XnRANPAGINGEnable | D97: XnRANPAGING信令软采开关 | E97: A | H97: RW | I97: boolean | J97: Xn口RANPAGING信令采集的策略，仅标识采集配置策略，不标识采集开启。(0=false,1=true)。 | K97: 信令软采设备规范-Small Cell NR分册
B98: Device.FAP.SCMgmt.Config.{i}.XnUADDRESSINDICATIONEnable | C98: XnUADDRESSINDICATIONEnable | D98: XnUADDRESSINDICATIONEnable信令软采开关 | E98: A | H98: RW | I98: boolean | J98: Xn口UADDRESSINDICATIONEnable信令采集的策略，仅标识采集配置策略，不标识采集开启。(0=false,1=true)。 | K98: 信令软采设备规范-Small Cell NR分册
B99: Device.FAP.SCMgmt.Config.{i}.XnUEContextReleaseEnable | C99: XnUEContextReleaseEnable | D99: XnUEContextRelease信令软采开关 | E99: A | H99: RW | I99: boolean | J99: Xn口UEContextRelease信令采集的策略，仅标识采集配置策略，不标识采集开启。(0=false,1=true)。 | K99: 信令软采设备规范-Small Cell NR分册
... B138: Device.FAP.SCMgmt.Config.{i}.XnXNREMOVALFAILUREEnable | C138: XnXNREMOVALFAILUREEnable | D138: XnXNREMOVALFAILURE信令软采开关 | E138: A | H138: RW | I138: boolean | J138: Xn口XNREMOVALFAILURE信令采集的策略，仅标识采集配置策略，不标识采集开启。(0=false,1=true)。 | K138: 信令软采设备规范-Small Cell NR分册
A139: Uu-extend口采集配置策略 | B139: Device.FAP.SCMgmt.Config.{i}.UuExtendEnable | C139: UuExtendEnable | D139: Uu-Extend口软采开关 | E139: A | F139: / | G139: / | H139: RW | I139: boolean | J139: 开启或关闭SmallCell基站上传Uu-extend口软采数据到指定服务器的能力，(0=false,1=true)。 | K139: 信令软采设备规范-Small Cell NR分册
B140: Device.FAP.SCMgmt.Config.{i}.UuExtendAllEnable | C140: UuExtendAllEnable | D140: Uu-Extend口软采开启所有信令消息 | E140: A | H140: RW | I140: boolean | J140: Uu-extend口所有信令都采集的策略，仅标识采集配置策略，不标识采集开启。(0=false,1=true)。 | K140: 信令软采设备规范-Small Cell NR分册
B141: Device.FAP.SCMgmt.Config.{i}.UuExtendPHREnable | C141: UuExtendPHREnable | D141: Uu-ExtendPHR信令软采开关 | E141: A | H141: RW | I141: boolean | J141: Uu-extend口PHR的策略，仅标识采集配置策略，不标识采集开启。(0=false,1=true)。 | K141: 信令软采设备规范-Small Cell NR分册
B142: Device.FAP.SCMgmt.Config.{i}.UuExtendULSINREnable | C142: UuExtendULSINREnable | D142: Uu-ExtendULSINR信令软采开关 | E142: A | H142: RW | I142: boolean | J142: Uu-extend口ULSINR的策略，仅标识采集配置策略，不标识采集开启。(0=false,1=true)。 | K142: 信令软采设备规范-Small Cell NR分册
B143: Device.FAP.SCMgmt.Config.{i}.UuExtendTAEnable | C143: UuExtendTAEnable | D143: Uu-ExtendTA信令软采开关 | E143: A | H143: RW | I143: boolean | J143: Uu-extend口TA的策略，仅标识采集配置策略，不标识采集开启。(0=false,1=true)。 | K143: 信令软采设备规范-Small Cell NR分册
B144: Device.FAP.SCMgmt.Config.{i}.UuExtendCQIEnable | C144: UuExtendCQIEnable | D144: Uu-ExtendCQI信令软采开关 | E144: A | H144: RW | I144: boolean | J144: Uu-extend口CQI的策略，仅标识采集配置策略，不标识采集开启。(0=false,1=true)。 | K144: 信令软采设备规范-Small Cell NR分册
B145: Device.FAP.SCMgmt.Config.{i}.UuExtendgNBReceivedInterfereEnable | C145: UuExtendgNBReceivedInterfereEnable | D145: Uu-ExtendgNBReceivedInterfere信令软采开关 | E145: A | H145: RW | I145: boolean | J145: Uu-extend口gNBReceivedInterfere的策略，仅标识采集配置策略，不标识采集开启。(0=false,1=true)。 | K145: 信令软采设备规范-Small Cell NR分册
B146: Device.FAP.SCMgmt.Config.{i}.UuExtendDtchPrbAssnUlEnable | C146: UuExtendDtchPrbAssnUlEnable | D146: Uu-ExtendDtchPrbAssnUl信令软采开关 | E146: A | H146: RW | I146: boolean | J146: Uu-extend口DtchPrbAssnUl的策略，仅标识采集配置策略，不标识采集开启。(0=false,1=true)。 | K146: 信令软采设备规范-Small Cell NR分册
B147: Device.FAP.SCMgmt.Config.{i}.UuExtendDtchPrbTotUlEnable | C147: UuExtendDtchPrbTotUlEnable | D147: Uu-ExtendDtchPrbTotUl信令软采开关 | E147: A | H147: RW | I147: boolean | J147: Uu-extend口DtchPrbTotUl的策略，仅标识采集配置策略，不标识采集开启。(0=false,1=true)。 | K147: 信令软采设备规范-Small Cell NR分册
B148: Device.FAP.SCMgmt.Config.{i}.UuExtendDtchPrbAssnDlEnable | C148: UuExtendDtchPrbAssnDlEnable | D148: Uu-ExtendDtchPrbAssnDl信令软采开关 | E148: A | H148: RW | I148: boolean | J148: Uu-extend口DtchPrbAssnDl的策略，仅标识采集配置策略，不标识采集开启。(0=false,1=true)。 | K148: 信令软采设备规范-Small Cell NR分册
B149: Device.FAP.SCMgmt.Config.{i}.UuExtendDtchPrbTotDlEnable | C149: UuExtendDtchPrbTotDlEnable | D149: Uu-ExtendDtchPrbTotDl信令软采开关 | E149: A | H149: RW | I149: boolean | J149: Uu-extend口DtchPrbTotDl的策略，仅标识采集配置策略，不标识采集开启。(0=false,1=true)。 | K149: 信令软采设备规范-Small Cell NR分册

Sheet 多实例参数Object个数读写属性
A1: 归类 | B1: 网管数据模型(TR181) | C1: 中文名称 | D1: 网管读写权限 | E1: 描述 | F1: 来源 | G1: 备注
A2: 多实例Object个数读写属性 | B2: Device.DeviceInfo.MU.{i} | C2: MU实例节点 | D2: RW | E2: 添加实例，由基站端上报，不由SCMS下发。 基站端网元离线后，SCMS可以下发指令删除实例 | F2: TR系列规范(TR098/TR181/TR069/TR196)协议
B3: Device.DeviceInfo.MU.{i}.Slot.{i} | C3: Slot实例节点 | D3: R | F3: TR系列规范(TR098/TR181/TR069/TR196)协议
B4: Device.DeviceInfo.MU.{i}.Slot.{i}.EU.{i} | C4: EU实例节点 | D4: RW | E4: 添加实例，由基站端上报，不由SCMS下发。 基站端网元离线后，SCMS可以下发指令删除实例 | F4: TR系列规范(TR098/TR181/TR069/TR196)协议
B5: Device.DeviceInfo.MU.{i}.Slot.{i}.EU.{i}.RU.{i} | C5: RU实例节点 | D5: RW | E5: 添加实例，由基站端上报，不由SCMS下发。 基站端网元离线后，SCMS可以下发指令删除实例 | F5: TR系列规范(TR098/TR181/TR069/TR196)协议
B6: Device.FaultMgmt.SupportedAlarm.{i} | C6: 支持告警实例节点 | D6: R | F6: TR系列规范(TR098/TR181/TR069/TR196)协议
B7: Device.FaultMgmt.CurrentAlarm.{i}. | C7: 当前告警实例节点 | D7: R | F7: TR系列规范(TR098/TR181/TR069/TR196)协议
B8: Device.FaultMgmt.HistoryEvent.{i}. | C8: 历史告警实例节点 | D8: R | F8: TR系列规范(TR098/TR181/TR069/TR196)协议
B9: Device.FaultMgmt.ExpeditedEvent.{i}. | C9: 实时告警实例节点 | D9: R | F9: TR系列规范(TR098/TR181/TR069/TR196)协议
B10: Device.FaultMgmt.QueuedEvent.{i} | C10: 队列告警实例节点 | D10: R | F10: TR系列规范(TR098/TR181/TR069/TR196)协议
B11: Device.FAP.MRMgmt.Config.{i}. | C11: MR实例节点 | D11: RW | F11: TR系列规范(TR098/TR181/TR069/TR196)协议
B12: Device.FAP.PerfMgmt.Config.{i}. | C12: PM实例节点 | D12: RW | F12: TR系列规范(TR098/TR181/TR069/TR196)协议
B13: Device.Services.FAPService.{i}. | C13: FAPService实例节点 | D13: R | F13: TR系列规范(TR098/TR181/TR069/TR196)协议
B14: Device.Services.FAPService.{i}.FAPControl.NR.AMFPoolConfigParam.{i}. | C14: AMFPool实例节点 | D14: RW | F14: TR系列规范(TR098/TR181/TR069/TR196)协议
B15: Device.Services.FAPService.{i}.FAPControl.NR.AMFPoolConfigParam.{i}.GUAMI.{i} | C15: GUAMI实例节点 | D15: R | F15: TR系列规范(TR098/TR181/TR069/TR196)协议
B16: Device.Services.FAPService.{i}.FAPControl.NR.XnIpAddrMapInfo.{i}. | C16: Xn实例节点 | D16: RW | F16: TR系列规范(TR098/TR181/TR069/TR196)协议
B17: Device.Services.FAPService.{i}.FAPControl.LocalBreakout.IpRules.RuleList.{i}. | C17: 本地分流IP规则RuleList实例节点 | D17: RW | F17: TR系列规范(TR098/TR181/TR069/TR196)协议
... B56: Device.Ethernet.IpRoute.{i}. | C56: EthernetIP接口路由实例节点 | D56: RW | F56: TR系列规范(TR098/TR181/TR069/TR196)协议
B57: Device.FAP.SCMgmt.Config.{i}. | C57: 软采规则实例节点 | D57: R
A58: 多载波数据模型备注

Sheet 北向资源映射
A1: 管理对象类 | B1: 备注 | C1: 包含关系上级类 | D1: 皮基站ID 建议 | E1: 备注
A2: ManagedElement | B2: 网元 | C2: SubNetwork | D2: Device.Services.FAPService.{i}.FAPControl.NR.RAN.Common.gNBId
A3: InventoryUnitRack | B3: 机架 | C3: ManagedElement | D3: Device.Services.FAPService.{i}.FAPControl.NR.RAN.Common.gNBId+ Device.DeviceInfo.MU.{i}.UserLabel
A4: InventoryUnitShelf | B4: 机框 | C4: InventoryUnitRack | D4: 否
A5: InventoryUnitPack | B5: 板卡 | C5: InventoryUnitShelf | D5: 否
A6: InventoryUnitRru | B6: 射频拉远单元 | C6: ManagedElement | D6: Device.Services.FAPService.{i}.FAPControl.NR.RAN.Common.gNBId+ Device.DeviceInfo.MU.{i}.Slot.{i}.EU.{i}.RU.{i}.SerialNumber
A7: GNBCUUPFunction | B7: GNB CUUP功能 | C7: ManagedElement | D7: Device.Services.FAPService.{i}.FAPControl.NR.RAN.Common.gNBId
A8: GNBCUCPFunction | B8: GNB CUCP功能 | C8: ManagedElement | D8: Device.Services.FAPService.{i}.CellConfig.{i}.NR.RAN.Drx.{i}.PLMNList.{i}.PLMNID+Device.Services.FAPService.{i}.FAPControl.NR.RAN.Common.gNBId
A9: NRCellCU | B9: NR小区CU功能 | C9: GNBCUCPFunction | D9: NCGI Device.Services.FAPService.{i}.FAPControl.NR.RAN.Common.gNBId+Device.Services.FAPService.{i}.CellConfig.{i}.NR.CN.TA.{i}.NrcellIdentity
A10: NRRelation | B10: NR邻区关系 | C10: NRCellCU | D10: Device.Services.FAPService.{i}.CellConfig.{i}.NR.RAN.NeighborList.NRCell.{i}.CID
A11: EutranRelation | B11: LTE邻区关系 | C11: NRCellCU | D11: Device.Services.FAPService.{i}.CellConfig.{i}.NR.RAN.NeighborList.LTECell.{i}.CID
A12: NRCellMeasConfig | B12: NR小区测量配置参数 | C12: NRCellCU | D12: Device.FAP.MRMgmt.Config.{i}.UserLabel
A13: GNBDUFunction | B13: GNB DU功能 | C13: ManagedElement | D13: Device.Services.FAPService.{i}.CellConfig.{i}.NR.CN.TA.{i}.NrcellIdentity
... A32: InventoryExtendUnit | B32: 扩展单元 | C32: ManagedElement | D32: Device.Services.FAPService.{i}.FAPControl.NR.RAN.Common.gNBId+ Device.DeviceInfo.MU.{i}.Slot.{i}.EU.{i}.SerialNumber
